2026-01-04 02:50:51.077 [main] INFO  Application - MongoDB connected to database: guardianx
2026-01-04 02:50:52.300 [main] INFO  Application - Application started in 22.509 seconds.
2026-01-04 02:50:58.133 [main] INFO  Application - Responding at http://127.0.0.1:8080
2026-01-04 02:51:41.208 [eventLoopGroupProxy-4-2] INFO  io.ktor.server.plugins.cors.CORS - GET /health: Start handler
2026-01-04 02:51:41.211 [eventLoopGroupProxy-4-2] INFO  io.ktor.server.plugins.cors.CORS - GET /health: Skip CORS handler because request lacks the Origin header
2026-01-04 02:51:41.494 [eventLoopGroupProxy-4-2] INFO  Application - HTTP GET /health -> 200 OK
2026-01-04 02:51:41.668 [eventLoopGroupProxy-4-2] INFO  io.ktor.server.plugins.cors.CORS - GET /favicon.ico: Start handler
2026-01-04 02:51:41.669 [eventLoopGroupProxy-4-2] INFO  io.ktor.server.plugins.cors.CORS - GET /favicon.ico: Skip CORS handler because request lacks the Origin header
2026-01-04 02:51:41.742 [eventLoopGroupProxy-4-2] ERROR Application - Unhandled exception
java.lang.IllegalStateException: Serializing collections of different element types is not yet supported. Selected serializers: [kotlin.Boolean, kotlin.String]
	at io.ktor.serialization.kotlinx.SerializerLookupKt.elementSerializer(SerializerLookup.kt:64)
	at io.ktor.serialization.kotlinx.SerializerLookupKt.guessSerializer(SerializerLookup.kt:48)
	at io.ktor.serialization.kotlinx.KotlinxSerializationConverter.serialize(KotlinxSerializationConverter.kt:55)
	at io.ktor.server.plugins.contentnegotiation.ResponseConverterKt$convertResponseBody$1$2.invokeSuspend(ResponseConverter.kt:66)
	at io.ktor.server.plugins.contentnegotiation.ResponseConverterKt$convertResponseBody$1$2.invoke(ResponseConverter.kt)
	at io.ktor.server.plugins.contentnegotiation.ResponseConverterKt$convertResponseBody$1$2.invoke(ResponseConverter.kt)
	at io.ktor.server.application.OnCallRespondContext.transformBody(KtorCallContexts.kt:102)
	at io.ktor.server.plugins.contentnegotiation.ResponseConverterKt$convertResponseBody$1.invokeSuspend(ResponseConverter.kt:39)
	at io.ktor.server.plugins.contentnegotiation.ResponseConverterKt$convertResponseBody$1.invoke(ResponseConverter.kt)
	at io.ktor.server.plugins.contentnegotiation.ResponseConverterKt$convertResponseBody$1.invoke(ResponseConverter.kt)
	at io.ktor.server.application.PluginBuilder$onDefaultPhase$1.invokeSuspend(PluginBuilder.kt:245)
	at io.ktor.server.application.PluginBuilder$onDefaultPhase$1.invoke(PluginBuilder.kt)
	at io.ktor.server.application.PluginBuilder$onDefaultPhase$1.invoke(PluginBuilder.kt)
	at io.ktor.server.application.PluginBuilder$onDefaultPhaseWithMessage$1$1$1.invokeSuspend(PluginBuilder.kt:228)
	at io.ktor.server.application.PluginBuilder$onDefaultPhaseWithMessage$1$1$1.invoke(PluginBuilder.kt)
	at io.ktor.server.application.PluginBuilder$onDefaultPhaseWithMessage$1$1$1.invoke(PluginBuilder.kt)
	at io.ktor.util.debug.ContextUtilsKt.addToContextInDebugMode(ContextUtils.kt:34)
	at io.ktor.server.application.PluginBuilder$onDefaultPhaseWithMessage$1$1.invokeSuspend(PluginBuilder.kt:224)
	at io.ktor.server.application.PluginBuilder$onDefaultPhaseWithMessage$1$1.invoke(PluginBuilder.kt)
	at io.ktor.server.application.PluginBuilder$onDefaultPhaseWithMessage$1$1.invoke(PluginBuilder.kt)
	at io.ktor.util.pipeline.DebugPipelineContext.proceedLoop(DebugPipelineContext.kt:79)
	at io.ktor.util.pipeline.DebugPipelineContext.proceed(DebugPipelineContext.kt:57)
	at io.ktor.util.pipeline.DebugPipelineContext.execute$ktor_utils(DebugPipelineContext.kt:63)
	at io.ktor.util.pipeline.Pipeline.execute(Pipeline.kt:92)
	at io.ktor.server.application.PipelineCall.respond$suspendImpl(PipelineCall.kt:132)
	at io.ktor.server.application.PipelineCall.respond(PipelineCall.kt)
	at io.ktor.server.engine.BaseApplicationCall.respond(BaseApplicationCall.kt:16)
	at org.example.project.plugins.StatusPagesKt$configureStatusPages$1$4.invokeSuspend(StatusPages.kt:67)
	at org.example.project.plugins.StatusPagesKt$configureStatusPages$1$4.invoke(StatusPages.kt)
	at org.example.project.plugins.StatusPagesKt$configureStatusPages$1$4.invoke(StatusPages.kt)
	at io.ktor.server.plugins.statuspages.StatusPagesConfig$status$1$1.invokeSuspend(StatusPages.kt:175)
	at io.ktor.server.plugins.statuspages.StatusPagesConfig$status$1$1.invoke(StatusPages.kt)
	at io.ktor.server.plugins.statuspages.StatusPagesConfig$status$1$1.invoke(StatusPages.kt)
	at io.ktor.server.plugins.statuspages.StatusPagesKt$StatusPages$2$1.invokeSuspend(StatusPages.kt:80)
	at io.ktor.server.plugins.statuspages.StatusPagesKt$StatusPages$2$1.invoke(StatusPages.kt)
	at io.ktor.server.plugins.statuspages.StatusPagesKt$StatusPages$2$1.invoke(StatusPages.kt)
	at io.ktor.server.application.hooks.ResponseBodyReadyForSend$install$1.invokeSuspend(CommonHooks.kt:114)
	at io.ktor.server.application.hooks.ResponseBodyReadyForSend$install$1.invoke(CommonHooks.kt)
	at io.ktor.server.application.hooks.ResponseBodyReadyForSend$install$1.invoke(CommonHooks.kt)
	at io.ktor.util.pipeline.DebugPipelineContext.proceedLoop(DebugPipelineContext.kt:79)
	at io.ktor.util.pipeline.DebugPipelineContext.proceed(DebugPipelineContext.kt:57)
	at io.ktor.util.pipeline.DebugPipelineContext.proceedWith(DebugPipelineContext.kt:42)
	at io.ktor.server.engine.DefaultTransformKt$installDefaultTransformations$1.invokeSuspend(DefaultTransform.kt:31)
	at io.ktor.server.engine.DefaultTransformKt$installDefaultTransformations$1.invoke(DefaultTransform.kt)
	at io.ktor.server.engine.DefaultTransformKt$installDefaultTransformations$1.invoke(DefaultTransform.kt)
	at io.ktor.util.pipeline.DebugPipelineContext.proceedLoop(DebugPipelineContext.kt:79)
	at io.ktor.util.pipeline.DebugPipelineContext.proceed(DebugPipelineContext.kt:57)
	at io.ktor.util.pipeline.DebugPipelineContext.execute$ktor_utils(DebugPipelineContext.kt:63)
	at io.ktor.util.pipeline.Pipeline.execute(Pipeline.kt:92)
	at io.ktor.server.application.PipelineCall.respond$suspendImpl(PipelineCall.kt:132)
	at io.ktor.server.application.PipelineCall.respond(PipelineCall.kt)
	at io.ktor.server.engine.BaseApplicationCall.respond(BaseApplicationCall.kt:16)
	at io.ktor.server.engine.BaseApplicationEngineKt$installDefaultInterceptors$1.invokeSuspend(BaseApplicationEngine.kt:138)
	at io.ktor.server.engine.BaseApplicationEngineKt$installDefaultInterceptors$1.invoke(BaseApplicationEngine.kt)
	at io.ktor.server.engine.BaseApplicationEngineKt$installDefaultInterceptors$1.invoke(BaseApplicationEngine.kt)
	at io.ktor.util.pipeline.DebugPipelineContext.proceedLoop(DebugPipelineContext.kt:79)
	at io.ktor.util.pipeline.DebugPipelineContext.proceed(DebugPipelineContext.kt:57)
	at io.ktor.server.engine.BaseApplicationEngineKt$installDefaultTransformationChecker$1.invokeSuspend(BaseApplicationEngine.kt:119)
	at io.ktor.server.engine.BaseApplicationEngineKt$installDefaultTransformationChecker$1.invoke(BaseApplicationEngine.kt)
	at io.ktor.server.engine.BaseApplicationEngineKt$installDefaultTransformationChecker$1.invoke(BaseApplicationEngine.kt)
	at io.ktor.util.pipeline.DebugPipelineContext.proceedLoop(DebugPipelineContext.kt:79)
	at io.ktor.util.pipeline.DebugPipelineContext.proceed(DebugPipelineContext.kt:57)
	at io.ktor.server.application.hooks.CallFailed$install$1$1.invokeSuspend(CommonHooks.kt:49)
	at io.ktor.server.application.hooks.CallFailed$install$1$1.invoke(CommonHooks.kt)
	at io.ktor.server.application.hooks.CallFailed$install$1$1.invoke(CommonHooks.kt)
	at kotlinx.coroutines.intrinsics.UndispatchedKt.startUndspatched(Undispatched.kt:66)
	at kotlinx.coroutines.intrinsics.UndispatchedKt.startUndispatchedOrReturn(Undispatched.kt:43)
	at kotlinx.coroutines.CoroutineScopeKt.coroutineScope(CoroutineScope.kt:286)
	at io.ktor.server.application.hooks.CallFailed$install$1.invokeSuspend(CommonHooks.kt:48)
	at io.ktor.server.application.hooks.CallFailed$install$1.invoke(CommonHooks.kt)
	at io.ktor.server.application.hooks.CallFailed$install$1.invoke(CommonHooks.kt)
	at io.ktor.util.pipeline.DebugPipelineContext.proceedLoop(DebugPipelineContext.kt:79)
	at io.ktor.util.pipeline.DebugPipelineContext.proceed(DebugPipelineContext.kt:57)
	at io.ktor.util.pipeline.DebugPipelineContext.execute$ktor_utils(DebugPipelineContext.kt:63)
	at io.ktor.util.pipeline.Pipeline.execute(Pipeline.kt:92)
	at io.ktor.server.engine.DefaultEnginePipelineKt$defaultEnginePipeline$1$invokeSuspend$$inlined$execute$1.invokeSuspend(Pipeline.kt:510)
	at io.ktor.server.engine.DefaultEnginePipelineKt$defaultEnginePipeline$1$invokeSuspend$$inlined$execute$1.invoke(Pipeline.kt)
	at io.ktor.server.engine.DefaultEnginePipelineKt$defaultEnginePipeline$1$invokeSuspend$$inlined$execute$1.invoke(Pipeline.kt)
	at io.ktor.util.debug.ContextUtilsKt.initContextInDebugMode(ContextUtils.kt:19)
	at io.ktor.server.engine.DefaultEnginePipelineKt$defaultEnginePipeline$1.invokeSuspend(DefaultEnginePipeline.kt:136)
	at io.ktor.server.engine.DefaultEnginePipelineKt$defaultEnginePipeline$1.invoke(DefaultEnginePipeline.kt)
	at io.ktor.server.engine.DefaultEnginePipelineKt$defaultEnginePipeline$1.invoke(DefaultEnginePipeline.kt)
	at io.ktor.util.pipeline.DebugPipelineContext.proceedLoop(DebugPipelineContext.kt:79)
	at io.ktor.util.pipeline.DebugPipelineContext.proceed(DebugPipelineContext.kt:57)
	at io.ktor.server.engine.BaseApplicationResponse$Companion$setupFallbackResponse$1.invokeSuspend(BaseApplicationResponse.kt:349)
	at io.ktor.server.engine.BaseApplicationResponse$Companion$setupFallbackResponse$1.invoke(BaseApplicationResponse.kt)
	at io.ktor.server.engine.BaseApplicationResponse$Companion$setupFallbackResponse$1.invoke(BaseApplicationResponse.kt)
	at io.ktor.util.pipeline.DebugPipelineContext.proceedLoop(DebugPipelineContext.kt:79)
	at io.ktor.util.pipeline.DebugPipelineContext.proceed(DebugPipelineContext.kt:57)
	at io.ktor.util.pipeline.DebugPipelineContext.execute$ktor_utils(DebugPipelineContext.kt:63)
	at io.ktor.util.pipeline.Pipeline.execute(Pipeline.kt:92)
	at io.ktor.server.netty.NettyApplicationCallHandler$handleRequest$1$invokeSuspend$$inlined$execute$1.invokeSuspend(Pipeline.kt:510)
	at io.ktor.server.netty.NettyApplicationCallHandler$handleRequest$1$invokeSuspend$$inlined$execute$1.invoke(Pipeline.kt)
	at io.ktor.server.netty.NettyApplicationCallHandler$handleRequest$1$invokeSuspend$$inlined$execute$1.invoke(Pipeline.kt)
	at io.ktor.util.debug.ContextUtilsKt.initContextInDebugMode(ContextUtils.kt:19)
	at io.ktor.server.netty.NettyApplicationCallHandler$handleRequest$1.invokeSuspend(NettyApplicationCallHandler.kt:140)
	at io.ktor.server.netty.NettyApplicationCallHandler$handleRequest$1.invoke(NettyApplicationCallHandler.kt)
	at io.ktor.server.netty.NettyApplicationCallHandler$handleRequest$1.invoke(NettyApplicationCallHandler.kt)
	at kotlinx.coroutines.intrinsics.UndispatchedKt.startCoroutineUndispatched(Undispatched.kt:20)
	at kotlinx.coroutines.CoroutineStart.invoke(CoroutineStart.kt:360)
	at kotlinx.coroutines.AbstractCoroutine.start(AbstractCoroutine.kt:134)
	at kotlinx.coroutines.BuildersKt__Builders_commonKt.launch(Builders.common.kt:53)
	at kotlinx.coroutines.BuildersKt.launch(Unknown Source)
	at io.ktor.server.netty.NettyApplicationCallHandler.handleRequest(NettyApplicationCallHandler.kt:41)
	at io.ktor.server.netty.NettyApplicationCallHandler.channelRead(NettyApplicationCallHandler.kt:33)
	at io.netty.channel.AbstractChannelHandlerContext.fireChannelRead(AbstractChannelHandlerContext.java:356)
	at io.netty.channel.AbstractChannelHandlerContext.lambda$fireChannelRead$2(AbstractChannelHandlerContext.java:365)
	at io.netty.util.concurrent.AbstractEventExecutor.runTask(AbstractEventExecutor.java:148)
	at io.netty.util.concurrent.AbstractEventExecutor.safeExecute(AbstractEventExecutor.java:141)
	at io.netty.util.concurrent.SingleThreadEventExecutor.runAllTasks(SingleThreadEventExecutor.java:535)
	at io.netty.channel.SingleThreadIoEventLoop.run(SingleThreadIoEventLoop.java:201)
	at io.netty.util.concurrent.SingleThreadEventExecutor$5.run(SingleThreadEventExecutor.java:1193)
	at io.netty.util.internal.ThreadExecutorMap$2.run(ThreadExecutorMap.java:74)
	at io.netty.util.concurrent.FastThreadLocalRunnable.run(FastThreadLocalRunnable.java:30)
	at java.base/java.lang.Thread.run(Thread.java:1447)
2026-01-04 02:51:41.778 [eventLoopGroupProxy-4-2] ERROR Application - 500 Internal Server Error: GET - /favicon.ico
java.lang.IllegalStateException: Serializing collections of different element types is not yet supported. Selected serializers: [kotlin.Boolean, kotlin.String]
	at io.ktor.serialization.kotlinx.SerializerLookupKt.elementSerializer(SerializerLookup.kt:64)
	at io.ktor.serialization.kotlinx.SerializerLookupKt.guessSerializer(SerializerLookup.kt:48)
	at io.ktor.serialization.kotlinx.KotlinxSerializationConverter.serialize(KotlinxSerializationConverter.kt:55)
	at io.ktor.server.plugins.contentnegotiation.ResponseConverterKt$convertResponseBody$1$2.invokeSuspend(ResponseConverter.kt:66)
	at io.ktor.server.plugins.contentnegotiation.ResponseConverterKt$convertResponseBody$1$2.invoke(ResponseConverter.kt)
	at io.ktor.server.plugins.contentnegotiation.ResponseConverterKt$convertResponseBody$1$2.invoke(ResponseConverter.kt)
	at io.ktor.server.application.OnCallRespondContext.transformBody(KtorCallContexts.kt:102)
	at io.ktor.server.plugins.contentnegotiation.ResponseConverterKt$convertResponseBody$1.invokeSuspend(ResponseConverter.kt:39)
	at io.ktor.server.plugins.contentnegotiation.ResponseConverterKt$convertResponseBody$1.invoke(ResponseConverter.kt)
	at io.ktor.server.plugins.contentnegotiation.ResponseConverterKt$convertResponseBody$1.invoke(ResponseConverter.kt)
	at io.ktor.server.application.PluginBuilder$onDefaultPhase$1.invokeSuspend(PluginBuilder.kt:245)
	at io.ktor.server.application.PluginBuilder$onDefaultPhase$1.invoke(PluginBuilder.kt)
	at io.ktor.server.application.PluginBuilder$onDefaultPhase$1.invoke(PluginBuilder.kt)
	at io.ktor.server.application.PluginBuilder$onDefaultPhaseWithMessage$1$1$1.invokeSuspend(PluginBuilder.kt:228)
	at io.ktor.server.application.PluginBuilder$onDefaultPhaseWithMessage$1$1$1.invoke(PluginBuilder.kt)
	at io.ktor.server.application.PluginBuilder$onDefaultPhaseWithMessage$1$1$1.invoke(PluginBuilder.kt)
	at io.ktor.util.debug.ContextUtilsKt.addToContextInDebugMode(ContextUtils.kt:34)
	at io.ktor.server.application.PluginBuilder$onDefaultPhaseWithMessage$1$1.invokeSuspend(PluginBuilder.kt:224)
	at io.ktor.server.application.PluginBuilder$onDefaultPhaseWithMessage$1$1.invoke(PluginBuilder.kt)
	at io.ktor.server.application.PluginBuilder$onDefaultPhaseWithMessage$1$1.invoke(PluginBuilder.kt)
	at io.ktor.util.pipeline.DebugPipelineContext.proceedLoop(DebugPipelineContext.kt:79)
	at io.ktor.util.pipeline.DebugPipelineContext.proceed(DebugPipelineContext.kt:57)
	at io.ktor.util.pipeline.DebugPipelineContext.execute$ktor_utils(DebugPipelineContext.kt:63)
	at io.ktor.util.pipeline.Pipeline.execute(Pipeline.kt:92)
	at io.ktor.server.application.PipelineCall.respond$suspendImpl(PipelineCall.kt:132)
	at io.ktor.server.application.PipelineCall.respond(PipelineCall.kt)
	at io.ktor.server.engine.BaseApplicationCall.respond(BaseApplicationCall.kt:16)
	at org.example.project.plugins.StatusPagesKt$configureStatusPages$1$3.invokeSuspend(StatusPages.kt:67)
	at org.example.project.plugins.StatusPagesKt$configureStatusPages$1$3.invoke(StatusPages.kt)
	at org.example.project.plugins.StatusPagesKt$configureStatusPages$1$3.invoke(StatusPages.kt)
	at io.ktor.server.plugins.statuspages.StatusPagesKt$StatusPages$2$2$1.invokeSuspend(StatusPages.kt:104)
	at io.ktor.server.plugins.statuspages.StatusPagesKt$StatusPages$2$2$1.invoke(StatusPages.kt)
	at io.ktor.server.plugins.statuspages.StatusPagesKt$StatusPages$2$2$1.invoke(StatusPages.kt)
	at io.ktor.server.plugins.calllogging.KtorMDCProvider$withMDCBlock$$inlined$withMDC$1.invokeSuspend(MDCEntryUtils.kt:22)
	at io.ktor.server.plugins.calllogging.KtorMDCProvider$withMDCBlock$$inlined$withMDC$1.invoke(MDCEntryUtils.kt)
	at io.ktor.server.plugins.calllogging.KtorMDCProvider$withMDCBlock$$inlined$withMDC$1.invoke(MDCEntryUtils.kt)
	at kotlinx.coroutines.intrinsics.UndispatchedKt.startUndspatched(Undispatched.kt:66)
	at kotlinx.coroutines.intrinsics.UndispatchedKt.startUndispatchedOrReturn(Undispatched.kt:43)
	at kotlinx.coroutines.BuildersKt__Builders_commonKt.withContext(Builders.common.kt:165)
	at kotlinx.coroutines.BuildersKt.withContext(Unknown Source)
	at io.ktor.server.plugins.calllogging.KtorMDCProvider.withMDCBlock(MDCProvider.kt:25)
	at io.ktor.server.plugins.statuspages.StatusPagesKt$StatusPages$2$2.invokeSuspend(StatusPages.kt:102)
	at io.ktor.server.plugins.statuspages.StatusPagesKt$StatusPages$2$2.invoke(StatusPages.kt)
	at io.ktor.server.plugins.statuspages.StatusPagesKt$StatusPages$2$2.invoke(StatusPages.kt)
	at io.ktor.server.application.hooks.CallFailed$install$1.invokeSuspend(CommonHooks.kt:52)
	at io.ktor.server.application.hooks.CallFailed$install$1.invoke(CommonHooks.kt)
	at io.ktor.server.application.hooks.CallFailed$install$1.invoke(CommonHooks.kt)
	at io.ktor.util.pipeline.DebugPipelineContext.proceedLoop(DebugPipelineContext.kt:79)
	at io.ktor.util.pipeline.DebugPipelineContext.proceed(DebugPipelineContext.kt:57)
	at io.ktor.util.pipeline.DebugPipelineContext.execute$ktor_utils(DebugPipelineContext.kt:63)
	at io.ktor.util.pipeline.Pipeline.execute(Pipeline.kt:92)
	at io.ktor.server.engine.DefaultEnginePipelineKt$defaultEnginePipeline$1$invokeSuspend$$inlined$execute$1.invokeSuspend(Pipeline.kt:510)
	at io.ktor.server.engine.DefaultEnginePipelineKt$defaultEnginePipeline$1$invokeSuspend$$inlined$execute$1.invoke(Pipeline.kt)
	at io.ktor.server.engine.DefaultEnginePipelineKt$defaultEnginePipeline$1$invokeSuspend$$inlined$execute$1.invoke(Pipeline.kt)
	at io.ktor.util.debug.ContextUtilsKt.initContextInDebugMode(ContextUtils.kt:19)
	at io.ktor.server.engine.DefaultEnginePipelineKt$defaultEnginePipeline$1.invokeSuspend(DefaultEnginePipeline.kt:136)
	at io.ktor.server.engine.DefaultEnginePipelineKt$defaultEnginePipeline$1.invoke(DefaultEnginePipeline.kt)
	at io.ktor.server.engine.DefaultEnginePipelineKt$defaultEnginePipeline$1.invoke(DefaultEnginePipeline.kt)
	at io.ktor.util.pipeline.DebugPipelineContext.proceedLoop(DebugPipelineContext.kt:79)
	at io.ktor.util.pipeline.DebugPipelineContext.proceed(DebugPipelineContext.kt:57)
	at io.ktor.server.engine.BaseApplicationResponse$Companion$setupFallbackResponse$1.invokeSuspend(BaseApplicationResponse.kt:349)
	at io.ktor.server.engine.BaseApplicationResponse$Companion$setupFallbackResponse$1.invoke(BaseApplicationResponse.kt)
	at io.ktor.server.engine.BaseApplicationResponse$Companion$setupFallbackResponse$1.invoke(BaseApplicationResponse.kt)
	at io.ktor.util.pipeline.DebugPipelineContext.proceedLoop(DebugPipelineContext.kt:79)
	at io.ktor.util.pipeline.DebugPipelineContext.proceed(DebugPipelineContext.kt:57)
	at io.ktor.util.pipeline.DebugPipelineContext.execute$ktor_utils(DebugPipelineContext.kt:63)
	at io.ktor.util.pipeline.Pipeline.execute(Pipeline.kt:92)
	at io.ktor.server.netty.NettyApplicationCallHandler$handleRequest$1$invokeSuspend$$inlined$execute$1.invokeSuspend(Pipeline.kt:510)
	at io.ktor.server.netty.NettyApplicationCallHandler$handleRequest$1$invokeSuspend$$inlined$execute$1.invoke(Pipeline.kt)
	at io.ktor.server.netty.NettyApplicationCallHandler$handleRequest$1$invokeSuspend$$inlined$execute$1.invoke(Pipeline.kt)
	at io.ktor.util.debug.ContextUtilsKt.initContextInDebugMode(ContextUtils.kt:19)
	at io.ktor.server.netty.NettyApplicationCallHandler$handleRequest$1.invokeSuspend(NettyApplicationCallHandler.kt:140)
	at io.ktor.server.netty.NettyApplicationCallHandler$handleRequest$1.invoke(NettyApplicationCallHandler.kt)
	at io.ktor.server.netty.NettyApplicationCallHandler$handleRequest$1.invoke(NettyApplicationCallHandler.kt)
	at kotlinx.coroutines.intrinsics.UndispatchedKt.startCoroutineUndispatched(Undispatched.kt:20)
	at kotlinx.coroutines.CoroutineStart.invoke(CoroutineStart.kt:360)
	at kotlinx.coroutines.AbstractCoroutine.start(AbstractCoroutine.kt:134)
	at kotlinx.coroutines.BuildersKt__Builders_commonKt.launch(Builders.common.kt:53)
	at kotlinx.coroutines.BuildersKt.launch(Unknown Source)
	at io.ktor.server.netty.NettyApplicationCallHandler.handleRequest(NettyApplicationCallHandler.kt:41)
	at io.ktor.server.netty.NettyApplicationCallHandler.channelRead(NettyApplicationCallHandler.kt:33)
	at io.netty.channel.AbstractChannelHandlerContext.fireChannelRead(AbstractChannelHandlerContext.java:356)
	at io.netty.channel.AbstractChannelHandlerContext.lambda$fireChannelRead$2(AbstractChannelHandlerContext.java:365)
	at io.netty.util.concurrent.AbstractEventExecutor.runTask(AbstractEventExecutor.java:148)
	at io.netty.util.concurrent.AbstractEventExecutor.safeExecute(AbstractEventExecutor.java:141)
	at io.netty.util.concurrent.SingleThreadEventExecutor.runAllTasks(SingleThreadEventExecutor.java:535)
	at io.netty.channel.SingleThreadIoEventLoop.run(SingleThreadIoEventLoop.java:201)
	at io.netty.util.concurrent.SingleThreadEventExecutor$5.run(SingleThreadEventExecutor.java:1193)
	at io.netty.util.internal.ThreadExecutorMap$2.run(ThreadExecutorMap.java:74)
	at io.netty.util.concurrent.FastThreadLocalRunnable.run(FastThreadLocalRunnable.java:30)
	at java.base/java.lang.Thread.run(Thread.java:1447)
2026-01-04 02:51:41.790 [eventLoopGroupProxy-4-2] INFO  Application - HTTP GET /favicon.ico -> 500 Internal Server Error
2026-01-04 12:04:19.949 [main] INFO  Application - MongoDB connected to database: guardianx
2026-01-04 12:04:20.318 [main] INFO  Application - Application started in 7.16 seconds.
2026-01-04 12:04:22.768 [main] INFO  Application - Responding at http://127.0.0.1:8080
2026-01-04 12:34:04.093 [eventLoopGroupProxy-4-1] INFO  io.ktor.server.plugins.cors.CORS - GET /health: Start handler
2026-01-04 12:34:04.096 [eventLoopGroupProxy-4-1] INFO  io.ktor.server.plugins.cors.CORS - GET /health: Skip CORS handler because request lacks the Origin header
2026-01-04 12:34:04.538 [eventLoopGroupProxy-4-1] INFO  Application - HTTP GET /health -> 200 OK
2026-01-04 12:34:04.779 [eventLoopGroupProxy-4-1] INFO  io.ktor.server.plugins.cors.CORS - GET /favicon.ico: Start handler
2026-01-04 12:34:04.780 [eventLoopGroupProxy-4-1] INFO  io.ktor.server.plugins.cors.CORS - GET /favicon.ico: Skip CORS handler because request lacks the Origin header
2026-01-04 12:34:04.861 [eventLoopGroupProxy-4-1] ERROR Application - Unhandled exception
java.lang.IllegalStateException: Serializing collections of different element types is not yet supported. Selected serializers: [kotlin.Boolean, kotlin.String]
	at io.ktor.serialization.kotlinx.SerializerLookupKt.elementSerializer(SerializerLookup.kt:64)
	at io.ktor.serialization.kotlinx.SerializerLookupKt.guessSerializer(SerializerLookup.kt:48)
	at io.ktor.serialization.kotlinx.KotlinxSerializationConverter.serialize(KotlinxSerializationConverter.kt:55)
	at io.ktor.server.plugins.contentnegotiation.ResponseConverterKt$convertResponseBody$1$2.invokeSuspend(ResponseConverter.kt:66)
	at io.ktor.server.plugins.contentnegotiation.ResponseConverterKt$convertResponseBody$1$2.invoke(ResponseConverter.kt)
	at io.ktor.server.plugins.contentnegotiation.ResponseConverterKt$convertResponseBody$1$2.invoke(ResponseConverter.kt)
	at io.ktor.server.application.OnCallRespondContext.transformBody(KtorCallContexts.kt:102)
	at io.ktor.server.plugins.contentnegotiation.ResponseConverterKt$convertResponseBody$1.invokeSuspend(ResponseConverter.kt:39)
	at io.ktor.server.plugins.contentnegotiation.ResponseConverterKt$convertResponseBody$1.invoke(ResponseConverter.kt)
	at io.ktor.server.plugins.contentnegotiation.ResponseConverterKt$convertResponseBody$1.invoke(ResponseConverter.kt)
	at io.ktor.server.application.PluginBuilder$onDefaultPhase$1.invokeSuspend(PluginBuilder.kt:245)
	at io.ktor.server.application.PluginBuilder$onDefaultPhase$1.invoke(PluginBuilder.kt)
	at io.ktor.server.application.PluginBuilder$onDefaultPhase$1.invoke(PluginBuilder.kt)
	at io.ktor.server.application.PluginBuilder$onDefaultPhaseWithMessage$1$1$1.invokeSuspend(PluginBuilder.kt:228)
	at io.ktor.server.application.PluginBuilder$onDefaultPhaseWithMessage$1$1$1.invoke(PluginBuilder.kt)
	at io.ktor.server.application.PluginBuilder$onDefaultPhaseWithMessage$1$1$1.invoke(PluginBuilder.kt)
	at io.ktor.util.debug.ContextUtilsKt.addToContextInDebugMode(ContextUtils.kt:34)
	at io.ktor.server.application.PluginBuilder$onDefaultPhaseWithMessage$1$1.invokeSuspend(PluginBuilder.kt:224)
	at io.ktor.server.application.PluginBuilder$onDefaultPhaseWithMessage$1$1.invoke(PluginBuilder.kt)
	at io.ktor.server.application.PluginBuilder$onDefaultPhaseWithMessage$1$1.invoke(PluginBuilder.kt)
	at io.ktor.util.pipeline.DebugPipelineContext.proceedLoop(DebugPipelineContext.kt:79)
	at io.ktor.util.pipeline.DebugPipelineContext.proceed(DebugPipelineContext.kt:57)
	at io.ktor.util.pipeline.DebugPipelineContext.execute$ktor_utils(DebugPipelineContext.kt:63)
	at io.ktor.util.pipeline.Pipeline.execute(Pipeline.kt:92)
	at io.ktor.server.application.PipelineCall.respond$suspendImpl(PipelineCall.kt:132)
	at io.ktor.server.application.PipelineCall.respond(PipelineCall.kt)
	at io.ktor.server.engine.BaseApplicationCall.respond(BaseApplicationCall.kt:16)
	at org.example.project.plugins.StatusPagesKt$configureStatusPages$1$4.invokeSuspend(StatusPages.kt:67)
	at org.example.project.plugins.StatusPagesKt$configureStatusPages$1$4.invoke(StatusPages.kt)
	at org.example.project.plugins.StatusPagesKt$configureStatusPages$1$4.invoke(StatusPages.kt)
	at io.ktor.server.plugins.statuspages.StatusPagesConfig$status$1$1.invokeSuspend(StatusPages.kt:175)
	at io.ktor.server.plugins.statuspages.StatusPagesConfig$status$1$1.invoke(StatusPages.kt)
	at io.ktor.server.plugins.statuspages.StatusPagesConfig$status$1$1.invoke(StatusPages.kt)
	at io.ktor.server.plugins.statuspages.StatusPagesKt$StatusPages$2$1.invokeSuspend(StatusPages.kt:80)
	at io.ktor.server.plugins.statuspages.StatusPagesKt$StatusPages$2$1.invoke(StatusPages.kt)
	at io.ktor.server.plugins.statuspages.StatusPagesKt$StatusPages$2$1.invoke(StatusPages.kt)
	at io.ktor.server.application.hooks.ResponseBodyReadyForSend$install$1.invokeSuspend(CommonHooks.kt:114)
	at io.ktor.server.application.hooks.ResponseBodyReadyForSend$install$1.invoke(CommonHooks.kt)
	at io.ktor.server.application.hooks.ResponseBodyReadyForSend$install$1.invoke(CommonHooks.kt)
	at io.ktor.util.pipeline.DebugPipelineContext.proceedLoop(DebugPipelineContext.kt:79)
	at io.ktor.util.pipeline.DebugPipelineContext.proceed(DebugPipelineContext.kt:57)
	at io.ktor.util.pipeline.DebugPipelineContext.proceedWith(DebugPipelineContext.kt:42)
	at io.ktor.server.engine.DefaultTransformKt$installDefaultTransformations$1.invokeSuspend(DefaultTransform.kt:31)
	at io.ktor.server.engine.DefaultTransformKt$installDefaultTransformations$1.invoke(DefaultTransform.kt)
	at io.ktor.server.engine.DefaultTransformKt$installDefaultTransformations$1.invoke(DefaultTransform.kt)
	at io.ktor.util.pipeline.DebugPipelineContext.proceedLoop(DebugPipelineContext.kt:79)
	at io.ktor.util.pipeline.DebugPipelineContext.proceed(DebugPipelineContext.kt:57)
	at io.ktor.util.pipeline.DebugPipelineContext.execute$ktor_utils(DebugPipelineContext.kt:63)
	at io.ktor.util.pipeline.Pipeline.execute(Pipeline.kt:92)
	at io.ktor.server.application.PipelineCall.respond$suspendImpl(PipelineCall.kt:132)
	at io.ktor.server.application.PipelineCall.respond(PipelineCall.kt)
	at io.ktor.server.engine.BaseApplicationCall.respond(BaseApplicationCall.kt:16)
	at io.ktor.server.engine.BaseApplicationEngineKt$installDefaultInterceptors$1.invokeSuspend(BaseApplicationEngine.kt:138)
	at io.ktor.server.engine.BaseApplicationEngineKt$installDefaultInterceptors$1.invoke(BaseApplicationEngine.kt)
	at io.ktor.server.engine.BaseApplicationEngineKt$installDefaultInterceptors$1.invoke(BaseApplicationEngine.kt)
	at io.ktor.util.pipeline.DebugPipelineContext.proceedLoop(DebugPipelineContext.kt:79)
	at io.ktor.util.pipeline.DebugPipelineContext.proceed(DebugPipelineContext.kt:57)
	at io.ktor.server.engine.BaseApplicationEngineKt$installDefaultTransformationChecker$1.invokeSuspend(BaseApplicationEngine.kt:119)
	at io.ktor.server.engine.BaseApplicationEngineKt$installDefaultTransformationChecker$1.invoke(BaseApplicationEngine.kt)
	at io.ktor.server.engine.BaseApplicationEngineKt$installDefaultTransformationChecker$1.invoke(BaseApplicationEngine.kt)
	at io.ktor.util.pipeline.DebugPipelineContext.proceedLoop(DebugPipelineContext.kt:79)
	at io.ktor.util.pipeline.DebugPipelineContext.proceed(DebugPipelineContext.kt:57)
	at io.ktor.server.application.hooks.CallFailed$install$1$1.invokeSuspend(CommonHooks.kt:49)
	at io.ktor.server.application.hooks.CallFailed$install$1$1.invoke(CommonHooks.kt)
	at io.ktor.server.application.hooks.CallFailed$install$1$1.invoke(CommonHooks.kt)
	at kotlinx.coroutines.intrinsics.UndispatchedKt.startUndspatched(Undispatched.kt:66)
	at kotlinx.coroutines.intrinsics.UndispatchedKt.startUndispatchedOrReturn(Undispatched.kt:43)
	at kotlinx.coroutines.CoroutineScopeKt.coroutineScope(CoroutineScope.kt:286)
	at io.ktor.server.application.hooks.CallFailed$install$1.invokeSuspend(CommonHooks.kt:48)
	at io.ktor.server.application.hooks.CallFailed$install$1.invoke(CommonHooks.kt)
	at io.ktor.server.application.hooks.CallFailed$install$1.invoke(CommonHooks.kt)
	at io.ktor.util.pipeline.DebugPipelineContext.proceedLoop(DebugPipelineContext.kt:79)
	at io.ktor.util.pipeline.DebugPipelineContext.proceed(DebugPipelineContext.kt:57)
	at io.ktor.util.pipeline.DebugPipelineContext.execute$ktor_utils(DebugPipelineContext.kt:63)
	at io.ktor.util.pipeline.Pipeline.execute(Pipeline.kt:92)
	at io.ktor.server.engine.DefaultEnginePipelineKt$defaultEnginePipeline$1$invokeSuspend$$inlined$execute$1.invokeSuspend(Pipeline.kt:510)
	at io.ktor.server.engine.DefaultEnginePipelineKt$defaultEnginePipeline$1$invokeSuspend$$inlined$execute$1.invoke(Pipeline.kt)
	at io.ktor.server.engine.DefaultEnginePipelineKt$defaultEnginePipeline$1$invokeSuspend$$inlined$execute$1.invoke(Pipeline.kt)
	at io.ktor.util.debug.ContextUtilsKt.initContextInDebugMode(ContextUtils.kt:19)
	at io.ktor.server.engine.DefaultEnginePipelineKt$defaultEnginePipeline$1.invokeSuspend(DefaultEnginePipeline.kt:136)
	at io.ktor.server.engine.DefaultEnginePipelineKt$defaultEnginePipeline$1.invoke(DefaultEnginePipeline.kt)
	at io.ktor.server.engine.DefaultEnginePipelineKt$defaultEnginePipeline$1.invoke(DefaultEnginePipeline.kt)
	at io.ktor.util.pipeline.DebugPipelineContext.proceedLoop(DebugPipelineContext.kt:79)
	at io.ktor.util.pipeline.DebugPipelineContext.proceed(DebugPipelineContext.kt:57)
	at io.ktor.server.engine.BaseApplicationResponse$Companion$setupFallbackResponse$1.invokeSuspend(BaseApplicationResponse.kt:349)
	at io.ktor.server.engine.BaseApplicationResponse$Companion$setupFallbackResponse$1.invoke(BaseApplicationResponse.kt)
	at io.ktor.server.engine.BaseApplicationResponse$Companion$setupFallbackResponse$1.invoke(BaseApplicationResponse.kt)
	at io.ktor.util.pipeline.DebugPipelineContext.proceedLoop(DebugPipelineContext.kt:79)
	at io.ktor.util.pipeline.DebugPipelineContext.proceed(DebugPipelineContext.kt:57)
	at io.ktor.util.pipeline.DebugPipelineContext.execute$ktor_utils(DebugPipelineContext.kt:63)
	at io.ktor.util.pipeline.Pipeline.execute(Pipeline.kt:92)
	at io.ktor.server.netty.NettyApplicationCallHandler$handleRequest$1$invokeSuspend$$inlined$execute$1.invokeSuspend(Pipeline.kt:510)
	at io.ktor.server.netty.NettyApplicationCallHandler$handleRequest$1$invokeSuspend$$inlined$execute$1.invoke(Pipeline.kt)
	at io.ktor.server.netty.NettyApplicationCallHandler$handleRequest$1$invokeSuspend$$inlined$execute$1.invoke(Pipeline.kt)
	at io.ktor.util.debug.ContextUtilsKt.initContextInDebugMode(ContextUtils.kt:19)
	at io.ktor.server.netty.NettyApplicationCallHandler$handleRequest$1.invokeSuspend(NettyApplicationCallHandler.kt:140)
	at io.ktor.server.netty.NettyApplicationCallHandler$handleRequest$1.invoke(NettyApplicationCallHandler.kt)
	at io.ktor.server.netty.NettyApplicationCallHandler$handleRequest$1.invoke(NettyApplicationCallHandler.kt)
	at kotlinx.coroutines.intrinsics.UndispatchedKt.startCoroutineUndispatched(Undispatched.kt:20)
	at kotlinx.coroutines.CoroutineStart.invoke(CoroutineStart.kt:360)
	at kotlinx.coroutines.AbstractCoroutine.start(AbstractCoroutine.kt:134)
	at kotlinx.coroutines.BuildersKt__Builders_commonKt.launch(Builders.common.kt:53)
	at kotlinx.coroutines.BuildersKt.launch(Unknown Source)
	at io.ktor.server.netty.NettyApplicationCallHandler.handleRequest(NettyApplicationCallHandler.kt:41)
	at io.ktor.server.netty.NettyApplicationCallHandler.channelRead(NettyApplicationCallHandler.kt:33)
	at io.netty.channel.AbstractChannelHandlerContext.fireChannelRead(AbstractChannelHandlerContext.java:356)
	at io.netty.channel.AbstractChannelHandlerContext.lambda$fireChannelRead$2(AbstractChannelHandlerContext.java:365)
	at io.netty.util.concurrent.AbstractEventExecutor.runTask(AbstractEventExecutor.java:148)
	at io.netty.util.concurrent.AbstractEventExecutor.safeExecute(AbstractEventExecutor.java:141)
	at io.netty.util.concurrent.SingleThreadEventExecutor.runAllTasks(SingleThreadEventExecutor.java:535)
	at io.netty.channel.SingleThreadIoEventLoop.run(SingleThreadIoEventLoop.java:201)
	at io.netty.util.concurrent.SingleThreadEventExecutor$5.run(SingleThreadEventExecutor.java:1193)
	at io.netty.util.internal.ThreadExecutorMap$2.run(ThreadExecutorMap.java:74)
	at io.netty.util.concurrent.FastThreadLocalRunnable.run(FastThreadLocalRunnable.java:30)
	at java.base/java.lang.Thread.run(Thread.java:1447)
2026-01-04 12:34:04.961 [eventLoopGroupProxy-4-1] ERROR Application - 500 Internal Server Error: GET - /favicon.ico
java.lang.IllegalStateException: Serializing collections of different element types is not yet supported. Selected serializers: [kotlin.Boolean, kotlin.String]
	at io.ktor.serialization.kotlinx.SerializerLookupKt.elementSerializer(SerializerLookup.kt:64)
	at io.ktor.serialization.kotlinx.SerializerLookupKt.guessSerializer(SerializerLookup.kt:48)
	at io.ktor.serialization.kotlinx.KotlinxSerializationConverter.serialize(KotlinxSerializationConverter.kt:55)
	at io.ktor.server.plugins.contentnegotiation.ResponseConverterKt$convertResponseBody$1$2.invokeSuspend(ResponseConverter.kt:66)
	at io.ktor.server.plugins.contentnegotiation.ResponseConverterKt$convertResponseBody$1$2.invoke(ResponseConverter.kt)
	at io.ktor.server.plugins.contentnegotiation.ResponseConverterKt$convertResponseBody$1$2.invoke(ResponseConverter.kt)
	at io.ktor.server.application.OnCallRespondContext.transformBody(KtorCallContexts.kt:102)
	at io.ktor.server.plugins.contentnegotiation.ResponseConverterKt$convertResponseBody$1.invokeSuspend(ResponseConverter.kt:39)
	at io.ktor.server.plugins.contentnegotiation.ResponseConverterKt$convertResponseBody$1.invoke(ResponseConverter.kt)
	at io.ktor.server.plugins.contentnegotiation.ResponseConverterKt$convertResponseBody$1.invoke(ResponseConverter.kt)
	at io.ktor.server.application.PluginBuilder$onDefaultPhase$1.invokeSuspend(PluginBuilder.kt:245)
	at io.ktor.server.application.PluginBuilder$onDefaultPhase$1.invoke(PluginBuilder.kt)
	at io.ktor.server.application.PluginBuilder$onDefaultPhase$1.invoke(PluginBuilder.kt)
	at io.ktor.server.application.PluginBuilder$onDefaultPhaseWithMessage$1$1$1.invokeSuspend(PluginBuilder.kt:228)
	at io.ktor.server.application.PluginBuilder$onDefaultPhaseWithMessage$1$1$1.invoke(PluginBuilder.kt)
	at io.ktor.server.application.PluginBuilder$onDefaultPhaseWithMessage$1$1$1.invoke(PluginBuilder.kt)
	at io.ktor.util.debug.ContextUtilsKt.addToContextInDebugMode(ContextUtils.kt:34)
	at io.ktor.server.application.PluginBuilder$onDefaultPhaseWithMessage$1$1.invokeSuspend(PluginBuilder.kt:224)
	at io.ktor.server.application.PluginBuilder$onDefaultPhaseWithMessage$1$1.invoke(PluginBuilder.kt)
	at io.ktor.server.application.PluginBuilder$onDefaultPhaseWithMessage$1$1.invoke(PluginBuilder.kt)
	at io.ktor.util.pipeline.DebugPipelineContext.proceedLoop(DebugPipelineContext.kt:79)
	at io.ktor.util.pipeline.DebugPipelineContext.proceed(DebugPipelineContext.kt:57)
	at io.ktor.util.pipeline.DebugPipelineContext.execute$ktor_utils(DebugPipelineContext.kt:63)
	at io.ktor.util.pipeline.Pipeline.execute(Pipeline.kt:92)
	at io.ktor.server.application.PipelineCall.respond$suspendImpl(PipelineCall.kt:132)
	at io.ktor.server.application.PipelineCall.respond(PipelineCall.kt)
	at io.ktor.server.engine.BaseApplicationCall.respond(BaseApplicationCall.kt:16)
	at org.example.project.plugins.StatusPagesKt$configureStatusPages$1$3.invokeSuspend(StatusPages.kt:67)
	at org.example.project.plugins.StatusPagesKt$configureStatusPages$1$3.invoke(StatusPages.kt)
	at org.example.project.plugins.StatusPagesKt$configureStatusPages$1$3.invoke(StatusPages.kt)
	at io.ktor.server.plugins.statuspages.StatusPagesKt$StatusPages$2$2$1.invokeSuspend(StatusPages.kt:104)
	at io.ktor.server.plugins.statuspages.StatusPagesKt$StatusPages$2$2$1.invoke(StatusPages.kt)
	at io.ktor.server.plugins.statuspages.StatusPagesKt$StatusPages$2$2$1.invoke(StatusPages.kt)
	at io.ktor.server.plugins.calllogging.KtorMDCProvider$withMDCBlock$$inlined$withMDC$1.invokeSuspend(MDCEntryUtils.kt:22)
	at io.ktor.server.plugins.calllogging.KtorMDCProvider$withMDCBlock$$inlined$withMDC$1.invoke(MDCEntryUtils.kt)
	at io.ktor.server.plugins.calllogging.KtorMDCProvider$withMDCBlock$$inlined$withMDC$1.invoke(MDCEntryUtils.kt)
	at kotlinx.coroutines.intrinsics.UndispatchedKt.startUndspatched(Undispatched.kt:66)
	at kotlinx.coroutines.intrinsics.UndispatchedKt.startUndispatchedOrReturn(Undispatched.kt:43)
	at kotlinx.coroutines.BuildersKt__Builders_commonKt.withContext(Builders.common.kt:165)
	at kotlinx.coroutines.BuildersKt.withContext(Unknown Source)
	at io.ktor.server.plugins.calllogging.KtorMDCProvider.withMDCBlock(MDCProvider.kt:25)
	at io.ktor.server.plugins.statuspages.StatusPagesKt$StatusPages$2$2.invokeSuspend(StatusPages.kt:102)
	at io.ktor.server.plugins.statuspages.StatusPagesKt$StatusPages$2$2.invoke(StatusPages.kt)
	at io.ktor.server.plugins.statuspages.StatusPagesKt$StatusPages$2$2.invoke(StatusPages.kt)
	at io.ktor.server.application.hooks.CallFailed$install$1.invokeSuspend(CommonHooks.kt:52)
	at io.ktor.server.application.hooks.CallFailed$install$1.invoke(CommonHooks.kt)
	at io.ktor.server.application.hooks.CallFailed$install$1.invoke(CommonHooks.kt)
	at io.ktor.util.pipeline.DebugPipelineContext.proceedLoop(DebugPipelineContext.kt:79)
	at io.ktor.util.pipeline.DebugPipelineContext.proceed(DebugPipelineContext.kt:57)
	at io.ktor.util.pipeline.DebugPipelineContext.execute$ktor_utils(DebugPipelineContext.kt:63)
	at io.ktor.util.pipeline.Pipeline.execute(Pipeline.kt:92)
	at io.ktor.server.engine.DefaultEnginePipelineKt$defaultEnginePipeline$1$invokeSuspend$$inlined$execute$1.invokeSuspend(Pipeline.kt:510)
	at io.ktor.server.engine.DefaultEnginePipelineKt$defaultEnginePipeline$1$invokeSuspend$$inlined$execute$1.invoke(Pipeline.kt)
	at io.ktor.server.engine.DefaultEnginePipelineKt$defaultEnginePipeline$1$invokeSuspend$$inlined$execute$1.invoke(Pipeline.kt)
	at io.ktor.util.debug.ContextUtilsKt.initContextInDebugMode(ContextUtils.kt:19)
	at io.ktor.server.engine.DefaultEnginePipelineKt$defaultEnginePipeline$1.invokeSuspend(DefaultEnginePipeline.kt:136)
	at io.ktor.server.engine.DefaultEnginePipelineKt$defaultEnginePipeline$1.invoke(DefaultEnginePipeline.kt)
	at io.ktor.server.engine.DefaultEnginePipelineKt$defaultEnginePipeline$1.invoke(DefaultEnginePipeline.kt)
	at io.ktor.util.pipeline.DebugPipelineContext.proceedLoop(DebugPipelineContext.kt:79)
	at io.ktor.util.pipeline.DebugPipelineContext.proceed(DebugPipelineContext.kt:57)
	at io.ktor.server.engine.BaseApplicationResponse$Companion$setupFallbackResponse$1.invokeSuspend(BaseApplicationResponse.kt:349)
	at io.ktor.server.engine.BaseApplicationResponse$Companion$setupFallbackResponse$1.invoke(BaseApplicationResponse.kt)
	at io.ktor.server.engine.BaseApplicationResponse$Companion$setupFallbackResponse$1.invoke(BaseApplicationResponse.kt)
	at io.ktor.util.pipeline.DebugPipelineContext.proceedLoop(DebugPipelineContext.kt:79)
	at io.ktor.util.pipeline.DebugPipelineContext.proceed(DebugPipelineContext.kt:57)
	at io.ktor.util.pipeline.DebugPipelineContext.execute$ktor_utils(DebugPipelineContext.kt:63)
	at io.ktor.util.pipeline.Pipeline.execute(Pipeline.kt:92)
	at io.ktor.server.netty.NettyApplicationCallHandler$handleRequest$1$invokeSuspend$$inlined$execute$1.invokeSuspend(Pipeline.kt:510)
	at io.ktor.server.netty.NettyApplicationCallHandler$handleRequest$1$invokeSuspend$$inlined$execute$1.invoke(Pipeline.kt)
	at io.ktor.server.netty.NettyApplicationCallHandler$handleRequest$1$invokeSuspend$$inlined$execute$1.invoke(Pipeline.kt)
	at io.ktor.util.debug.ContextUtilsKt.initContextInDebugMode(ContextUtils.kt:19)
	at io.ktor.server.netty.NettyApplicationCallHandler$handleRequest$1.invokeSuspend(NettyApplicationCallHandler.kt:140)
	at io.ktor.server.netty.NettyApplicationCallHandler$handleRequest$1.invoke(NettyApplicationCallHandler.kt)
	at io.ktor.server.netty.NettyApplicationCallHandler$handleRequest$1.invoke(NettyApplicationCallHandler.kt)
	at kotlinx.coroutines.intrinsics.UndispatchedKt.startCoroutineUndispatched(Undispatched.kt:20)
	at kotlinx.coroutines.CoroutineStart.invoke(CoroutineStart.kt:360)
	at kotlinx.coroutines.AbstractCoroutine.start(AbstractCoroutine.kt:134)
	at kotlinx.coroutines.BuildersKt__Builders_commonKt.launch(Builders.common.kt:53)
	at kotlinx.coroutines.BuildersKt.launch(Unknown Source)
	at io.ktor.server.netty.NettyApplicationCallHandler.handleRequest(NettyApplicationCallHandler.kt:41)
	at io.ktor.server.netty.NettyApplicationCallHandler.channelRead(NettyApplicationCallHandler.kt:33)
	at io.netty.channel.AbstractChannelHandlerContext.fireChannelRead(AbstractChannelHandlerContext.java:356)
	at io.netty.channel.AbstractChannelHandlerContext.lambda$fireChannelRead$2(AbstractChannelHandlerContext.java:365)
	at io.netty.util.concurrent.AbstractEventExecutor.runTask(AbstractEventExecutor.java:148)
	at io.netty.util.concurrent.AbstractEventExecutor.safeExecute(AbstractEventExecutor.java:141)
	at io.netty.util.concurrent.SingleThreadEventExecutor.runAllTasks(SingleThreadEventExecutor.java:535)
	at io.netty.channel.SingleThreadIoEventLoop.run(SingleThreadIoEventLoop.java:201)
	at io.netty.util.concurrent.SingleThreadEventExecutor$5.run(SingleThreadEventExecutor.java:1193)
	at io.netty.util.internal.ThreadExecutorMap$2.run(ThreadExecutorMap.java:74)
	at io.netty.util.concurrent.FastThreadLocalRunnable.run(FastThreadLocalRunnable.java:30)
	at java.base/java.lang.Thread.run(Thread.java:1447)
2026-01-04 12:34:04.970 [eventLoopGroupProxy-4-1] INFO  Application - HTTP GET /favicon.ico -> 500 Internal Server Error
2026-01-04 13:26:52.571 [eventLoopGroupProxy-4-3] INFO  io.ktor.server.plugins.cors.CORS - GET /health: Start handler
2026-01-04 13:26:52.578 [eventLoopGroupProxy-4-3] INFO  io.ktor.server.plugins.cors.CORS - GET /health: Skip CORS handler because request lacks the Origin header
2026-01-04 13:26:52.590 [eventLoopGroupProxy-4-3] INFO  Application - HTTP GET /health -> 200 OK
2026-01-04 13:26:52.953 [eventLoopGroupProxy-4-3] INFO  io.ktor.server.plugins.cors.CORS - GET /favicon.ico: Start handler
2026-01-04 13:26:52.954 [eventLoopGroupProxy-4-3] INFO  io.ktor.server.plugins.cors.CORS - GET /favicon.ico: Skip CORS handler because request lacks the Origin header
2026-01-04 13:26:53.134 [eventLoopGroupProxy-4-3] ERROR Application - Unhandled exception
java.lang.IllegalStateException: Serializing collections of different element types is not yet supported. Selected serializers: [kotlin.Boolean, kotlin.String]
	at io.ktor.serialization.kotlinx.SerializerLookupKt.elementSerializer(SerializerLookup.kt:64)
	at io.ktor.serialization.kotlinx.SerializerLookupKt.guessSerializer(SerializerLookup.kt:48)
	at io.ktor.serialization.kotlinx.KotlinxSerializationConverter.serialize(KotlinxSerializationConverter.kt:55)
	at io.ktor.server.plugins.contentnegotiation.ResponseConverterKt$convertResponseBody$1$2.invokeSuspend(ResponseConverter.kt:66)
	at io.ktor.server.plugins.contentnegotiation.ResponseConverterKt$convertResponseBody$1$2.invoke(ResponseConverter.kt)
	at io.ktor.server.plugins.contentnegotiation.ResponseConverterKt$convertResponseBody$1$2.invoke(ResponseConverter.kt)
	at io.ktor.server.application.OnCallRespondContext.transformBody(KtorCallContexts.kt:102)
	at io.ktor.server.plugins.contentnegotiation.ResponseConverterKt$convertResponseBody$1.invokeSuspend(ResponseConverter.kt:39)
	at io.ktor.server.plugins.contentnegotiation.ResponseConverterKt$convertResponseBody$1.invoke(ResponseConverter.kt)
	at io.ktor.server.plugins.contentnegotiation.ResponseConverterKt$convertResponseBody$1.invoke(ResponseConverter.kt)
	at io.ktor.server.application.PluginBuilder$onDefaultPhase$1.invokeSuspend(PluginBuilder.kt:245)
	at io.ktor.server.application.PluginBuilder$onDefaultPhase$1.invoke(PluginBuilder.kt)
	at io.ktor.server.application.PluginBuilder$onDefaultPhase$1.invoke(PluginBuilder.kt)
	at io.ktor.server.application.PluginBuilder$onDefaultPhaseWithMessage$1$1$1.invokeSuspend(PluginBuilder.kt:228)
	at io.ktor.server.application.PluginBuilder$onDefaultPhaseWithMessage$1$1$1.invoke(PluginBuilder.kt)
	at io.ktor.server.application.PluginBuilder$onDefaultPhaseWithMessage$1$1$1.invoke(PluginBuilder.kt)
	at io.ktor.util.debug.ContextUtilsKt.addToContextInDebugMode(ContextUtils.kt:34)
	at io.ktor.server.application.PluginBuilder$onDefaultPhaseWithMessage$1$1.invokeSuspend(PluginBuilder.kt:224)
	at io.ktor.server.application.PluginBuilder$onDefaultPhaseWithMessage$1$1.invoke(PluginBuilder.kt)
	at io.ktor.server.application.PluginBuilder$onDefaultPhaseWithMessage$1$1.invoke(PluginBuilder.kt)
	at io.ktor.util.pipeline.DebugPipelineContext.proceedLoop(DebugPipelineContext.kt:79)
	at io.ktor.util.pipeline.DebugPipelineContext.proceed(DebugPipelineContext.kt:57)
	at io.ktor.util.pipeline.DebugPipelineContext.execute$ktor_utils(DebugPipelineContext.kt:63)
	at io.ktor.util.pipeline.Pipeline.execute(Pipeline.kt:92)
	at io.ktor.server.application.PipelineCall.respond$suspendImpl(PipelineCall.kt:132)
	at io.ktor.server.application.PipelineCall.respond(PipelineCall.kt)
	at io.ktor.server.engine.BaseApplicationCall.respond(BaseApplicationCall.kt:16)
	at org.example.project.plugins.StatusPagesKt$configureStatusPages$1$4.invokeSuspend(StatusPages.kt:67)
	at org.example.project.plugins.StatusPagesKt$configureStatusPages$1$4.invoke(StatusPages.kt)
	at org.example.project.plugins.StatusPagesKt$configureStatusPages$1$4.invoke(StatusPages.kt)
	at io.ktor.server.plugins.statuspages.StatusPagesConfig$status$1$1.invokeSuspend(StatusPages.kt:175)
	at io.ktor.server.plugins.statuspages.StatusPagesConfig$status$1$1.invoke(StatusPages.kt)
	at io.ktor.server.plugins.statuspages.StatusPagesConfig$status$1$1.invoke(StatusPages.kt)
	at io.ktor.server.plugins.statuspages.StatusPagesKt$StatusPages$2$1.invokeSuspend(StatusPages.kt:80)
	at io.ktor.server.plugins.statuspages.StatusPagesKt$StatusPages$2$1.invoke(StatusPages.kt)
	at io.ktor.server.plugins.statuspages.StatusPagesKt$StatusPages$2$1.invoke(StatusPages.kt)
	at io.ktor.server.application.hooks.ResponseBodyReadyForSend$install$1.invokeSuspend(CommonHooks.kt:114)
	at io.ktor.server.application.hooks.ResponseBodyReadyForSend$install$1.invoke(CommonHooks.kt)
	at io.ktor.server.application.hooks.ResponseBodyReadyForSend$install$1.invoke(CommonHooks.kt)
	at io.ktor.util.pipeline.DebugPipelineContext.proceedLoop(DebugPipelineContext.kt:79)
	at io.ktor.util.pipeline.DebugPipelineContext.proceed(DebugPipelineContext.kt:57)
	at io.ktor.util.pipeline.DebugPipelineContext.proceedWith(DebugPipelineContext.kt:42)
	at io.ktor.server.engine.DefaultTransformKt$installDefaultTransformations$1.invokeSuspend(DefaultTransform.kt:31)
	at io.ktor.server.engine.DefaultTransformKt$installDefaultTransformations$1.invoke(DefaultTransform.kt)
	at io.ktor.server.engine.DefaultTransformKt$installDefaultTransformations$1.invoke(DefaultTransform.kt)
	at io.ktor.util.pipeline.DebugPipelineContext.proceedLoop(DebugPipelineContext.kt:79)
	at io.ktor.util.pipeline.DebugPipelineContext.proceed(DebugPipelineContext.kt:57)
	at io.ktor.util.pipeline.DebugPipelineContext.execute$ktor_utils(DebugPipelineContext.kt:63)
	at io.ktor.util.pipeline.Pipeline.execute(Pipeline.kt:92)
	at io.ktor.server.application.PipelineCall.respond$suspendImpl(PipelineCall.kt:132)
	at io.ktor.server.application.PipelineCall.respond(PipelineCall.kt)
	at io.ktor.server.engine.BaseApplicationCall.respond(BaseApplicationCall.kt:16)
	at io.ktor.server.engine.BaseApplicationEngineKt$installDefaultInterceptors$1.invokeSuspend(BaseApplicationEngine.kt:138)
	at io.ktor.server.engine.BaseApplicationEngineKt$installDefaultInterceptors$1.invoke(BaseApplicationEngine.kt)
	at io.ktor.server.engine.BaseApplicationEngineKt$installDefaultInterceptors$1.invoke(BaseApplicationEngine.kt)
	at io.ktor.util.pipeline.DebugPipelineContext.proceedLoop(DebugPipelineContext.kt:79)
	at io.ktor.util.pipeline.DebugPipelineContext.proceed(DebugPipelineContext.kt:57)
	at io.ktor.server.engine.BaseApplicationEngineKt$installDefaultTransformationChecker$1.invokeSuspend(BaseApplicationEngine.kt:119)
	at io.ktor.server.engine.BaseApplicationEngineKt$installDefaultTransformationChecker$1.invoke(BaseApplicationEngine.kt)
	at io.ktor.server.engine.BaseApplicationEngineKt$installDefaultTransformationChecker$1.invoke(BaseApplicationEngine.kt)
	at io.ktor.util.pipeline.DebugPipelineContext.proceedLoop(DebugPipelineContext.kt:79)
	at io.ktor.util.pipeline.DebugPipelineContext.proceed(DebugPipelineContext.kt:57)
	at io.ktor.server.application.hooks.CallFailed$install$1$1.invokeSuspend(CommonHooks.kt:49)
	at io.ktor.server.application.hooks.CallFailed$install$1$1.invoke(CommonHooks.kt)
	at io.ktor.server.application.hooks.CallFailed$install$1$1.invoke(CommonHooks.kt)
	at kotlinx.coroutines.intrinsics.UndispatchedKt.startUndspatched(Undispatched.kt:66)
	at kotlinx.coroutines.intrinsics.UndispatchedKt.startUndispatchedOrReturn(Undispatched.kt:43)
	at kotlinx.coroutines.CoroutineScopeKt.coroutineScope(CoroutineScope.kt:286)
	at io.ktor.server.application.hooks.CallFailed$install$1.invokeSuspend(CommonHooks.kt:48)
	at io.ktor.server.application.hooks.CallFailed$install$1.invoke(CommonHooks.kt)
	at io.ktor.server.application.hooks.CallFailed$install$1.invoke(CommonHooks.kt)
	at io.ktor.util.pipeline.DebugPipelineContext.proceedLoop(DebugPipelineContext.kt:79)
	at io.ktor.util.pipeline.DebugPipelineContext.proceed(DebugPipelineContext.kt:57)
	at io.ktor.util.pipeline.DebugPipelineContext.execute$ktor_utils(DebugPipelineContext.kt:63)
	at io.ktor.util.pipeline.Pipeline.execute(Pipeline.kt:92)
	at io.ktor.server.engine.DefaultEnginePipelineKt$defaultEnginePipeline$1$invokeSuspend$$inlined$execute$1.invokeSuspend(Pipeline.kt:510)
	at io.ktor.server.engine.DefaultEnginePipelineKt$defaultEnginePipeline$1$invokeSuspend$$inlined$execute$1.invoke(Pipeline.kt)
	at io.ktor.server.engine.DefaultEnginePipelineKt$defaultEnginePipeline$1$invokeSuspend$$inlined$execute$1.invoke(Pipeline.kt)
	at io.ktor.util.debug.ContextUtilsKt.initContextInDebugMode(ContextUtils.kt:19)
	at io.ktor.server.engine.DefaultEnginePipelineKt$defaultEnginePipeline$1.invokeSuspend(DefaultEnginePipeline.kt:136)
	at io.ktor.server.engine.DefaultEnginePipelineKt$defaultEnginePipeline$1.invoke(DefaultEnginePipeline.kt)
	at io.ktor.server.engine.DefaultEnginePipelineKt$defaultEnginePipeline$1.invoke(DefaultEnginePipeline.kt)
	at io.ktor.util.pipeline.DebugPipelineContext.proceedLoop(DebugPipelineContext.kt:79)
	at io.ktor.util.pipeline.DebugPipelineContext.proceed(DebugPipelineContext.kt:57)
	at io.ktor.server.engine.BaseApplicationResponse$Companion$setupFallbackResponse$1.invokeSuspend(BaseApplicationResponse.kt:349)
	at io.ktor.server.engine.BaseApplicationResponse$Companion$setupFallbackResponse$1.invoke(BaseApplicationResponse.kt)
	at io.ktor.server.engine.BaseApplicationResponse$Companion$setupFallbackResponse$1.invoke(BaseApplicationResponse.kt)
	at io.ktor.util.pipeline.DebugPipelineContext.proceedLoop(DebugPipelineContext.kt:79)
	at io.ktor.util.pipeline.DebugPipelineContext.proceed(DebugPipelineContext.kt:57)
	at io.ktor.util.pipeline.DebugPipelineContext.execute$ktor_utils(DebugPipelineContext.kt:63)
	at io.ktor.util.pipeline.Pipeline.execute(Pipeline.kt:92)
	at io.ktor.server.netty.NettyApplicationCallHandler$handleRequest$1$invokeSuspend$$inlined$execute$1.invokeSuspend(Pipeline.kt:510)
	at io.ktor.server.netty.NettyApplicationCallHandler$handleRequest$1$invokeSuspend$$inlined$execute$1.invoke(Pipeline.kt)
	at io.ktor.server.netty.NettyApplicationCallHandler$handleRequest$1$invokeSuspend$$inlined$execute$1.invoke(Pipeline.kt)
	at io.ktor.util.debug.ContextUtilsKt.initContextInDebugMode(ContextUtils.kt:19)
	at io.ktor.server.netty.NettyApplicationCallHandler$handleRequest$1.invokeSuspend(NettyApplicationCallHandler.kt:140)
	at io.ktor.server.netty.NettyApplicationCallHandler$handleRequest$1.invoke(NettyApplicationCallHandler.kt)
	at io.ktor.server.netty.NettyApplicationCallHandler$handleRequest$1.invoke(NettyApplicationCallHandler.kt)
	at kotlinx.coroutines.intrinsics.UndispatchedKt.startCoroutineUndispatched(Undispatched.kt:20)
	at kotlinx.coroutines.CoroutineStart.invoke(CoroutineStart.kt:360)
	at kotlinx.coroutines.AbstractCoroutine.start(AbstractCoroutine.kt:134)
	at kotlinx.coroutines.BuildersKt__Builders_commonKt.launch(Builders.common.kt:53)
	at kotlinx.coroutines.BuildersKt.launch(Unknown Source)
	at io.ktor.server.netty.NettyApplicationCallHandler.handleRequest(NettyApplicationCallHandler.kt:41)
	at io.ktor.server.netty.NettyApplicationCallHandler.channelRead(NettyApplicationCallHandler.kt:33)
	at io.netty.channel.AbstractChannelHandlerContext.fireChannelRead(AbstractChannelHandlerContext.java:356)
	at io.netty.channel.AbstractChannelHandlerContext.lambda$fireChannelRead$2(AbstractChannelHandlerContext.java:365)
	at io.netty.util.concurrent.AbstractEventExecutor.runTask(AbstractEventExecutor.java:148)
	at io.netty.util.concurrent.AbstractEventExecutor.safeExecute(AbstractEventExecutor.java:141)
	at io.netty.util.concurrent.SingleThreadEventExecutor.runAllTasks(SingleThreadEventExecutor.java:535)
	at io.netty.channel.SingleThreadIoEventLoop.run(SingleThreadIoEventLoop.java:201)
	at io.netty.util.concurrent.SingleThreadEventExecutor$5.run(SingleThreadEventExecutor.java:1193)
	at io.netty.util.internal.ThreadExecutorMap$2.run(ThreadExecutorMap.java:74)
	at io.netty.util.concurrent.FastThreadLocalRunnable.run(FastThreadLocalRunnable.java:30)
	at java.base/java.lang.Thread.run(Thread.java:1447)
2026-01-04 13:26:53.141 [eventLoopGroupProxy-4-3] ERROR Application - 500 Internal Server Error: GET - /favicon.ico
java.lang.IllegalStateException: Serializing collections of different element types is not yet supported. Selected serializers: [kotlin.Boolean, kotlin.String]
	at io.ktor.serialization.kotlinx.SerializerLookupKt.elementSerializer(SerializerLookup.kt:64)
	at io.ktor.serialization.kotlinx.SerializerLookupKt.guessSerializer(SerializerLookup.kt:48)
	at io.ktor.serialization.kotlinx.KotlinxSerializationConverter.serialize(KotlinxSerializationConverter.kt:55)
	at io.ktor.server.plugins.contentnegotiation.ResponseConverterKt$convertResponseBody$1$2.invokeSuspend(ResponseConverter.kt:66)
	at io.ktor.server.plugins.contentnegotiation.ResponseConverterKt$convertResponseBody$1$2.invoke(ResponseConverter.kt)
	at io.ktor.server.plugins.contentnegotiation.ResponseConverterKt$convertResponseBody$1$2.invoke(ResponseConverter.kt)
	at io.ktor.server.application.OnCallRespondContext.transformBody(KtorCallContexts.kt:102)
	at io.ktor.server.plugins.contentnegotiation.ResponseConverterKt$convertResponseBody$1.invokeSuspend(ResponseConverter.kt:39)
	at io.ktor.server.plugins.contentnegotiation.ResponseConverterKt$convertResponseBody$1.invoke(ResponseConverter.kt)
	at io.ktor.server.plugins.contentnegotiation.ResponseConverterKt$convertResponseBody$1.invoke(ResponseConverter.kt)
	at io.ktor.server.application.PluginBuilder$onDefaultPhase$1.invokeSuspend(PluginBuilder.kt:245)
	at io.ktor.server.application.PluginBuilder$onDefaultPhase$1.invoke(PluginBuilder.kt)
	at io.ktor.server.application.PluginBuilder$onDefaultPhase$1.invoke(PluginBuilder.kt)
	at io.ktor.server.application.PluginBuilder$onDefaultPhaseWithMessage$1$1$1.invokeSuspend(PluginBuilder.kt:228)
	at io.ktor.server.application.PluginBuilder$onDefaultPhaseWithMessage$1$1$1.invoke(PluginBuilder.kt)
	at io.ktor.server.application.PluginBuilder$onDefaultPhaseWithMessage$1$1$1.invoke(PluginBuilder.kt)
	at io.ktor.util.debug.ContextUtilsKt.addToContextInDebugMode(ContextUtils.kt:34)
	at io.ktor.server.application.PluginBuilder$onDefaultPhaseWithMessage$1$1.invokeSuspend(PluginBuilder.kt:224)
	at io.ktor.server.application.PluginBuilder$onDefaultPhaseWithMessage$1$1.invoke(PluginBuilder.kt)
	at io.ktor.server.application.PluginBuilder$onDefaultPhaseWithMessage$1$1.invoke(PluginBuilder.kt)
	at io.ktor.util.pipeline.DebugPipelineContext.proceedLoop(DebugPipelineContext.kt:79)
	at io.ktor.util.pipeline.DebugPipelineContext.proceed(DebugPipelineContext.kt:57)
	at io.ktor.util.pipeline.DebugPipelineContext.execute$ktor_utils(DebugPipelineContext.kt:63)
	at io.ktor.util.pipeline.Pipeline.execute(Pipeline.kt:92)
	at io.ktor.server.application.PipelineCall.respond$suspendImpl(PipelineCall.kt:132)
	at io.ktor.server.application.PipelineCall.respond(PipelineCall.kt)
	at io.ktor.server.engine.BaseApplicationCall.respond(BaseApplicationCall.kt:16)
	at org.example.project.plugins.StatusPagesKt$configureStatusPages$1$3.invokeSuspend(StatusPages.kt:67)
	at org.example.project.plugins.StatusPagesKt$configureStatusPages$1$3.invoke(StatusPages.kt)
	at org.example.project.plugins.StatusPagesKt$configureStatusPages$1$3.invoke(StatusPages.kt)
	at io.ktor.server.plugins.statuspages.StatusPagesKt$StatusPages$2$2$1.invokeSuspend(StatusPages.kt:104)
	at io.ktor.server.plugins.statuspages.StatusPagesKt$StatusPages$2$2$1.invoke(StatusPages.kt)
	at io.ktor.server.plugins.statuspages.StatusPagesKt$StatusPages$2$2$1.invoke(StatusPages.kt)
	at io.ktor.server.plugins.calllogging.KtorMDCProvider$withMDCBlock$$inlined$withMDC$1.invokeSuspend(MDCEntryUtils.kt:22)
	at io.ktor.server.plugins.calllogging.KtorMDCProvider$withMDCBlock$$inlined$withMDC$1.invoke(MDCEntryUtils.kt)
	at io.ktor.server.plugins.calllogging.KtorMDCProvider$withMDCBlock$$inlined$withMDC$1.invoke(MDCEntryUtils.kt)
	at kotlinx.coroutines.intrinsics.UndispatchedKt.startUndspatched(Undispatched.kt:66)
	at kotlinx.coroutines.intrinsics.UndispatchedKt.startUndispatchedOrReturn(Undispatched.kt:43)
	at kotlinx.coroutines.BuildersKt__Builders_commonKt.withContext(Builders.common.kt:165)
	at kotlinx.coroutines.BuildersKt.withContext(Unknown Source)
	at io.ktor.server.plugins.calllogging.KtorMDCProvider.withMDCBlock(MDCProvider.kt:25)
	at io.ktor.server.plugins.statuspages.StatusPagesKt$StatusPages$2$2.invokeSuspend(StatusPages.kt:102)
	at io.ktor.server.plugins.statuspages.StatusPagesKt$StatusPages$2$2.invoke(StatusPages.kt)
	at io.ktor.server.plugins.statuspages.StatusPagesKt$StatusPages$2$2.invoke(StatusPages.kt)
	at io.ktor.server.application.hooks.CallFailed$install$1.invokeSuspend(CommonHooks.kt:52)
	at io.ktor.server.application.hooks.CallFailed$install$1.invoke(CommonHooks.kt)
	at io.ktor.server.application.hooks.CallFailed$install$1.invoke(CommonHooks.kt)
	at io.ktor.util.pipeline.DebugPipelineContext.proceedLoop(DebugPipelineContext.kt:79)
	at io.ktor.util.pipeline.DebugPipelineContext.proceed(DebugPipelineContext.kt:57)
	at io.ktor.util.pipeline.DebugPipelineContext.execute$ktor_utils(DebugPipelineContext.kt:63)
	at io.ktor.util.pipeline.Pipeline.execute(Pipeline.kt:92)
	at io.ktor.server.engine.DefaultEnginePipelineKt$defaultEnginePipeline$1$invokeSuspend$$inlined$execute$1.invokeSuspend(Pipeline.kt:510)
	at io.ktor.server.engine.DefaultEnginePipelineKt$defaultEnginePipeline$1$invokeSuspend$$inlined$execute$1.invoke(Pipeline.kt)
	at io.ktor.server.engine.DefaultEnginePipelineKt$defaultEnginePipeline$1$invokeSuspend$$inlined$execute$1.invoke(Pipeline.kt)
	at io.ktor.util.debug.ContextUtilsKt.initContextInDebugMode(ContextUtils.kt:19)
	at io.ktor.server.engine.DefaultEnginePipelineKt$defaultEnginePipeline$1.invokeSuspend(DefaultEnginePipeline.kt:136)
	at io.ktor.server.engine.DefaultEnginePipelineKt$defaultEnginePipeline$1.invoke(DefaultEnginePipeline.kt)
	at io.ktor.server.engine.DefaultEnginePipelineKt$defaultEnginePipeline$1.invoke(DefaultEnginePipeline.kt)
	at io.ktor.util.pipeline.DebugPipelineContext.proceedLoop(DebugPipelineContext.kt:79)
	at io.ktor.util.pipeline.DebugPipelineContext.proceed(DebugPipelineContext.kt:57)
	at io.ktor.server.engine.BaseApplicationResponse$Companion$setupFallbackResponse$1.invokeSuspend(BaseApplicationResponse.kt:349)
	at io.ktor.server.engine.BaseApplicationResponse$Companion$setupFallbackResponse$1.invoke(BaseApplicationResponse.kt)
	at io.ktor.server.engine.BaseApplicationResponse$Companion$setupFallbackResponse$1.invoke(BaseApplicationResponse.kt)
	at io.ktor.util.pipeline.DebugPipelineContext.proceedLoop(DebugPipelineContext.kt:79)
	at io.ktor.util.pipeline.DebugPipelineContext.proceed(DebugPipelineContext.kt:57)
	at io.ktor.util.pipeline.DebugPipelineContext.execute$ktor_utils(DebugPipelineContext.kt:63)
	at io.ktor.util.pipeline.Pipeline.execute(Pipeline.kt:92)
	at io.ktor.server.netty.NettyApplicationCallHandler$handleRequest$1$invokeSuspend$$inlined$execute$1.invokeSuspend(Pipeline.kt:510)
	at io.ktor.server.netty.NettyApplicationCallHandler$handleRequest$1$invokeSuspend$$inlined$execute$1.invoke(Pipeline.kt)
	at io.ktor.server.netty.NettyApplicationCallHandler$handleRequest$1$invokeSuspend$$inlined$execute$1.invoke(Pipeline.kt)
	at io.ktor.util.debug.ContextUtilsKt.initContextInDebugMode(ContextUtils.kt:19)
	at io.ktor.server.netty.NettyApplicationCallHandler$handleRequest$1.invokeSuspend(NettyApplicationCallHandler.kt:140)
	at io.ktor.server.netty.NettyApplicationCallHandler$handleRequest$1.invoke(NettyApplicationCallHandler.kt)
	at io.ktor.server.netty.NettyApplicationCallHandler$handleRequest$1.invoke(NettyApplicationCallHandler.kt)
	at kotlinx.coroutines.intrinsics.UndispatchedKt.startCoroutineUndispatched(Undispatched.kt:20)
	at kotlinx.coroutines.CoroutineStart.invoke(CoroutineStart.kt:360)
	at kotlinx.coroutines.AbstractCoroutine.start(AbstractCoroutine.kt:134)
	at kotlinx.coroutines.BuildersKt__Builders_commonKt.launch(Builders.common.kt:53)
	at kotlinx.coroutines.BuildersKt.launch(Unknown Source)
	at io.ktor.server.netty.NettyApplicationCallHandler.handleRequest(NettyApplicationCallHandler.kt:41)
	at io.ktor.server.netty.NettyApplicationCallHandler.channelRead(NettyApplicationCallHandler.kt:33)
	at io.netty.channel.AbstractChannelHandlerContext.fireChannelRead(AbstractChannelHandlerContext.java:356)
	at io.netty.channel.AbstractChannelHandlerContext.lambda$fireChannelRead$2(AbstractChannelHandlerContext.java:365)
	at io.netty.util.concurrent.AbstractEventExecutor.runTask(AbstractEventExecutor.java:148)
	at io.netty.util.concurrent.AbstractEventExecutor.safeExecute(AbstractEventExecutor.java:141)
	at io.netty.util.concurrent.SingleThreadEventExecutor.runAllTasks(SingleThreadEventExecutor.java:535)
	at io.netty.channel.SingleThreadIoEventLoop.run(SingleThreadIoEventLoop.java:201)
	at io.netty.util.concurrent.SingleThreadEventExecutor$5.run(SingleThreadEventExecutor.java:1193)
	at io.netty.util.internal.ThreadExecutorMap$2.run(ThreadExecutorMap.java:74)
	at io.netty.util.concurrent.FastThreadLocalRunnable.run(FastThreadLocalRunnable.java:30)
	at java.base/java.lang.Thread.run(Thread.java:1447)
2026-01-04 13:26:53.153 [eventLoopGroupProxy-4-3] INFO  Application - HTTP GET /favicon.ico -> 500 Internal Server Error
2026-01-04 13:35:24.953 [eventLoopGroupProxy-4-2] INFO  io.ktor.server.plugins.cors.CORS - GET /api/v1/auth/register: Start handler
2026-01-04 13:35:24.954 [eventLoopGroupProxy-4-2] INFO  io.ktor.server.plugins.cors.CORS - GET /api/v1/auth/register: Skip CORS handler because request lacks the Origin header
2026-01-04 13:35:24.955 [eventLoopGroupProxy-4-2] INFO  Application - HTTP GET /api/v1/auth/register -> 405 Method Not Allowed
2026-01-04 13:37:03.748 [eventLoopGroupProxy-4-1] INFO  io.ktor.server.plugins.cors.CORS - GET /api/v1/auth/register: Start handler
2026-01-04 13:37:03.749 [eventLoopGroupProxy-4-1] INFO  io.ktor.server.plugins.cors.CORS - GET /api/v1/auth/register: Skip CORS handler because request lacks the Origin header
2026-01-04 13:37:03.750 [eventLoopGroupProxy-4-1] INFO  Application - HTTP GET /api/v1/auth/register -> 405 Method Not Allowed
2026-01-04 13:44:45.601 [main] INFO  Application - MongoDB connected to database: guardianx
2026-01-04 13:44:45.946 [main] INFO  Application - Application started in 3.038 seconds.
2026-01-04 13:44:46.722 [main] INFO  Application - Responding at http://127.0.0.1:8080
2026-01-04 13:45:13.966 [eventLoopGroupProxy-4-1] INFO  io.ktor.server.plugins.cors.CORS - GET /favicon.ico: Start handler
2026-01-04 13:45:13.968 [eventLoopGroupProxy-4-1] INFO  io.ktor.server.plugins.cors.CORS - GET /favicon.ico: Skip CORS handler because request lacks the Origin header
2026-01-04 13:45:14.126 [eventLoopGroupProxy-4-1] ERROR Application - Unhandled exception
java.lang.IllegalStateException: Serializing collections of different element types is not yet supported. Selected serializers: [kotlin.Boolean, kotlin.String]
	at io.ktor.serialization.kotlinx.SerializerLookupKt.elementSerializer(SerializerLookup.kt:64)
	at io.ktor.serialization.kotlinx.SerializerLookupKt.guessSerializer(SerializerLookup.kt:48)
	at io.ktor.serialization.kotlinx.KotlinxSerializationConverter.serialize(KotlinxSerializationConverter.kt:55)
	at io.ktor.server.plugins.contentnegotiation.ResponseConverterKt$convertResponseBody$1$2.invokeSuspend(ResponseConverter.kt:66)
	at io.ktor.server.plugins.contentnegotiation.ResponseConverterKt$convertResponseBody$1$2.invoke(ResponseConverter.kt)
	at io.ktor.server.plugins.contentnegotiation.ResponseConverterKt$convertResponseBody$1$2.invoke(ResponseConverter.kt)
	at io.ktor.server.application.OnCallRespondContext.transformBody(KtorCallContexts.kt:102)
	at io.ktor.server.plugins.contentnegotiation.ResponseConverterKt$convertResponseBody$1.invokeSuspend(ResponseConverter.kt:39)
	at io.ktor.server.plugins.contentnegotiation.ResponseConverterKt$convertResponseBody$1.invoke(ResponseConverter.kt)
	at io.ktor.server.plugins.contentnegotiation.ResponseConverterKt$convertResponseBody$1.invoke(ResponseConverter.kt)
	at io.ktor.server.application.PluginBuilder$onDefaultPhase$1.invokeSuspend(PluginBuilder.kt:245)
	at io.ktor.server.application.PluginBuilder$onDefaultPhase$1.invoke(PluginBuilder.kt)
	at io.ktor.server.application.PluginBuilder$onDefaultPhase$1.invoke(PluginBuilder.kt)
	at io.ktor.server.application.PluginBuilder$onDefaultPhaseWithMessage$1$1$1.invokeSuspend(PluginBuilder.kt:228)
	at io.ktor.server.application.PluginBuilder$onDefaultPhaseWithMessage$1$1$1.invoke(PluginBuilder.kt)
	at io.ktor.server.application.PluginBuilder$onDefaultPhaseWithMessage$1$1$1.invoke(PluginBuilder.kt)
	at io.ktor.util.debug.ContextUtilsKt.addToContextInDebugMode(ContextUtils.kt:34)
	at io.ktor.server.application.PluginBuilder$onDefaultPhaseWithMessage$1$1.invokeSuspend(PluginBuilder.kt:224)
	at io.ktor.server.application.PluginBuilder$onDefaultPhaseWithMessage$1$1.invoke(PluginBuilder.kt)
	at io.ktor.server.application.PluginBuilder$onDefaultPhaseWithMessage$1$1.invoke(PluginBuilder.kt)
	at io.ktor.util.pipeline.DebugPipelineContext.proceedLoop(DebugPipelineContext.kt:79)
	at io.ktor.util.pipeline.DebugPipelineContext.proceed(DebugPipelineContext.kt:57)
	at io.ktor.util.pipeline.DebugPipelineContext.execute$ktor_utils(DebugPipelineContext.kt:63)
	at io.ktor.util.pipeline.Pipeline.execute(Pipeline.kt:92)
	at io.ktor.server.application.PipelineCall.respond$suspendImpl(PipelineCall.kt:132)
	at io.ktor.server.application.PipelineCall.respond(PipelineCall.kt)
	at io.ktor.server.engine.BaseApplicationCall.respond(BaseApplicationCall.kt:16)
	at org.example.project.plugins.StatusPagesKt$configureStatusPages$1$4.invokeSuspend(StatusPages.kt:67)
	at org.example.project.plugins.StatusPagesKt$configureStatusPages$1$4.invoke(StatusPages.kt)
	at org.example.project.plugins.StatusPagesKt$configureStatusPages$1$4.invoke(StatusPages.kt)
	at io.ktor.server.plugins.statuspages.StatusPagesConfig$status$1$1.invokeSuspend(StatusPages.kt:175)
	at io.ktor.server.plugins.statuspages.StatusPagesConfig$status$1$1.invoke(StatusPages.kt)
	at io.ktor.server.plugins.statuspages.StatusPagesConfig$status$1$1.invoke(StatusPages.kt)
	at io.ktor.server.plugins.statuspages.StatusPagesKt$StatusPages$2$1.invokeSuspend(StatusPages.kt:80)
	at io.ktor.server.plugins.statuspages.StatusPagesKt$StatusPages$2$1.invoke(StatusPages.kt)
	at io.ktor.server.plugins.statuspages.StatusPagesKt$StatusPages$2$1.invoke(StatusPages.kt)
	at io.ktor.server.application.hooks.ResponseBodyReadyForSend$install$1.invokeSuspend(CommonHooks.kt:114)
	at io.ktor.server.application.hooks.ResponseBodyReadyForSend$install$1.invoke(CommonHooks.kt)
	at io.ktor.server.application.hooks.ResponseBodyReadyForSend$install$1.invoke(CommonHooks.kt)
	at io.ktor.util.pipeline.DebugPipelineContext.proceedLoop(DebugPipelineContext.kt:79)
	at io.ktor.util.pipeline.DebugPipelineContext.proceed(DebugPipelineContext.kt:57)
	at io.ktor.util.pipeline.DebugPipelineContext.proceedWith(DebugPipelineContext.kt:42)
	at io.ktor.server.engine.DefaultTransformKt$installDefaultTransformations$1.invokeSuspend(DefaultTransform.kt:31)
	at io.ktor.server.engine.DefaultTransformKt$installDefaultTransformations$1.invoke(DefaultTransform.kt)
	at io.ktor.server.engine.DefaultTransformKt$installDefaultTransformations$1.invoke(DefaultTransform.kt)
	at io.ktor.util.pipeline.DebugPipelineContext.proceedLoop(DebugPipelineContext.kt:79)
	at io.ktor.util.pipeline.DebugPipelineContext.proceed(DebugPipelineContext.kt:57)
	at io.ktor.util.pipeline.DebugPipelineContext.execute$ktor_utils(DebugPipelineContext.kt:63)
	at io.ktor.util.pipeline.Pipeline.execute(Pipeline.kt:92)
	at io.ktor.server.application.PipelineCall.respond$suspendImpl(PipelineCall.kt:132)
	at io.ktor.server.application.PipelineCall.respond(PipelineCall.kt)
	at io.ktor.server.engine.BaseApplicationCall.respond(BaseApplicationCall.kt:16)
	at io.ktor.server.engine.BaseApplicationEngineKt$installDefaultInterceptors$1.invokeSuspend(BaseApplicationEngine.kt:138)
	at io.ktor.server.engine.BaseApplicationEngineKt$installDefaultInterceptors$1.invoke(BaseApplicationEngine.kt)
	at io.ktor.server.engine.BaseApplicationEngineKt$installDefaultInterceptors$1.invoke(BaseApplicationEngine.kt)
	at io.ktor.util.pipeline.DebugPipelineContext.proceedLoop(DebugPipelineContext.kt:79)
	at io.ktor.util.pipeline.DebugPipelineContext.proceed(DebugPipelineContext.kt:57)
	at io.ktor.server.engine.BaseApplicationEngineKt$installDefaultTransformationChecker$1.invokeSuspend(BaseApplicationEngine.kt:119)
	at io.ktor.server.engine.BaseApplicationEngineKt$installDefaultTransformationChecker$1.invoke(BaseApplicationEngine.kt)
	at io.ktor.server.engine.BaseApplicationEngineKt$installDefaultTransformationChecker$1.invoke(BaseApplicationEngine.kt)
	at io.ktor.util.pipeline.DebugPipelineContext.proceedLoop(DebugPipelineContext.kt:79)
	at io.ktor.util.pipeline.DebugPipelineContext.proceed(DebugPipelineContext.kt:57)
	at io.ktor.server.application.hooks.CallFailed$install$1$1.invokeSuspend(CommonHooks.kt:49)
	at io.ktor.server.application.hooks.CallFailed$install$1$1.invoke(CommonHooks.kt)
	at io.ktor.server.application.hooks.CallFailed$install$1$1.invoke(CommonHooks.kt)
	at kotlinx.coroutines.intrinsics.UndispatchedKt.startUndspatched(Undispatched.kt:66)
	at kotlinx.coroutines.intrinsics.UndispatchedKt.startUndispatchedOrReturn(Undispatched.kt:43)
	at kotlinx.coroutines.CoroutineScopeKt.coroutineScope(CoroutineScope.kt:286)
	at io.ktor.server.application.hooks.CallFailed$install$1.invokeSuspend(CommonHooks.kt:48)
	at io.ktor.server.application.hooks.CallFailed$install$1.invoke(CommonHooks.kt)
	at io.ktor.server.application.hooks.CallFailed$install$1.invoke(CommonHooks.kt)
	at io.ktor.util.pipeline.DebugPipelineContext.proceedLoop(DebugPipelineContext.kt:79)
	at io.ktor.util.pipeline.DebugPipelineContext.proceed(DebugPipelineContext.kt:57)
	at io.ktor.util.pipeline.DebugPipelineContext.execute$ktor_utils(DebugPipelineContext.kt:63)
	at io.ktor.util.pipeline.Pipeline.execute(Pipeline.kt:92)
	at io.ktor.server.engine.DefaultEnginePipelineKt$defaultEnginePipeline$1$invokeSuspend$$inlined$execute$1.invokeSuspend(Pipeline.kt:510)
	at io.ktor.server.engine.DefaultEnginePipelineKt$defaultEnginePipeline$1$invokeSuspend$$inlined$execute$1.invoke(Pipeline.kt)
	at io.ktor.server.engine.DefaultEnginePipelineKt$defaultEnginePipeline$1$invokeSuspend$$inlined$execute$1.invoke(Pipeline.kt)
	at io.ktor.util.debug.ContextUtilsKt.initContextInDebugMode(ContextUtils.kt:19)
	at io.ktor.server.engine.DefaultEnginePipelineKt$defaultEnginePipeline$1.invokeSuspend(DefaultEnginePipeline.kt:136)
	at io.ktor.server.engine.DefaultEnginePipelineKt$defaultEnginePipeline$1.invoke(DefaultEnginePipeline.kt)
	at io.ktor.server.engine.DefaultEnginePipelineKt$defaultEnginePipeline$1.invoke(DefaultEnginePipeline.kt)
	at io.ktor.util.pipeline.DebugPipelineContext.proceedLoop(DebugPipelineContext.kt:79)
	at io.ktor.util.pipeline.DebugPipelineContext.proceed(DebugPipelineContext.kt:57)
	at io.ktor.server.engine.BaseApplicationResponse$Companion$setupFallbackResponse$1.invokeSuspend(BaseApplicationResponse.kt:349)
	at io.ktor.server.engine.BaseApplicationResponse$Companion$setupFallbackResponse$1.invoke(BaseApplicationResponse.kt)
	at io.ktor.server.engine.BaseApplicationResponse$Companion$setupFallbackResponse$1.invoke(BaseApplicationResponse.kt)
	at io.ktor.util.pipeline.DebugPipelineContext.proceedLoop(DebugPipelineContext.kt:79)
	at io.ktor.util.pipeline.DebugPipelineContext.proceed(DebugPipelineContext.kt:57)
	at io.ktor.util.pipeline.DebugPipelineContext.execute$ktor_utils(DebugPipelineContext.kt:63)
	at io.ktor.util.pipeline.Pipeline.execute(Pipeline.kt:92)
	at io.ktor.server.netty.NettyApplicationCallHandler$handleRequest$1$invokeSuspend$$inlined$execute$1.invokeSuspend(Pipeline.kt:510)
	at io.ktor.server.netty.NettyApplicationCallHandler$handleRequest$1$invokeSuspend$$inlined$execute$1.invoke(Pipeline.kt)
	at io.ktor.server.netty.NettyApplicationCallHandler$handleRequest$1$invokeSuspend$$inlined$execute$1.invoke(Pipeline.kt)
	at io.ktor.util.debug.ContextUtilsKt.initContextInDebugMode(ContextUtils.kt:19)
	at io.ktor.server.netty.NettyApplicationCallHandler$handleRequest$1.invokeSuspend(NettyApplicationCallHandler.kt:140)
	at io.ktor.server.netty.NettyApplicationCallHandler$handleRequest$1.invoke(NettyApplicationCallHandler.kt)
	at io.ktor.server.netty.NettyApplicationCallHandler$handleRequest$1.invoke(NettyApplicationCallHandler.kt)
	at kotlinx.coroutines.intrinsics.UndispatchedKt.startCoroutineUndispatched(Undispatched.kt:20)
	at kotlinx.coroutines.CoroutineStart.invoke(CoroutineStart.kt:360)
	at kotlinx.coroutines.AbstractCoroutine.start(AbstractCoroutine.kt:134)
	at kotlinx.coroutines.BuildersKt__Builders_commonKt.launch(Builders.common.kt:53)
	at kotlinx.coroutines.BuildersKt.launch(Unknown Source)
	at io.ktor.server.netty.NettyApplicationCallHandler.handleRequest(NettyApplicationCallHandler.kt:41)
	at io.ktor.server.netty.NettyApplicationCallHandler.channelRead(NettyApplicationCallHandler.kt:33)
	at io.netty.channel.AbstractChannelHandlerContext.fireChannelRead(AbstractChannelHandlerContext.java:356)
	at io.netty.channel.AbstractChannelHandlerContext.lambda$fireChannelRead$2(AbstractChannelHandlerContext.java:365)
	at io.netty.util.concurrent.AbstractEventExecutor.runTask(AbstractEventExecutor.java:148)
	at io.netty.util.concurrent.AbstractEventExecutor.safeExecute(AbstractEventExecutor.java:141)
	at io.netty.util.concurrent.SingleThreadEventExecutor.runAllTasks(SingleThreadEventExecutor.java:535)
	at io.netty.channel.SingleThreadIoEventLoop.run(SingleThreadIoEventLoop.java:201)
	at io.netty.util.concurrent.SingleThreadEventExecutor$5.run(SingleThreadEventExecutor.java:1193)
	at io.netty.util.internal.ThreadExecutorMap$2.run(ThreadExecutorMap.java:74)
	at io.netty.util.concurrent.FastThreadLocalRunnable.run(FastThreadLocalRunnable.java:30)
	at java.base/java.lang.Thread.run(Thread.java:1447)
2026-01-04 13:45:14.170 [eventLoopGroupProxy-4-1] ERROR Application - 500 Internal Server Error: GET - /favicon.ico
java.lang.IllegalStateException: Serializing collections of different element types is not yet supported. Selected serializers: [kotlin.Boolean, kotlin.String]
	at io.ktor.serialization.kotlinx.SerializerLookupKt.elementSerializer(SerializerLookup.kt:64)
	at io.ktor.serialization.kotlinx.SerializerLookupKt.guessSerializer(SerializerLookup.kt:48)
	at io.ktor.serialization.kotlinx.KotlinxSerializationConverter.serialize(KotlinxSerializationConverter.kt:55)
	at io.ktor.server.plugins.contentnegotiation.ResponseConverterKt$convertResponseBody$1$2.invokeSuspend(ResponseConverter.kt:66)
	at io.ktor.server.plugins.contentnegotiation.ResponseConverterKt$convertResponseBody$1$2.invoke(ResponseConverter.kt)
	at io.ktor.server.plugins.contentnegotiation.ResponseConverterKt$convertResponseBody$1$2.invoke(ResponseConverter.kt)
	at io.ktor.server.application.OnCallRespondContext.transformBody(KtorCallContexts.kt:102)
	at io.ktor.server.plugins.contentnegotiation.ResponseConverterKt$convertResponseBody$1.invokeSuspend(ResponseConverter.kt:39)
	at io.ktor.server.plugins.contentnegotiation.ResponseConverterKt$convertResponseBody$1.invoke(ResponseConverter.kt)
	at io.ktor.server.plugins.contentnegotiation.ResponseConverterKt$convertResponseBody$1.invoke(ResponseConverter.kt)
	at io.ktor.server.application.PluginBuilder$onDefaultPhase$1.invokeSuspend(PluginBuilder.kt:245)
	at io.ktor.server.application.PluginBuilder$onDefaultPhase$1.invoke(PluginBuilder.kt)
	at io.ktor.server.application.PluginBuilder$onDefaultPhase$1.invoke(PluginBuilder.kt)
	at io.ktor.server.application.PluginBuilder$onDefaultPhaseWithMessage$1$1$1.invokeSuspend(PluginBuilder.kt:228)
	at io.ktor.server.application.PluginBuilder$onDefaultPhaseWithMessage$1$1$1.invoke(PluginBuilder.kt)
	at io.ktor.server.application.PluginBuilder$onDefaultPhaseWithMessage$1$1$1.invoke(PluginBuilder.kt)
	at io.ktor.util.debug.ContextUtilsKt.addToContextInDebugMode(ContextUtils.kt:34)
	at io.ktor.server.application.PluginBuilder$onDefaultPhaseWithMessage$1$1.invokeSuspend(PluginBuilder.kt:224)
	at io.ktor.server.application.PluginBuilder$onDefaultPhaseWithMessage$1$1.invoke(PluginBuilder.kt)
	at io.ktor.server.application.PluginBuilder$onDefaultPhaseWithMessage$1$1.invoke(PluginBuilder.kt)
	at io.ktor.util.pipeline.DebugPipelineContext.proceedLoop(DebugPipelineContext.kt:79)
	at io.ktor.util.pipeline.DebugPipelineContext.proceed(DebugPipelineContext.kt:57)
	at io.ktor.util.pipeline.DebugPipelineContext.execute$ktor_utils(DebugPipelineContext.kt:63)
	at io.ktor.util.pipeline.Pipeline.execute(Pipeline.kt:92)
	at io.ktor.server.application.PipelineCall.respond$suspendImpl(PipelineCall.kt:132)
	at io.ktor.server.application.PipelineCall.respond(PipelineCall.kt)
	at io.ktor.server.engine.BaseApplicationCall.respond(BaseApplicationCall.kt:16)
	at org.example.project.plugins.StatusPagesKt$configureStatusPages$1$3.invokeSuspend(StatusPages.kt:67)
	at org.example.project.plugins.StatusPagesKt$configureStatusPages$1$3.invoke(StatusPages.kt)
	at org.example.project.plugins.StatusPagesKt$configureStatusPages$1$3.invoke(StatusPages.kt)
	at io.ktor.server.plugins.statuspages.StatusPagesKt$StatusPages$2$2$1.invokeSuspend(StatusPages.kt:104)
	at io.ktor.server.plugins.statuspages.StatusPagesKt$StatusPages$2$2$1.invoke(StatusPages.kt)
	at io.ktor.server.plugins.statuspages.StatusPagesKt$StatusPages$2$2$1.invoke(StatusPages.kt)
	at io.ktor.server.plugins.calllogging.KtorMDCProvider$withMDCBlock$$inlined$withMDC$1.invokeSuspend(MDCEntryUtils.kt:22)
	at io.ktor.server.plugins.calllogging.KtorMDCProvider$withMDCBlock$$inlined$withMDC$1.invoke(MDCEntryUtils.kt)
	at io.ktor.server.plugins.calllogging.KtorMDCProvider$withMDCBlock$$inlined$withMDC$1.invoke(MDCEntryUtils.kt)
	at kotlinx.coroutines.intrinsics.UndispatchedKt.startUndspatched(Undispatched.kt:66)
	at kotlinx.coroutines.intrinsics.UndispatchedKt.startUndispatchedOrReturn(Undispatched.kt:43)
	at kotlinx.coroutines.BuildersKt__Builders_commonKt.withContext(Builders.common.kt:165)
	at kotlinx.coroutines.BuildersKt.withContext(Unknown Source)
	at io.ktor.server.plugins.calllogging.KtorMDCProvider.withMDCBlock(MDCProvider.kt:25)
	at io.ktor.server.plugins.statuspages.StatusPagesKt$StatusPages$2$2.invokeSuspend(StatusPages.kt:102)
	at io.ktor.server.plugins.statuspages.StatusPagesKt$StatusPages$2$2.invoke(StatusPages.kt)
	at io.ktor.server.plugins.statuspages.StatusPagesKt$StatusPages$2$2.invoke(StatusPages.kt)
	at io.ktor.server.application.hooks.CallFailed$install$1.invokeSuspend(CommonHooks.kt:52)
	at io.ktor.server.application.hooks.CallFailed$install$1.invoke(CommonHooks.kt)
	at io.ktor.server.application.hooks.CallFailed$install$1.invoke(CommonHooks.kt)
	at io.ktor.util.pipeline.DebugPipelineContext.proceedLoop(DebugPipelineContext.kt:79)
	at io.ktor.util.pipeline.DebugPipelineContext.proceed(DebugPipelineContext.kt:57)
	at io.ktor.util.pipeline.DebugPipelineContext.execute$ktor_utils(DebugPipelineContext.kt:63)
	at io.ktor.util.pipeline.Pipeline.execute(Pipeline.kt:92)
	at io.ktor.server.engine.DefaultEnginePipelineKt$defaultEnginePipeline$1$invokeSuspend$$inlined$execute$1.invokeSuspend(Pipeline.kt:510)
	at io.ktor.server.engine.DefaultEnginePipelineKt$defaultEnginePipeline$1$invokeSuspend$$inlined$execute$1.invoke(Pipeline.kt)
	at io.ktor.server.engine.DefaultEnginePipelineKt$defaultEnginePipeline$1$invokeSuspend$$inlined$execute$1.invoke(Pipeline.kt)
	at io.ktor.util.debug.ContextUtilsKt.initContextInDebugMode(ContextUtils.kt:19)
	at io.ktor.server.engine.DefaultEnginePipelineKt$defaultEnginePipeline$1.invokeSuspend(DefaultEnginePipeline.kt:136)
	at io.ktor.server.engine.DefaultEnginePipelineKt$defaultEnginePipeline$1.invoke(DefaultEnginePipeline.kt)
	at io.ktor.server.engine.DefaultEnginePipelineKt$defaultEnginePipeline$1.invoke(DefaultEnginePipeline.kt)
	at io.ktor.util.pipeline.DebugPipelineContext.proceedLoop(DebugPipelineContext.kt:79)
	at io.ktor.util.pipeline.DebugPipelineContext.proceed(DebugPipelineContext.kt:57)
	at io.ktor.server.engine.BaseApplicationResponse$Companion$setupFallbackResponse$1.invokeSuspend(BaseApplicationResponse.kt:349)
	at io.ktor.server.engine.BaseApplicationResponse$Companion$setupFallbackResponse$1.invoke(BaseApplicationResponse.kt)
	at io.ktor.server.engine.BaseApplicationResponse$Companion$setupFallbackResponse$1.invoke(BaseApplicationResponse.kt)
	at io.ktor.util.pipeline.DebugPipelineContext.proceedLoop(DebugPipelineContext.kt:79)
	at io.ktor.util.pipeline.DebugPipelineContext.proceed(DebugPipelineContext.kt:57)
	at io.ktor.util.pipeline.DebugPipelineContext.execute$ktor_utils(DebugPipelineContext.kt:63)
	at io.ktor.util.pipeline.Pipeline.execute(Pipeline.kt:92)
	at io.ktor.server.netty.NettyApplicationCallHandler$handleRequest$1$invokeSuspend$$inlined$execute$1.invokeSuspend(Pipeline.kt:510)
	at io.ktor.server.netty.NettyApplicationCallHandler$handleRequest$1$invokeSuspend$$inlined$execute$1.invoke(Pipeline.kt)
	at io.ktor.server.netty.NettyApplicationCallHandler$handleRequest$1$invokeSuspend$$inlined$execute$1.invoke(Pipeline.kt)
	at io.ktor.util.debug.ContextUtilsKt.initContextInDebugMode(ContextUtils.kt:19)
	at io.ktor.server.netty.NettyApplicationCallHandler$handleRequest$1.invokeSuspend(NettyApplicationCallHandler.kt:140)
	at io.ktor.server.netty.NettyApplicationCallHandler$handleRequest$1.invoke(NettyApplicationCallHandler.kt)
	at io.ktor.server.netty.NettyApplicationCallHandler$handleRequest$1.invoke(NettyApplicationCallHandler.kt)
	at kotlinx.coroutines.intrinsics.UndispatchedKt.startCoroutineUndispatched(Undispatched.kt:20)
	at kotlinx.coroutines.CoroutineStart.invoke(CoroutineStart.kt:360)
	at kotlinx.coroutines.AbstractCoroutine.start(AbstractCoroutine.kt:134)
	at kotlinx.coroutines.BuildersKt__Builders_commonKt.launch(Builders.common.kt:53)
	at kotlinx.coroutines.BuildersKt.launch(Unknown Source)
	at io.ktor.server.netty.NettyApplicationCallHandler.handleRequest(NettyApplicationCallHandler.kt:41)
	at io.ktor.server.netty.NettyApplicationCallHandler.channelRead(NettyApplicationCallHandler.kt:33)
	at io.netty.channel.AbstractChannelHandlerContext.fireChannelRead(AbstractChannelHandlerContext.java:356)
	at io.netty.channel.AbstractChannelHandlerContext.lambda$fireChannelRead$2(AbstractChannelHandlerContext.java:365)
	at io.netty.util.concurrent.AbstractEventExecutor.runTask(AbstractEventExecutor.java:148)
	at io.netty.util.concurrent.AbstractEventExecutor.safeExecute(AbstractEventExecutor.java:141)
	at io.netty.util.concurrent.SingleThreadEventExecutor.runAllTasks(SingleThreadEventExecutor.java:535)
	at io.netty.channel.SingleThreadIoEventLoop.run(SingleThreadIoEventLoop.java:201)
	at io.netty.util.concurrent.SingleThreadEventExecutor$5.run(SingleThreadEventExecutor.java:1193)
	at io.netty.util.internal.ThreadExecutorMap$2.run(ThreadExecutorMap.java:74)
	at io.netty.util.concurrent.FastThreadLocalRunnable.run(FastThreadLocalRunnable.java:30)
	at java.base/java.lang.Thread.run(Thread.java:1447)
2026-01-04 13:45:14.256 [eventLoopGroupProxy-4-1] INFO  Application - HTTP GET /favicon.ico -> 500 Internal Server Error
2026-01-04 13:54:37.470 [main] INFO  Application - MongoDB connected to database: guardianx
2026-01-04 13:54:37.813 [main] INFO  Application - Application started in 3.938 seconds.
2026-01-04 13:54:39.148 [main] INFO  Application - Responding at http://127.0.0.1:8080
2026-01-04 13:58:30.077 [eventLoopGroupProxy-4-1] INFO  io.ktor.server.plugins.cors.CORS - POST /auth/login: Start handler
2026-01-04 13:58:30.083 [eventLoopGroupProxy-4-1] INFO  io.ktor.server.plugins.cors.CORS - POST /auth/login: Skip CORS handler because request lacks the Origin header
2026-01-04 13:58:30.319 [eventLoopGroupProxy-4-1] ERROR Application - Unhandled exception
java.lang.IllegalStateException: Serializing collections of different element types is not yet supported. Selected serializers: [kotlin.Boolean, kotlin.String]
	at io.ktor.serialization.kotlinx.SerializerLookupKt.elementSerializer(SerializerLookup.kt:64)
	at io.ktor.serialization.kotlinx.SerializerLookupKt.guessSerializer(SerializerLookup.kt:48)
	at io.ktor.serialization.kotlinx.KotlinxSerializationConverter.serialize(KotlinxSerializationConverter.kt:55)
	at io.ktor.server.plugins.contentnegotiation.ResponseConverterKt$convertResponseBody$1$2.invokeSuspend(ResponseConverter.kt:66)
	at io.ktor.server.plugins.contentnegotiation.ResponseConverterKt$convertResponseBody$1$2.invoke(ResponseConverter.kt)
	at io.ktor.server.plugins.contentnegotiation.ResponseConverterKt$convertResponseBody$1$2.invoke(ResponseConverter.kt)
	at io.ktor.server.application.OnCallRespondContext.transformBody(KtorCallContexts.kt:102)
	at io.ktor.server.plugins.contentnegotiation.ResponseConverterKt$convertResponseBody$1.invokeSuspend(ResponseConverter.kt:39)
	at io.ktor.server.plugins.contentnegotiation.ResponseConverterKt$convertResponseBody$1.invoke(ResponseConverter.kt)
	at io.ktor.server.plugins.contentnegotiation.ResponseConverterKt$convertResponseBody$1.invoke(ResponseConverter.kt)
	at io.ktor.server.application.PluginBuilder$onDefaultPhase$1.invokeSuspend(PluginBuilder.kt:245)
	at io.ktor.server.application.PluginBuilder$onDefaultPhase$1.invoke(PluginBuilder.kt)
	at io.ktor.server.application.PluginBuilder$onDefaultPhase$1.invoke(PluginBuilder.kt)
	at io.ktor.server.application.PluginBuilder$onDefaultPhaseWithMessage$1$1$1.invokeSuspend(PluginBuilder.kt:228)
	at io.ktor.server.application.PluginBuilder$onDefaultPhaseWithMessage$1$1$1.invoke(PluginBuilder.kt)
	at io.ktor.server.application.PluginBuilder$onDefaultPhaseWithMessage$1$1$1.invoke(PluginBuilder.kt)
	at io.ktor.util.debug.ContextUtilsKt.addToContextInDebugMode(ContextUtils.kt:34)
	at io.ktor.server.application.PluginBuilder$onDefaultPhaseWithMessage$1$1.invokeSuspend(PluginBuilder.kt:224)
	at io.ktor.server.application.PluginBuilder$onDefaultPhaseWithMessage$1$1.invoke(PluginBuilder.kt)
	at io.ktor.server.application.PluginBuilder$onDefaultPhaseWithMessage$1$1.invoke(PluginBuilder.kt)
	at io.ktor.util.pipeline.DebugPipelineContext.proceedLoop(DebugPipelineContext.kt:79)
	at io.ktor.util.pipeline.DebugPipelineContext.proceed(DebugPipelineContext.kt:57)
	at io.ktor.util.pipeline.DebugPipelineContext.execute$ktor_utils(DebugPipelineContext.kt:63)
	at io.ktor.util.pipeline.Pipeline.execute(Pipeline.kt:92)
	at io.ktor.server.application.PipelineCall.respond$suspendImpl(PipelineCall.kt:132)
	at io.ktor.server.application.PipelineCall.respond(PipelineCall.kt)
	at io.ktor.server.engine.BaseApplicationCall.respond(BaseApplicationCall.kt:16)
	at org.example.project.plugins.StatusPagesKt$configureStatusPages$1$4.invokeSuspend(StatusPages.kt:67)
	at org.example.project.plugins.StatusPagesKt$configureStatusPages$1$4.invoke(StatusPages.kt)
	at org.example.project.plugins.StatusPagesKt$configureStatusPages$1$4.invoke(StatusPages.kt)
	at io.ktor.server.plugins.statuspages.StatusPagesConfig$status$1$1.invokeSuspend(StatusPages.kt:175)
	at io.ktor.server.plugins.statuspages.StatusPagesConfig$status$1$1.invoke(StatusPages.kt)
	at io.ktor.server.plugins.statuspages.StatusPagesConfig$status$1$1.invoke(StatusPages.kt)
	at io.ktor.server.plugins.statuspages.StatusPagesKt$StatusPages$2$1.invokeSuspend(StatusPages.kt:80)
	at io.ktor.server.plugins.statuspages.StatusPagesKt$StatusPages$2$1.invoke(StatusPages.kt)
	at io.ktor.server.plugins.statuspages.StatusPagesKt$StatusPages$2$1.invoke(StatusPages.kt)
	at io.ktor.server.application.hooks.ResponseBodyReadyForSend$install$1.invokeSuspend(CommonHooks.kt:114)
	at io.ktor.server.application.hooks.ResponseBodyReadyForSend$install$1.invoke(CommonHooks.kt)
	at io.ktor.server.application.hooks.ResponseBodyReadyForSend$install$1.invoke(CommonHooks.kt)
	at io.ktor.util.pipeline.DebugPipelineContext.proceedLoop(DebugPipelineContext.kt:79)
	at io.ktor.util.pipeline.DebugPipelineContext.proceed(DebugPipelineContext.kt:57)
	at io.ktor.util.pipeline.DebugPipelineContext.proceedWith(DebugPipelineContext.kt:42)
	at io.ktor.server.engine.DefaultTransformKt$installDefaultTransformations$1.invokeSuspend(DefaultTransform.kt:31)
	at io.ktor.server.engine.DefaultTransformKt$installDefaultTransformations$1.invoke(DefaultTransform.kt)
	at io.ktor.server.engine.DefaultTransformKt$installDefaultTransformations$1.invoke(DefaultTransform.kt)
	at io.ktor.util.pipeline.DebugPipelineContext.proceedLoop(DebugPipelineContext.kt:79)
	at io.ktor.util.pipeline.DebugPipelineContext.proceed(DebugPipelineContext.kt:57)
	at io.ktor.util.pipeline.DebugPipelineContext.execute$ktor_utils(DebugPipelineContext.kt:63)
	at io.ktor.util.pipeline.Pipeline.execute(Pipeline.kt:92)
	at io.ktor.server.application.PipelineCall.respond$suspendImpl(PipelineCall.kt:132)
	at io.ktor.server.application.PipelineCall.respond(PipelineCall.kt)
	at io.ktor.server.engine.BaseApplicationCall.respond(BaseApplicationCall.kt:16)
	at io.ktor.server.engine.BaseApplicationEngineKt$installDefaultInterceptors$1.invokeSuspend(BaseApplicationEngine.kt:138)
	at io.ktor.server.engine.BaseApplicationEngineKt$installDefaultInterceptors$1.invoke(BaseApplicationEngine.kt)
	at io.ktor.server.engine.BaseApplicationEngineKt$installDefaultInterceptors$1.invoke(BaseApplicationEngine.kt)
	at io.ktor.util.pipeline.DebugPipelineContext.proceedLoop(DebugPipelineContext.kt:79)
	at io.ktor.util.pipeline.DebugPipelineContext.proceed(DebugPipelineContext.kt:57)
	at io.ktor.server.engine.BaseApplicationEngineKt$installDefaultTransformationChecker$1.invokeSuspend(BaseApplicationEngine.kt:119)
	at io.ktor.server.engine.BaseApplicationEngineKt$installDefaultTransformationChecker$1.invoke(BaseApplicationEngine.kt)
	at io.ktor.server.engine.BaseApplicationEngineKt$installDefaultTransformationChecker$1.invoke(BaseApplicationEngine.kt)
	at io.ktor.util.pipeline.DebugPipelineContext.proceedLoop(DebugPipelineContext.kt:79)
	at io.ktor.util.pipeline.DebugPipelineContext.proceed(DebugPipelineContext.kt:57)
	at io.ktor.server.application.hooks.CallFailed$install$1$1.invokeSuspend(CommonHooks.kt:49)
	at io.ktor.server.application.hooks.CallFailed$install$1$1.invoke(CommonHooks.kt)
	at io.ktor.server.application.hooks.CallFailed$install$1$1.invoke(CommonHooks.kt)
	at kotlinx.coroutines.intrinsics.UndispatchedKt.startUndspatched(Undispatched.kt:66)
	at kotlinx.coroutines.intrinsics.UndispatchedKt.startUndispatchedOrReturn(Undispatched.kt:43)
	at kotlinx.coroutines.CoroutineScopeKt.coroutineScope(CoroutineScope.kt:286)
	at io.ktor.server.application.hooks.CallFailed$install$1.invokeSuspend(CommonHooks.kt:48)
	at io.ktor.server.application.hooks.CallFailed$install$1.invoke(CommonHooks.kt)
	at io.ktor.server.application.hooks.CallFailed$install$1.invoke(CommonHooks.kt)
	at io.ktor.util.pipeline.DebugPipelineContext.proceedLoop(DebugPipelineContext.kt:79)
	at io.ktor.util.pipeline.DebugPipelineContext.proceed(DebugPipelineContext.kt:57)
	at io.ktor.util.pipeline.DebugPipelineContext.execute$ktor_utils(DebugPipelineContext.kt:63)
	at io.ktor.util.pipeline.Pipeline.execute(Pipeline.kt:92)
	at io.ktor.server.engine.DefaultEnginePipelineKt$defaultEnginePipeline$1$invokeSuspend$$inlined$execute$1.invokeSuspend(Pipeline.kt:510)
	at io.ktor.server.engine.DefaultEnginePipelineKt$defaultEnginePipeline$1$invokeSuspend$$inlined$execute$1.invoke(Pipeline.kt)
	at io.ktor.server.engine.DefaultEnginePipelineKt$defaultEnginePipeline$1$invokeSuspend$$inlined$execute$1.invoke(Pipeline.kt)
	at io.ktor.util.debug.ContextUtilsKt.initContextInDebugMode(ContextUtils.kt:19)
	at io.ktor.server.engine.DefaultEnginePipelineKt$defaultEnginePipeline$1.invokeSuspend(DefaultEnginePipeline.kt:136)
	at io.ktor.server.engine.DefaultEnginePipelineKt$defaultEnginePipeline$1.invoke(DefaultEnginePipeline.kt)
	at io.ktor.server.engine.DefaultEnginePipelineKt$defaultEnginePipeline$1.invoke(DefaultEnginePipeline.kt)
	at io.ktor.util.pipeline.DebugPipelineContext.proceedLoop(DebugPipelineContext.kt:79)
	at io.ktor.util.pipeline.DebugPipelineContext.proceed(DebugPipelineContext.kt:57)
	at io.ktor.server.engine.BaseApplicationResponse$Companion$setupFallbackResponse$1.invokeSuspend(BaseApplicationResponse.kt:349)
	at io.ktor.server.engine.BaseApplicationResponse$Companion$setupFallbackResponse$1.invoke(BaseApplicationResponse.kt)
	at io.ktor.server.engine.BaseApplicationResponse$Companion$setupFallbackResponse$1.invoke(BaseApplicationResponse.kt)
	at io.ktor.util.pipeline.DebugPipelineContext.proceedLoop(DebugPipelineContext.kt:79)
	at io.ktor.util.pipeline.DebugPipelineContext.proceed(DebugPipelineContext.kt:57)
	at io.ktor.util.pipeline.DebugPipelineContext.execute$ktor_utils(DebugPipelineContext.kt:63)
	at io.ktor.util.pipeline.Pipeline.execute(Pipeline.kt:92)
	at io.ktor.server.netty.NettyApplicationCallHandler$handleRequest$1$invokeSuspend$$inlined$execute$1.invokeSuspend(Pipeline.kt:510)
	at io.ktor.server.netty.NettyApplicationCallHandler$handleRequest$1$invokeSuspend$$inlined$execute$1.invoke(Pipeline.kt)
	at io.ktor.server.netty.NettyApplicationCallHandler$handleRequest$1$invokeSuspend$$inlined$execute$1.invoke(Pipeline.kt)
	at io.ktor.util.debug.ContextUtilsKt.initContextInDebugMode(ContextUtils.kt:19)
	at io.ktor.server.netty.NettyApplicationCallHandler$handleRequest$1.invokeSuspend(NettyApplicationCallHandler.kt:140)
	at io.ktor.server.netty.NettyApplicationCallHandler$handleRequest$1.invoke(NettyApplicationCallHandler.kt)
	at io.ktor.server.netty.NettyApplicationCallHandler$handleRequest$1.invoke(NettyApplicationCallHandler.kt)
	at kotlinx.coroutines.intrinsics.UndispatchedKt.startCoroutineUndispatched(Undispatched.kt:20)
	at kotlinx.coroutines.CoroutineStart.invoke(CoroutineStart.kt:360)
	at kotlinx.coroutines.AbstractCoroutine.start(AbstractCoroutine.kt:134)
	at kotlinx.coroutines.BuildersKt__Builders_commonKt.launch(Builders.common.kt:53)
	at kotlinx.coroutines.BuildersKt.launch(Unknown Source)
	at io.ktor.server.netty.NettyApplicationCallHandler.handleRequest(NettyApplicationCallHandler.kt:41)
	at io.ktor.server.netty.NettyApplicationCallHandler.channelRead(NettyApplicationCallHandler.kt:33)
	at io.netty.channel.AbstractChannelHandlerContext.fireChannelRead(AbstractChannelHandlerContext.java:356)
	at io.netty.channel.AbstractChannelHandlerContext.lambda$fireChannelRead$2(AbstractChannelHandlerContext.java:365)
	at io.netty.util.concurrent.AbstractEventExecutor.runTask(AbstractEventExecutor.java:148)
	at io.netty.util.concurrent.AbstractEventExecutor.safeExecute(AbstractEventExecutor.java:141)
	at io.netty.util.concurrent.SingleThreadEventExecutor.runAllTasks(SingleThreadEventExecutor.java:535)
	at io.netty.channel.SingleThreadIoEventLoop.run(SingleThreadIoEventLoop.java:201)
	at io.netty.util.concurrent.SingleThreadEventExecutor$5.run(SingleThreadEventExecutor.java:1193)
	at io.netty.util.internal.ThreadExecutorMap$2.run(ThreadExecutorMap.java:74)
	at io.netty.util.concurrent.FastThreadLocalRunnable.run(FastThreadLocalRunnable.java:30)
	at java.base/java.lang.Thread.run(Thread.java:1447)
2026-01-04 13:58:30.351 [eventLoopGroupProxy-4-1] ERROR Application - 500 Internal Server Error: POST - /auth/login
java.lang.IllegalStateException: Serializing collections of different element types is not yet supported. Selected serializers: [kotlin.Boolean, kotlin.String]
	at io.ktor.serialization.kotlinx.SerializerLookupKt.elementSerializer(SerializerLookup.kt:64)
	at io.ktor.serialization.kotlinx.SerializerLookupKt.guessSerializer(SerializerLookup.kt:48)
	at io.ktor.serialization.kotlinx.KotlinxSerializationConverter.serialize(KotlinxSerializationConverter.kt:55)
	at io.ktor.server.plugins.contentnegotiation.ResponseConverterKt$convertResponseBody$1$2.invokeSuspend(ResponseConverter.kt:66)
	at io.ktor.server.plugins.contentnegotiation.ResponseConverterKt$convertResponseBody$1$2.invoke(ResponseConverter.kt)
	at io.ktor.server.plugins.contentnegotiation.ResponseConverterKt$convertResponseBody$1$2.invoke(ResponseConverter.kt)
	at io.ktor.server.application.OnCallRespondContext.transformBody(KtorCallContexts.kt:102)
	at io.ktor.server.plugins.contentnegotiation.ResponseConverterKt$convertResponseBody$1.invokeSuspend(ResponseConverter.kt:39)
	at io.ktor.server.plugins.contentnegotiation.ResponseConverterKt$convertResponseBody$1.invoke(ResponseConverter.kt)
	at io.ktor.server.plugins.contentnegotiation.ResponseConverterKt$convertResponseBody$1.invoke(ResponseConverter.kt)
	at io.ktor.server.application.PluginBuilder$onDefaultPhase$1.invokeSuspend(PluginBuilder.kt:245)
	at io.ktor.server.application.PluginBuilder$onDefaultPhase$1.invoke(PluginBuilder.kt)
	at io.ktor.server.application.PluginBuilder$onDefaultPhase$1.invoke(PluginBuilder.kt)
	at io.ktor.server.application.PluginBuilder$onDefaultPhaseWithMessage$1$1$1.invokeSuspend(PluginBuilder.kt:228)
	at io.ktor.server.application.PluginBuilder$onDefaultPhaseWithMessage$1$1$1.invoke(PluginBuilder.kt)
	at io.ktor.server.application.PluginBuilder$onDefaultPhaseWithMessage$1$1$1.invoke(PluginBuilder.kt)
	at io.ktor.util.debug.ContextUtilsKt.addToContextInDebugMode(ContextUtils.kt:34)
	at io.ktor.server.application.PluginBuilder$onDefaultPhaseWithMessage$1$1.invokeSuspend(PluginBuilder.kt:224)
	at io.ktor.server.application.PluginBuilder$onDefaultPhaseWithMessage$1$1.invoke(PluginBuilder.kt)
	at io.ktor.server.application.PluginBuilder$onDefaultPhaseWithMessage$1$1.invoke(PluginBuilder.kt)
	at io.ktor.util.pipeline.DebugPipelineContext.proceedLoop(DebugPipelineContext.kt:79)
	at io.ktor.util.pipeline.DebugPipelineContext.proceed(DebugPipelineContext.kt:57)
	at io.ktor.util.pipeline.DebugPipelineContext.execute$ktor_utils(DebugPipelineContext.kt:63)
	at io.ktor.util.pipeline.Pipeline.execute(Pipeline.kt:92)
	at io.ktor.server.application.PipelineCall.respond$suspendImpl(PipelineCall.kt:132)
	at io.ktor.server.application.PipelineCall.respond(PipelineCall.kt)
	at io.ktor.server.engine.BaseApplicationCall.respond(BaseApplicationCall.kt:16)
	at org.example.project.plugins.StatusPagesKt$configureStatusPages$1$3.invokeSuspend(StatusPages.kt:67)
	at org.example.project.plugins.StatusPagesKt$configureStatusPages$1$3.invoke(StatusPages.kt)
	at org.example.project.plugins.StatusPagesKt$configureStatusPages$1$3.invoke(StatusPages.kt)
	at io.ktor.server.plugins.statuspages.StatusPagesKt$StatusPages$2$2$1.invokeSuspend(StatusPages.kt:104)
	at io.ktor.server.plugins.statuspages.StatusPagesKt$StatusPages$2$2$1.invoke(StatusPages.kt)
	at io.ktor.server.plugins.statuspages.StatusPagesKt$StatusPages$2$2$1.invoke(StatusPages.kt)
	at io.ktor.server.plugins.calllogging.KtorMDCProvider$withMDCBlock$$inlined$withMDC$1.invokeSuspend(MDCEntryUtils.kt:22)
	at io.ktor.server.plugins.calllogging.KtorMDCProvider$withMDCBlock$$inlined$withMDC$1.invoke(MDCEntryUtils.kt)
	at io.ktor.server.plugins.calllogging.KtorMDCProvider$withMDCBlock$$inlined$withMDC$1.invoke(MDCEntryUtils.kt)
	at kotlinx.coroutines.intrinsics.UndispatchedKt.startUndspatched(Undispatched.kt:66)
	at kotlinx.coroutines.intrinsics.UndispatchedKt.startUndispatchedOrReturn(Undispatched.kt:43)
	at kotlinx.coroutines.BuildersKt__Builders_commonKt.withContext(Builders.common.kt:165)
	at kotlinx.coroutines.BuildersKt.withContext(Unknown Source)
	at io.ktor.server.plugins.calllogging.KtorMDCProvider.withMDCBlock(MDCProvider.kt:25)
	at io.ktor.server.plugins.statuspages.StatusPagesKt$StatusPages$2$2.invokeSuspend(StatusPages.kt:102)
	at io.ktor.server.plugins.statuspages.StatusPagesKt$StatusPages$2$2.invoke(StatusPages.kt)
	at io.ktor.server.plugins.statuspages.StatusPagesKt$StatusPages$2$2.invoke(StatusPages.kt)
	at io.ktor.server.application.hooks.CallFailed$install$1.invokeSuspend(CommonHooks.kt:52)
	at io.ktor.server.application.hooks.CallFailed$install$1.invoke(CommonHooks.kt)
	at io.ktor.server.application.hooks.CallFailed$install$1.invoke(CommonHooks.kt)
	at io.ktor.util.pipeline.DebugPipelineContext.proceedLoop(DebugPipelineContext.kt:79)
	at io.ktor.util.pipeline.DebugPipelineContext.proceed(DebugPipelineContext.kt:57)
	at io.ktor.util.pipeline.DebugPipelineContext.execute$ktor_utils(DebugPipelineContext.kt:63)
	at io.ktor.util.pipeline.Pipeline.execute(Pipeline.kt:92)
	at io.ktor.server.engine.DefaultEnginePipelineKt$defaultEnginePipeline$1$invokeSuspend$$inlined$execute$1.invokeSuspend(Pipeline.kt:510)
	at io.ktor.server.engine.DefaultEnginePipelineKt$defaultEnginePipeline$1$invokeSuspend$$inlined$execute$1.invoke(Pipeline.kt)
	at io.ktor.server.engine.DefaultEnginePipelineKt$defaultEnginePipeline$1$invokeSuspend$$inlined$execute$1.invoke(Pipeline.kt)
	at io.ktor.util.debug.ContextUtilsKt.initContextInDebugMode(ContextUtils.kt:19)
	at io.ktor.server.engine.DefaultEnginePipelineKt$defaultEnginePipeline$1.invokeSuspend(DefaultEnginePipeline.kt:136)
	at io.ktor.server.engine.DefaultEnginePipelineKt$defaultEnginePipeline$1.invoke(DefaultEnginePipeline.kt)
	at io.ktor.server.engine.DefaultEnginePipelineKt$defaultEnginePipeline$1.invoke(DefaultEnginePipeline.kt)
	at io.ktor.util.pipeline.DebugPipelineContext.proceedLoop(DebugPipelineContext.kt:79)
	at io.ktor.util.pipeline.DebugPipelineContext.proceed(DebugPipelineContext.kt:57)
	at io.ktor.server.engine.BaseApplicationResponse$Companion$setupFallbackResponse$1.invokeSuspend(BaseApplicationResponse.kt:349)
	at io.ktor.server.engine.BaseApplicationResponse$Companion$setupFallbackResponse$1.invoke(BaseApplicationResponse.kt)
	at io.ktor.server.engine.BaseApplicationResponse$Companion$setupFallbackResponse$1.invoke(BaseApplicationResponse.kt)
	at io.ktor.util.pipeline.DebugPipelineContext.proceedLoop(DebugPipelineContext.kt:79)
	at io.ktor.util.pipeline.DebugPipelineContext.proceed(DebugPipelineContext.kt:57)
	at io.ktor.util.pipeline.DebugPipelineContext.execute$ktor_utils(DebugPipelineContext.kt:63)
	at io.ktor.util.pipeline.Pipeline.execute(Pipeline.kt:92)
	at io.ktor.server.netty.NettyApplicationCallHandler$handleRequest$1$invokeSuspend$$inlined$execute$1.invokeSuspend(Pipeline.kt:510)
	at io.ktor.server.netty.NettyApplicationCallHandler$handleRequest$1$invokeSuspend$$inlined$execute$1.invoke(Pipeline.kt)
	at io.ktor.server.netty.NettyApplicationCallHandler$handleRequest$1$invokeSuspend$$inlined$execute$1.invoke(Pipeline.kt)
	at io.ktor.util.debug.ContextUtilsKt.initContextInDebugMode(ContextUtils.kt:19)
	at io.ktor.server.netty.NettyApplicationCallHandler$handleRequest$1.invokeSuspend(NettyApplicationCallHandler.kt:140)
	at io.ktor.server.netty.NettyApplicationCallHandler$handleRequest$1.invoke(NettyApplicationCallHandler.kt)
	at io.ktor.server.netty.NettyApplicationCallHandler$handleRequest$1.invoke(NettyApplicationCallHandler.kt)
	at kotlinx.coroutines.intrinsics.UndispatchedKt.startCoroutineUndispatched(Undispatched.kt:20)
	at kotlinx.coroutines.CoroutineStart.invoke(CoroutineStart.kt:360)
	at kotlinx.coroutines.AbstractCoroutine.start(AbstractCoroutine.kt:134)
	at kotlinx.coroutines.BuildersKt__Builders_commonKt.launch(Builders.common.kt:53)
	at kotlinx.coroutines.BuildersKt.launch(Unknown Source)
	at io.ktor.server.netty.NettyApplicationCallHandler.handleRequest(NettyApplicationCallHandler.kt:41)
	at io.ktor.server.netty.NettyApplicationCallHandler.channelRead(NettyApplicationCallHandler.kt:33)
	at io.netty.channel.AbstractChannelHandlerContext.fireChannelRead(AbstractChannelHandlerContext.java:356)
	at io.netty.channel.AbstractChannelHandlerContext.lambda$fireChannelRead$2(AbstractChannelHandlerContext.java:365)
	at io.netty.util.concurrent.AbstractEventExecutor.runTask(AbstractEventExecutor.java:148)
	at io.netty.util.concurrent.AbstractEventExecutor.safeExecute(AbstractEventExecutor.java:141)
	at io.netty.util.concurrent.SingleThreadEventExecutor.runAllTasks(SingleThreadEventExecutor.java:535)
	at io.netty.channel.SingleThreadIoEventLoop.run(SingleThreadIoEventLoop.java:201)
	at io.netty.util.concurrent.SingleThreadEventExecutor$5.run(SingleThreadEventExecutor.java:1193)
	at io.netty.util.internal.ThreadExecutorMap$2.run(ThreadExecutorMap.java:74)
	at io.netty.util.concurrent.FastThreadLocalRunnable.run(FastThreadLocalRunnable.java:30)
	at java.base/java.lang.Thread.run(Thread.java:1447)
2026-01-04 13:58:30.380 [eventLoopGroupProxy-4-1] INFO  Application - HTTP POST /auth/login -> 500 Internal Server Error
2026-01-04 13:59:41.855 [eventLoopGroupProxy-4-2] INFO  io.ktor.server.plugins.cors.CORS - POST /auth/register: Start handler
2026-01-04 13:59:41.856 [eventLoopGroupProxy-4-2] INFO  io.ktor.server.plugins.cors.CORS - POST /auth/register: Skip CORS handler because request lacks the Origin header
2026-01-04 13:59:41.865 [eventLoopGroupProxy-4-2] ERROR Application - Unhandled exception
java.lang.IllegalStateException: Serializing collections of different element types is not yet supported. Selected serializers: [kotlin.Boolean, kotlin.String]
	at io.ktor.serialization.kotlinx.SerializerLookupKt.elementSerializer(SerializerLookup.kt:64)
	at io.ktor.serialization.kotlinx.SerializerLookupKt.guessSerializer(SerializerLookup.kt:48)
	at io.ktor.serialization.kotlinx.KotlinxSerializationConverter.serialize(KotlinxSerializationConverter.kt:55)
	at io.ktor.server.plugins.contentnegotiation.ResponseConverterKt$convertResponseBody$1$2.invokeSuspend(ResponseConverter.kt:66)
	at io.ktor.server.plugins.contentnegotiation.ResponseConverterKt$convertResponseBody$1$2.invoke(ResponseConverter.kt)
	at io.ktor.server.plugins.contentnegotiation.ResponseConverterKt$convertResponseBody$1$2.invoke(ResponseConverter.kt)
	at io.ktor.server.application.OnCallRespondContext.transformBody(KtorCallContexts.kt:102)
	at io.ktor.server.plugins.contentnegotiation.ResponseConverterKt$convertResponseBody$1.invokeSuspend(ResponseConverter.kt:39)
	at io.ktor.server.plugins.contentnegotiation.ResponseConverterKt$convertResponseBody$1.invoke(ResponseConverter.kt)
	at io.ktor.server.plugins.contentnegotiation.ResponseConverterKt$convertResponseBody$1.invoke(ResponseConverter.kt)
	at io.ktor.server.application.PluginBuilder$onDefaultPhase$1.invokeSuspend(PluginBuilder.kt:245)
	at io.ktor.server.application.PluginBuilder$onDefaultPhase$1.invoke(PluginBuilder.kt)
	at io.ktor.server.application.PluginBuilder$onDefaultPhase$1.invoke(PluginBuilder.kt)
	at io.ktor.server.application.PluginBuilder$onDefaultPhaseWithMessage$1$1$1.invokeSuspend(PluginBuilder.kt:228)
	at io.ktor.server.application.PluginBuilder$onDefaultPhaseWithMessage$1$1$1.invoke(PluginBuilder.kt)
	at io.ktor.server.application.PluginBuilder$onDefaultPhaseWithMessage$1$1$1.invoke(PluginBuilder.kt)
	at io.ktor.util.debug.ContextUtilsKt.addToContextInDebugMode(ContextUtils.kt:34)
	at io.ktor.server.application.PluginBuilder$onDefaultPhaseWithMessage$1$1.invokeSuspend(PluginBuilder.kt:224)
	at io.ktor.server.application.PluginBuilder$onDefaultPhaseWithMessage$1$1.invoke(PluginBuilder.kt)
	at io.ktor.server.application.PluginBuilder$onDefaultPhaseWithMessage$1$1.invoke(PluginBuilder.kt)
	at io.ktor.util.pipeline.DebugPipelineContext.proceedLoop(DebugPipelineContext.kt:79)
	at io.ktor.util.pipeline.DebugPipelineContext.proceed(DebugPipelineContext.kt:57)
	at io.ktor.util.pipeline.DebugPipelineContext.execute$ktor_utils(DebugPipelineContext.kt:63)
	at io.ktor.util.pipeline.Pipeline.execute(Pipeline.kt:92)
	at io.ktor.server.application.PipelineCall.respond$suspendImpl(PipelineCall.kt:132)
	at io.ktor.server.application.PipelineCall.respond(PipelineCall.kt)
	at io.ktor.server.engine.BaseApplicationCall.respond(BaseApplicationCall.kt:16)
	at org.example.project.plugins.StatusPagesKt$configureStatusPages$1$4.invokeSuspend(StatusPages.kt:67)
	at org.example.project.plugins.StatusPagesKt$configureStatusPages$1$4.invoke(StatusPages.kt)
	at org.example.project.plugins.StatusPagesKt$configureStatusPages$1$4.invoke(StatusPages.kt)
	at io.ktor.server.plugins.statuspages.StatusPagesConfig$status$1$1.invokeSuspend(StatusPages.kt:175)
	at io.ktor.server.plugins.statuspages.StatusPagesConfig$status$1$1.invoke(StatusPages.kt)
	at io.ktor.server.plugins.statuspages.StatusPagesConfig$status$1$1.invoke(StatusPages.kt)
	at io.ktor.server.plugins.statuspages.StatusPagesKt$StatusPages$2$1.invokeSuspend(StatusPages.kt:80)
	at io.ktor.server.plugins.statuspages.StatusPagesKt$StatusPages$2$1.invoke(StatusPages.kt)
	at io.ktor.server.plugins.statuspages.StatusPagesKt$StatusPages$2$1.invoke(StatusPages.kt)
	at io.ktor.server.application.hooks.ResponseBodyReadyForSend$install$1.invokeSuspend(CommonHooks.kt:114)
	at io.ktor.server.application.hooks.ResponseBodyReadyForSend$install$1.invoke(CommonHooks.kt)
	at io.ktor.server.application.hooks.ResponseBodyReadyForSend$install$1.invoke(CommonHooks.kt)
	at io.ktor.util.pipeline.DebugPipelineContext.proceedLoop(DebugPipelineContext.kt:79)
	at io.ktor.util.pipeline.DebugPipelineContext.proceed(DebugPipelineContext.kt:57)
	at io.ktor.util.pipeline.DebugPipelineContext.proceedWith(DebugPipelineContext.kt:42)
	at io.ktor.server.engine.DefaultTransformKt$installDefaultTransformations$1.invokeSuspend(DefaultTransform.kt:31)
	at io.ktor.server.engine.DefaultTransformKt$installDefaultTransformations$1.invoke(DefaultTransform.kt)
	at io.ktor.server.engine.DefaultTransformKt$installDefaultTransformations$1.invoke(DefaultTransform.kt)
	at io.ktor.util.pipeline.DebugPipelineContext.proceedLoop(DebugPipelineContext.kt:79)
	at io.ktor.util.pipeline.DebugPipelineContext.proceed(DebugPipelineContext.kt:57)
	at io.ktor.util.pipeline.DebugPipelineContext.execute$ktor_utils(DebugPipelineContext.kt:63)
	at io.ktor.util.pipeline.Pipeline.execute(Pipeline.kt:92)
	at io.ktor.server.application.PipelineCall.respond$suspendImpl(PipelineCall.kt:132)
	at io.ktor.server.application.PipelineCall.respond(PipelineCall.kt)
	at io.ktor.server.engine.BaseApplicationCall.respond(BaseApplicationCall.kt:16)
	at io.ktor.server.engine.BaseApplicationEngineKt$installDefaultInterceptors$1.invokeSuspend(BaseApplicationEngine.kt:138)
	at io.ktor.server.engine.BaseApplicationEngineKt$installDefaultInterceptors$1.invoke(BaseApplicationEngine.kt)
	at io.ktor.server.engine.BaseApplicationEngineKt$installDefaultInterceptors$1.invoke(BaseApplicationEngine.kt)
	at io.ktor.util.pipeline.DebugPipelineContext.proceedLoop(DebugPipelineContext.kt:79)
	at io.ktor.util.pipeline.DebugPipelineContext.proceed(DebugPipelineContext.kt:57)
	at io.ktor.server.engine.BaseApplicationEngineKt$installDefaultTransformationChecker$1.invokeSuspend(BaseApplicationEngine.kt:119)
	at io.ktor.server.engine.BaseApplicationEngineKt$installDefaultTransformationChecker$1.invoke(BaseApplicationEngine.kt)
	at io.ktor.server.engine.BaseApplicationEngineKt$installDefaultTransformationChecker$1.invoke(BaseApplicationEngine.kt)
	at io.ktor.util.pipeline.DebugPipelineContext.proceedLoop(DebugPipelineContext.kt:79)
	at io.ktor.util.pipeline.DebugPipelineContext.proceed(DebugPipelineContext.kt:57)
	at io.ktor.server.application.hooks.CallFailed$install$1$1.invokeSuspend(CommonHooks.kt:49)
	at io.ktor.server.application.hooks.CallFailed$install$1$1.invoke(CommonHooks.kt)
	at io.ktor.server.application.hooks.CallFailed$install$1$1.invoke(CommonHooks.kt)
	at kotlinx.coroutines.intrinsics.UndispatchedKt.startUndspatched(Undispatched.kt:66)
	at kotlinx.coroutines.intrinsics.UndispatchedKt.startUndispatchedOrReturn(Undispatched.kt:43)
	at kotlinx.coroutines.CoroutineScopeKt.coroutineScope(CoroutineScope.kt:286)
	at io.ktor.server.application.hooks.CallFailed$install$1.invokeSuspend(CommonHooks.kt:48)
	at io.ktor.server.application.hooks.CallFailed$install$1.invoke(CommonHooks.kt)
	at io.ktor.server.application.hooks.CallFailed$install$1.invoke(CommonHooks.kt)
	at io.ktor.util.pipeline.DebugPipelineContext.proceedLoop(DebugPipelineContext.kt:79)
	at io.ktor.util.pipeline.DebugPipelineContext.proceed(DebugPipelineContext.kt:57)
	at io.ktor.util.pipeline.DebugPipelineContext.execute$ktor_utils(DebugPipelineContext.kt:63)
	at io.ktor.util.pipeline.Pipeline.execute(Pipeline.kt:92)
	at io.ktor.server.engine.DefaultEnginePipelineKt$defaultEnginePipeline$1$invokeSuspend$$inlined$execute$1.invokeSuspend(Pipeline.kt:510)
	at io.ktor.server.engine.DefaultEnginePipelineKt$defaultEnginePipeline$1$invokeSuspend$$inlined$execute$1.invoke(Pipeline.kt)
	at io.ktor.server.engine.DefaultEnginePipelineKt$defaultEnginePipeline$1$invokeSuspend$$inlined$execute$1.invoke(Pipeline.kt)
	at io.ktor.util.debug.ContextUtilsKt.initContextInDebugMode(ContextUtils.kt:19)
	at io.ktor.server.engine.DefaultEnginePipelineKt$defaultEnginePipeline$1.invokeSuspend(DefaultEnginePipeline.kt:136)
	at io.ktor.server.engine.DefaultEnginePipelineKt$defaultEnginePipeline$1.invoke(DefaultEnginePipeline.kt)
	at io.ktor.server.engine.DefaultEnginePipelineKt$defaultEnginePipeline$1.invoke(DefaultEnginePipeline.kt)
	at io.ktor.util.pipeline.DebugPipelineContext.proceedLoop(DebugPipelineContext.kt:79)
	at io.ktor.util.pipeline.DebugPipelineContext.proceed(DebugPipelineContext.kt:57)
	at io.ktor.server.engine.BaseApplicationResponse$Companion$setupFallbackResponse$1.invokeSuspend(BaseApplicationResponse.kt:349)
	at io.ktor.server.engine.BaseApplicationResponse$Companion$setupFallbackResponse$1.invoke(BaseApplicationResponse.kt)
	at io.ktor.server.engine.BaseApplicationResponse$Companion$setupFallbackResponse$1.invoke(BaseApplicationResponse.kt)
	at io.ktor.util.pipeline.DebugPipelineContext.proceedLoop(DebugPipelineContext.kt:79)
	at io.ktor.util.pipeline.DebugPipelineContext.proceed(DebugPipelineContext.kt:57)
	at io.ktor.util.pipeline.DebugPipelineContext.execute$ktor_utils(DebugPipelineContext.kt:63)
	at io.ktor.util.pipeline.Pipeline.execute(Pipeline.kt:92)
	at io.ktor.server.netty.NettyApplicationCallHandler$handleRequest$1$invokeSuspend$$inlined$execute$1.invokeSuspend(Pipeline.kt:510)
	at io.ktor.server.netty.NettyApplicationCallHandler$handleRequest$1$invokeSuspend$$inlined$execute$1.invoke(Pipeline.kt)
	at io.ktor.server.netty.NettyApplicationCallHandler$handleRequest$1$invokeSuspend$$inlined$execute$1.invoke(Pipeline.kt)
	at io.ktor.util.debug.ContextUtilsKt.initContextInDebugMode(ContextUtils.kt:19)
	at io.ktor.server.netty.NettyApplicationCallHandler$handleRequest$1.invokeSuspend(NettyApplicationCallHandler.kt:140)
	at io.ktor.server.netty.NettyApplicationCallHandler$handleRequest$1.invoke(NettyApplicationCallHandler.kt)
	at io.ktor.server.netty.NettyApplicationCallHandler$handleRequest$1.invoke(NettyApplicationCallHandler.kt)
	at kotlinx.coroutines.intrinsics.UndispatchedKt.startCoroutineUndispatched(Undispatched.kt:20)
	at kotlinx.coroutines.CoroutineStart.invoke(CoroutineStart.kt:360)
	at kotlinx.coroutines.AbstractCoroutine.start(AbstractCoroutine.kt:134)
	at kotlinx.coroutines.BuildersKt__Builders_commonKt.launch(Builders.common.kt:53)
	at kotlinx.coroutines.BuildersKt.launch(Unknown Source)
	at io.ktor.server.netty.NettyApplicationCallHandler.handleRequest(NettyApplicationCallHandler.kt:41)
	at io.ktor.server.netty.NettyApplicationCallHandler.channelRead(NettyApplicationCallHandler.kt:33)
	at io.netty.channel.AbstractChannelHandlerContext.fireChannelRead(AbstractChannelHandlerContext.java:356)
	at io.netty.channel.AbstractChannelHandlerContext.lambda$fireChannelRead$2(AbstractChannelHandlerContext.java:365)
	at io.netty.util.concurrent.AbstractEventExecutor.runTask(AbstractEventExecutor.java:148)
	at io.netty.util.concurrent.AbstractEventExecutor.safeExecute(AbstractEventExecutor.java:141)
	at io.netty.util.concurrent.SingleThreadEventExecutor.runAllTasks(SingleThreadEventExecutor.java:535)
	at io.netty.channel.SingleThreadIoEventLoop.run(SingleThreadIoEventLoop.java:201)
	at io.netty.util.concurrent.SingleThreadEventExecutor$5.run(SingleThreadEventExecutor.java:1193)
	at io.netty.util.internal.ThreadExecutorMap$2.run(ThreadExecutorMap.java:74)
	at io.netty.util.concurrent.FastThreadLocalRunnable.run(FastThreadLocalRunnable.java:30)
	at java.base/java.lang.Thread.run(Thread.java:1447)
2026-01-04 13:59:41.869 [eventLoopGroupProxy-4-2] ERROR Application - 500 Internal Server Error: POST - /auth/register
java.lang.IllegalStateException: Serializing collections of different element types is not yet supported. Selected serializers: [kotlin.Boolean, kotlin.String]
	at io.ktor.serialization.kotlinx.SerializerLookupKt.elementSerializer(SerializerLookup.kt:64)
	at io.ktor.serialization.kotlinx.SerializerLookupKt.guessSerializer(SerializerLookup.kt:48)
	at io.ktor.serialization.kotlinx.KotlinxSerializationConverter.serialize(KotlinxSerializationConverter.kt:55)
	at io.ktor.server.plugins.contentnegotiation.ResponseConverterKt$convertResponseBody$1$2.invokeSuspend(ResponseConverter.kt:66)
	at io.ktor.server.plugins.contentnegotiation.ResponseConverterKt$convertResponseBody$1$2.invoke(ResponseConverter.kt)
	at io.ktor.server.plugins.contentnegotiation.ResponseConverterKt$convertResponseBody$1$2.invoke(ResponseConverter.kt)
	at io.ktor.server.application.OnCallRespondContext.transformBody(KtorCallContexts.kt:102)
	at io.ktor.server.plugins.contentnegotiation.ResponseConverterKt$convertResponseBody$1.invokeSuspend(ResponseConverter.kt:39)
	at io.ktor.server.plugins.contentnegotiation.ResponseConverterKt$convertResponseBody$1.invoke(ResponseConverter.kt)
	at io.ktor.server.plugins.contentnegotiation.ResponseConverterKt$convertResponseBody$1.invoke(ResponseConverter.kt)
	at io.ktor.server.application.PluginBuilder$onDefaultPhase$1.invokeSuspend(PluginBuilder.kt:245)
	at io.ktor.server.application.PluginBuilder$onDefaultPhase$1.invoke(PluginBuilder.kt)
	at io.ktor.server.application.PluginBuilder$onDefaultPhase$1.invoke(PluginBuilder.kt)
	at io.ktor.server.application.PluginBuilder$onDefaultPhaseWithMessage$1$1$1.invokeSuspend(PluginBuilder.kt:228)
	at io.ktor.server.application.PluginBuilder$onDefaultPhaseWithMessage$1$1$1.invoke(PluginBuilder.kt)
	at io.ktor.server.application.PluginBuilder$onDefaultPhaseWithMessage$1$1$1.invoke(PluginBuilder.kt)
	at io.ktor.util.debug.ContextUtilsKt.addToContextInDebugMode(ContextUtils.kt:34)
	at io.ktor.server.application.PluginBuilder$onDefaultPhaseWithMessage$1$1.invokeSuspend(PluginBuilder.kt:224)
	at io.ktor.server.application.PluginBuilder$onDefaultPhaseWithMessage$1$1.invoke(PluginBuilder.kt)
	at io.ktor.server.application.PluginBuilder$onDefaultPhaseWithMessage$1$1.invoke(PluginBuilder.kt)
	at io.ktor.util.pipeline.DebugPipelineContext.proceedLoop(DebugPipelineContext.kt:79)
	at io.ktor.util.pipeline.DebugPipelineContext.proceed(DebugPipelineContext.kt:57)
	at io.ktor.util.pipeline.DebugPipelineContext.execute$ktor_utils(DebugPipelineContext.kt:63)
	at io.ktor.util.pipeline.Pipeline.execute(Pipeline.kt:92)
	at io.ktor.server.application.PipelineCall.respond$suspendImpl(PipelineCall.kt:132)
	at io.ktor.server.application.PipelineCall.respond(PipelineCall.kt)
	at io.ktor.server.engine.BaseApplicationCall.respond(BaseApplicationCall.kt:16)
	at org.example.project.plugins.StatusPagesKt$configureStatusPages$1$3.invokeSuspend(StatusPages.kt:67)
	at org.example.project.plugins.StatusPagesKt$configureStatusPages$1$3.invoke(StatusPages.kt)
	at org.example.project.plugins.StatusPagesKt$configureStatusPages$1$3.invoke(StatusPages.kt)
	at io.ktor.server.plugins.statuspages.StatusPagesKt$StatusPages$2$2$1.invokeSuspend(StatusPages.kt:104)
	at io.ktor.server.plugins.statuspages.StatusPagesKt$StatusPages$2$2$1.invoke(StatusPages.kt)
	at io.ktor.server.plugins.statuspages.StatusPagesKt$StatusPages$2$2$1.invoke(StatusPages.kt)
	at io.ktor.server.plugins.calllogging.KtorMDCProvider$withMDCBlock$$inlined$withMDC$1.invokeSuspend(MDCEntryUtils.kt:22)
	at io.ktor.server.plugins.calllogging.KtorMDCProvider$withMDCBlock$$inlined$withMDC$1.invoke(MDCEntryUtils.kt)
	at io.ktor.server.plugins.calllogging.KtorMDCProvider$withMDCBlock$$inlined$withMDC$1.invoke(MDCEntryUtils.kt)
	at kotlinx.coroutines.intrinsics.UndispatchedKt.startUndspatched(Undispatched.kt:66)
	at kotlinx.coroutines.intrinsics.UndispatchedKt.startUndispatchedOrReturn(Undispatched.kt:43)
	at kotlinx.coroutines.BuildersKt__Builders_commonKt.withContext(Builders.common.kt:165)
	at kotlinx.coroutines.BuildersKt.withContext(Unknown Source)
	at io.ktor.server.plugins.calllogging.KtorMDCProvider.withMDCBlock(MDCProvider.kt:25)
	at io.ktor.server.plugins.statuspages.StatusPagesKt$StatusPages$2$2.invokeSuspend(StatusPages.kt:102)
	at io.ktor.server.plugins.statuspages.StatusPagesKt$StatusPages$2$2.invoke(StatusPages.kt)
	at io.ktor.server.plugins.statuspages.StatusPagesKt$StatusPages$2$2.invoke(StatusPages.kt)
	at io.ktor.server.application.hooks.CallFailed$install$1.invokeSuspend(CommonHooks.kt:52)
	at io.ktor.server.application.hooks.CallFailed$install$1.invoke(CommonHooks.kt)
	at io.ktor.server.application.hooks.CallFailed$install$1.invoke(CommonHooks.kt)
	at io.ktor.util.pipeline.DebugPipelineContext.proceedLoop(DebugPipelineContext.kt:79)
	at io.ktor.util.pipeline.DebugPipelineContext.proceed(DebugPipelineContext.kt:57)
	at io.ktor.util.pipeline.DebugPipelineContext.execute$ktor_utils(DebugPipelineContext.kt:63)
	at io.ktor.util.pipeline.Pipeline.execute(Pipeline.kt:92)
	at io.ktor.server.engine.DefaultEnginePipelineKt$defaultEnginePipeline$1$invokeSuspend$$inlined$execute$1.invokeSuspend(Pipeline.kt:510)
	at io.ktor.server.engine.DefaultEnginePipelineKt$defaultEnginePipeline$1$invokeSuspend$$inlined$execute$1.invoke(Pipeline.kt)
	at io.ktor.server.engine.DefaultEnginePipelineKt$defaultEnginePipeline$1$invokeSuspend$$inlined$execute$1.invoke(Pipeline.kt)
	at io.ktor.util.debug.ContextUtilsKt.initContextInDebugMode(ContextUtils.kt:19)
	at io.ktor.server.engine.DefaultEnginePipelineKt$defaultEnginePipeline$1.invokeSuspend(DefaultEnginePipeline.kt:136)
	at io.ktor.server.engine.DefaultEnginePipelineKt$defaultEnginePipeline$1.invoke(DefaultEnginePipeline.kt)
	at io.ktor.server.engine.DefaultEnginePipelineKt$defaultEnginePipeline$1.invoke(DefaultEnginePipeline.kt)
	at io.ktor.util.pipeline.DebugPipelineContext.proceedLoop(DebugPipelineContext.kt:79)
	at io.ktor.util.pipeline.DebugPipelineContext.proceed(DebugPipelineContext.kt:57)
	at io.ktor.server.engine.BaseApplicationResponse$Companion$setupFallbackResponse$1.invokeSuspend(BaseApplicationResponse.kt:349)
	at io.ktor.server.engine.BaseApplicationResponse$Companion$setupFallbackResponse$1.invoke(BaseApplicationResponse.kt)
	at io.ktor.server.engine.BaseApplicationResponse$Companion$setupFallbackResponse$1.invoke(BaseApplicationResponse.kt)
	at io.ktor.util.pipeline.DebugPipelineContext.proceedLoop(DebugPipelineContext.kt:79)
	at io.ktor.util.pipeline.DebugPipelineContext.proceed(DebugPipelineContext.kt:57)
	at io.ktor.util.pipeline.DebugPipelineContext.execute$ktor_utils(DebugPipelineContext.kt:63)
	at io.ktor.util.pipeline.Pipeline.execute(Pipeline.kt:92)
	at io.ktor.server.netty.NettyApplicationCallHandler$handleRequest$1$invokeSuspend$$inlined$execute$1.invokeSuspend(Pipeline.kt:510)
	at io.ktor.server.netty.NettyApplicationCallHandler$handleRequest$1$invokeSuspend$$inlined$execute$1.invoke(Pipeline.kt)
	at io.ktor.server.netty.NettyApplicationCallHandler$handleRequest$1$invokeSuspend$$inlined$execute$1.invoke(Pipeline.kt)
	at io.ktor.util.debug.ContextUtilsKt.initContextInDebugMode(ContextUtils.kt:19)
	at io.ktor.server.netty.NettyApplicationCallHandler$handleRequest$1.invokeSuspend(NettyApplicationCallHandler.kt:140)
	at io.ktor.server.netty.NettyApplicationCallHandler$handleRequest$1.invoke(NettyApplicationCallHandler.kt)
	at io.ktor.server.netty.NettyApplicationCallHandler$handleRequest$1.invoke(NettyApplicationCallHandler.kt)
	at kotlinx.coroutines.intrinsics.UndispatchedKt.startCoroutineUndispatched(Undispatched.kt:20)
	at kotlinx.coroutines.CoroutineStart.invoke(CoroutineStart.kt:360)
	at kotlinx.coroutines.AbstractCoroutine.start(AbstractCoroutine.kt:134)
	at kotlinx.coroutines.BuildersKt__Builders_commonKt.launch(Builders.common.kt:53)
	at kotlinx.coroutines.BuildersKt.launch(Unknown Source)
	at io.ktor.server.netty.NettyApplicationCallHandler.handleRequest(NettyApplicationCallHandler.kt:41)
	at io.ktor.server.netty.NettyApplicationCallHandler.channelRead(NettyApplicationCallHandler.kt:33)
	at io.netty.channel.AbstractChannelHandlerContext.fireChannelRead(AbstractChannelHandlerContext.java:356)
	at io.netty.channel.AbstractChannelHandlerContext.lambda$fireChannelRead$2(AbstractChannelHandlerContext.java:365)
	at io.netty.util.concurrent.AbstractEventExecutor.runTask(AbstractEventExecutor.java:148)
	at io.netty.util.concurrent.AbstractEventExecutor.safeExecute(AbstractEventExecutor.java:141)
	at io.netty.util.concurrent.SingleThreadEventExecutor.runAllTasks(SingleThreadEventExecutor.java:535)
	at io.netty.channel.SingleThreadIoEventLoop.run(SingleThreadIoEventLoop.java:201)
	at io.netty.util.concurrent.SingleThreadEventExecutor$5.run(SingleThreadEventExecutor.java:1193)
	at io.netty.util.internal.ThreadExecutorMap$2.run(ThreadExecutorMap.java:74)
	at io.netty.util.concurrent.FastThreadLocalRunnable.run(FastThreadLocalRunnable.java:30)
	at java.base/java.lang.Thread.run(Thread.java:1447)
2026-01-04 13:59:41.884 [eventLoopGroupProxy-4-2] INFO  Application - HTTP POST /auth/register -> 500 Internal Server Error
2026-01-04 14:05:32.952 [eventLoopGroupProxy-4-3] INFO  io.ktor.server.plugins.cors.CORS - POST /auth/login: Start handler
2026-01-04 14:05:32.952 [eventLoopGroupProxy-4-3] INFO  io.ktor.server.plugins.cors.CORS - POST /auth/login: Skip CORS handler because request lacks the Origin header
2026-01-04 14:05:32.961 [eventLoopGroupProxy-4-3] ERROR Application - Unhandled exception
java.lang.IllegalStateException: Serializing collections of different element types is not yet supported. Selected serializers: [kotlin.Boolean, kotlin.String]
	at io.ktor.serialization.kotlinx.SerializerLookupKt.elementSerializer(SerializerLookup.kt:64)
	at io.ktor.serialization.kotlinx.SerializerLookupKt.guessSerializer(SerializerLookup.kt:48)
	at io.ktor.serialization.kotlinx.KotlinxSerializationConverter.serialize(KotlinxSerializationConverter.kt:55)
	at io.ktor.server.plugins.contentnegotiation.ResponseConverterKt$convertResponseBody$1$2.invokeSuspend(ResponseConverter.kt:66)
	at io.ktor.server.plugins.contentnegotiation.ResponseConverterKt$convertResponseBody$1$2.invoke(ResponseConverter.kt)
	at io.ktor.server.plugins.contentnegotiation.ResponseConverterKt$convertResponseBody$1$2.invoke(ResponseConverter.kt)
	at io.ktor.server.application.OnCallRespondContext.transformBody(KtorCallContexts.kt:102)
	at io.ktor.server.plugins.contentnegotiation.ResponseConverterKt$convertResponseBody$1.invokeSuspend(ResponseConverter.kt:39)
	at io.ktor.server.plugins.contentnegotiation.ResponseConverterKt$convertResponseBody$1.invoke(ResponseConverter.kt)
	at io.ktor.server.plugins.contentnegotiation.ResponseConverterKt$convertResponseBody$1.invoke(ResponseConverter.kt)
	at io.ktor.server.application.PluginBuilder$onDefaultPhase$1.invokeSuspend(PluginBuilder.kt:245)
	at io.ktor.server.application.PluginBuilder$onDefaultPhase$1.invoke(PluginBuilder.kt)
	at io.ktor.server.application.PluginBuilder$onDefaultPhase$1.invoke(PluginBuilder.kt)
	at io.ktor.server.application.PluginBuilder$onDefaultPhaseWithMessage$1$1$1.invokeSuspend(PluginBuilder.kt:228)
	at io.ktor.server.application.PluginBuilder$onDefaultPhaseWithMessage$1$1$1.invoke(PluginBuilder.kt)
	at io.ktor.server.application.PluginBuilder$onDefaultPhaseWithMessage$1$1$1.invoke(PluginBuilder.kt)
	at io.ktor.util.debug.ContextUtilsKt.addToContextInDebugMode(ContextUtils.kt:34)
	at io.ktor.server.application.PluginBuilder$onDefaultPhaseWithMessage$1$1.invokeSuspend(PluginBuilder.kt:224)
	at io.ktor.server.application.PluginBuilder$onDefaultPhaseWithMessage$1$1.invoke(PluginBuilder.kt)
	at io.ktor.server.application.PluginBuilder$onDefaultPhaseWithMessage$1$1.invoke(PluginBuilder.kt)
	at io.ktor.util.pipeline.DebugPipelineContext.proceedLoop(DebugPipelineContext.kt:79)
	at io.ktor.util.pipeline.DebugPipelineContext.proceed(DebugPipelineContext.kt:57)
	at io.ktor.util.pipeline.DebugPipelineContext.execute$ktor_utils(DebugPipelineContext.kt:63)
	at io.ktor.util.pipeline.Pipeline.execute(Pipeline.kt:92)
	at io.ktor.server.application.PipelineCall.respond$suspendImpl(PipelineCall.kt:132)
	at io.ktor.server.application.PipelineCall.respond(PipelineCall.kt)
	at io.ktor.server.engine.BaseApplicationCall.respond(BaseApplicationCall.kt:16)
	at org.example.project.plugins.StatusPagesKt$configureStatusPages$1$4.invokeSuspend(StatusPages.kt:67)
	at org.example.project.plugins.StatusPagesKt$configureStatusPages$1$4.invoke(StatusPages.kt)
	at org.example.project.plugins.StatusPagesKt$configureStatusPages$1$4.invoke(StatusPages.kt)
	at io.ktor.server.plugins.statuspages.StatusPagesConfig$status$1$1.invokeSuspend(StatusPages.kt:175)
	at io.ktor.server.plugins.statuspages.StatusPagesConfig$status$1$1.invoke(StatusPages.kt)
	at io.ktor.server.plugins.statuspages.StatusPagesConfig$status$1$1.invoke(StatusPages.kt)
	at io.ktor.server.plugins.statuspages.StatusPagesKt$StatusPages$2$1.invokeSuspend(StatusPages.kt:80)
	at io.ktor.server.plugins.statuspages.StatusPagesKt$StatusPages$2$1.invoke(StatusPages.kt)
	at io.ktor.server.plugins.statuspages.StatusPagesKt$StatusPages$2$1.invoke(StatusPages.kt)
	at io.ktor.server.application.hooks.ResponseBodyReadyForSend$install$1.invokeSuspend(CommonHooks.kt:114)
	at io.ktor.server.application.hooks.ResponseBodyReadyForSend$install$1.invoke(CommonHooks.kt)
	at io.ktor.server.application.hooks.ResponseBodyReadyForSend$install$1.invoke(CommonHooks.kt)
	at io.ktor.util.pipeline.DebugPipelineContext.proceedLoop(DebugPipelineContext.kt:79)
	at io.ktor.util.pipeline.DebugPipelineContext.proceed(DebugPipelineContext.kt:57)
	at io.ktor.util.pipeline.DebugPipelineContext.proceedWith(DebugPipelineContext.kt:42)
	at io.ktor.server.engine.DefaultTransformKt$installDefaultTransformations$1.invokeSuspend(DefaultTransform.kt:31)
	at io.ktor.server.engine.DefaultTransformKt$installDefaultTransformations$1.invoke(DefaultTransform.kt)
	at io.ktor.server.engine.DefaultTransformKt$installDefaultTransformations$1.invoke(DefaultTransform.kt)
	at io.ktor.util.pipeline.DebugPipelineContext.proceedLoop(DebugPipelineContext.kt:79)
	at io.ktor.util.pipeline.DebugPipelineContext.proceed(DebugPipelineContext.kt:57)
	at io.ktor.util.pipeline.DebugPipelineContext.execute$ktor_utils(DebugPipelineContext.kt:63)
	at io.ktor.util.pipeline.Pipeline.execute(Pipeline.kt:92)
	at io.ktor.server.application.PipelineCall.respond$suspendImpl(PipelineCall.kt:132)
	at io.ktor.server.application.PipelineCall.respond(PipelineCall.kt)
	at io.ktor.server.engine.BaseApplicationCall.respond(BaseApplicationCall.kt:16)
	at io.ktor.server.engine.BaseApplicationEngineKt$installDefaultInterceptors$1.invokeSuspend(BaseApplicationEngine.kt:138)
	at io.ktor.server.engine.BaseApplicationEngineKt$installDefaultInterceptors$1.invoke(BaseApplicationEngine.kt)
	at io.ktor.server.engine.BaseApplicationEngineKt$installDefaultInterceptors$1.invoke(BaseApplicationEngine.kt)
	at io.ktor.util.pipeline.DebugPipelineContext.proceedLoop(DebugPipelineContext.kt:79)
	at io.ktor.util.pipeline.DebugPipelineContext.proceed(DebugPipelineContext.kt:57)
	at io.ktor.server.engine.BaseApplicationEngineKt$installDefaultTransformationChecker$1.invokeSuspend(BaseApplicationEngine.kt:119)
	at io.ktor.server.engine.BaseApplicationEngineKt$installDefaultTransformationChecker$1.invoke(BaseApplicationEngine.kt)
	at io.ktor.server.engine.BaseApplicationEngineKt$installDefaultTransformationChecker$1.invoke(BaseApplicationEngine.kt)
	at io.ktor.util.pipeline.DebugPipelineContext.proceedLoop(DebugPipelineContext.kt:79)
	at io.ktor.util.pipeline.DebugPipelineContext.proceed(DebugPipelineContext.kt:57)
	at io.ktor.server.application.hooks.CallFailed$install$1$1.invokeSuspend(CommonHooks.kt:49)
	at io.ktor.server.application.hooks.CallFailed$install$1$1.invoke(CommonHooks.kt)
	at io.ktor.server.application.hooks.CallFailed$install$1$1.invoke(CommonHooks.kt)
	at kotlinx.coroutines.intrinsics.UndispatchedKt.startUndspatched(Undispatched.kt:66)
	at kotlinx.coroutines.intrinsics.UndispatchedKt.startUndispatchedOrReturn(Undispatched.kt:43)
	at kotlinx.coroutines.CoroutineScopeKt.coroutineScope(CoroutineScope.kt:286)
	at io.ktor.server.application.hooks.CallFailed$install$1.invokeSuspend(CommonHooks.kt:48)
	at io.ktor.server.application.hooks.CallFailed$install$1.invoke(CommonHooks.kt)
	at io.ktor.server.application.hooks.CallFailed$install$1.invoke(CommonHooks.kt)
	at io.ktor.util.pipeline.DebugPipelineContext.proceedLoop(DebugPipelineContext.kt:79)
	at io.ktor.util.pipeline.DebugPipelineContext.proceed(DebugPipelineContext.kt:57)
	at io.ktor.util.pipeline.DebugPipelineContext.execute$ktor_utils(DebugPipelineContext.kt:63)
	at io.ktor.util.pipeline.Pipeline.execute(Pipeline.kt:92)
	at io.ktor.server.engine.DefaultEnginePipelineKt$defaultEnginePipeline$1$invokeSuspend$$inlined$execute$1.invokeSuspend(Pipeline.kt:510)
	at io.ktor.server.engine.DefaultEnginePipelineKt$defaultEnginePipeline$1$invokeSuspend$$inlined$execute$1.invoke(Pipeline.kt)
	at io.ktor.server.engine.DefaultEnginePipelineKt$defaultEnginePipeline$1$invokeSuspend$$inlined$execute$1.invoke(Pipeline.kt)
	at io.ktor.util.debug.ContextUtilsKt.initContextInDebugMode(ContextUtils.kt:19)
	at io.ktor.server.engine.DefaultEnginePipelineKt$defaultEnginePipeline$1.invokeSuspend(DefaultEnginePipeline.kt:136)
	at io.ktor.server.engine.DefaultEnginePipelineKt$defaultEnginePipeline$1.invoke(DefaultEnginePipeline.kt)
	at io.ktor.server.engine.DefaultEnginePipelineKt$defaultEnginePipeline$1.invoke(DefaultEnginePipeline.kt)
	at io.ktor.util.pipeline.DebugPipelineContext.proceedLoop(DebugPipelineContext.kt:79)
	at io.ktor.util.pipeline.DebugPipelineContext.proceed(DebugPipelineContext.kt:57)
	at io.ktor.server.engine.BaseApplicationResponse$Companion$setupFallbackResponse$1.invokeSuspend(BaseApplicationResponse.kt:349)
	at io.ktor.server.engine.BaseApplicationResponse$Companion$setupFallbackResponse$1.invoke(BaseApplicationResponse.kt)
	at io.ktor.server.engine.BaseApplicationResponse$Companion$setupFallbackResponse$1.invoke(BaseApplicationResponse.kt)
	at io.ktor.util.pipeline.DebugPipelineContext.proceedLoop(DebugPipelineContext.kt:79)
	at io.ktor.util.pipeline.DebugPipelineContext.proceed(DebugPipelineContext.kt:57)
	at io.ktor.util.pipeline.DebugPipelineContext.execute$ktor_utils(DebugPipelineContext.kt:63)
	at io.ktor.util.pipeline.Pipeline.execute(Pipeline.kt:92)
	at io.ktor.server.netty.NettyApplicationCallHandler$handleRequest$1$invokeSuspend$$inlined$execute$1.invokeSuspend(Pipeline.kt:510)
	at io.ktor.server.netty.NettyApplicationCallHandler$handleRequest$1$invokeSuspend$$inlined$execute$1.invoke(Pipeline.kt)
	at io.ktor.server.netty.NettyApplicationCallHandler$handleRequest$1$invokeSuspend$$inlined$execute$1.invoke(Pipeline.kt)
	at io.ktor.util.debug.ContextUtilsKt.initContextInDebugMode(ContextUtils.kt:19)
	at io.ktor.server.netty.NettyApplicationCallHandler$handleRequest$1.invokeSuspend(NettyApplicationCallHandler.kt:140)
	at io.ktor.server.netty.NettyApplicationCallHandler$handleRequest$1.invoke(NettyApplicationCallHandler.kt)
	at io.ktor.server.netty.NettyApplicationCallHandler$handleRequest$1.invoke(NettyApplicationCallHandler.kt)
	at kotlinx.coroutines.intrinsics.UndispatchedKt.startCoroutineUndispatched(Undispatched.kt:20)
	at kotlinx.coroutines.CoroutineStart.invoke(CoroutineStart.kt:360)
	at kotlinx.coroutines.AbstractCoroutine.start(AbstractCoroutine.kt:134)
	at kotlinx.coroutines.BuildersKt__Builders_commonKt.launch(Builders.common.kt:53)
	at kotlinx.coroutines.BuildersKt.launch(Unknown Source)
	at io.ktor.server.netty.NettyApplicationCallHandler.handleRequest(NettyApplicationCallHandler.kt:41)
	at io.ktor.server.netty.NettyApplicationCallHandler.channelRead(NettyApplicationCallHandler.kt:33)
	at io.netty.channel.AbstractChannelHandlerContext.fireChannelRead(AbstractChannelHandlerContext.java:356)
	at io.netty.channel.AbstractChannelHandlerContext.lambda$fireChannelRead$2(AbstractChannelHandlerContext.java:365)
	at io.netty.util.concurrent.AbstractEventExecutor.runTask(AbstractEventExecutor.java:148)
	at io.netty.util.concurrent.AbstractEventExecutor.safeExecute(AbstractEventExecutor.java:141)
	at io.netty.util.concurrent.SingleThreadEventExecutor.runAllTasks(SingleThreadEventExecutor.java:535)
	at io.netty.channel.SingleThreadIoEventLoop.run(SingleThreadIoEventLoop.java:201)
	at io.netty.util.concurrent.SingleThreadEventExecutor$5.run(SingleThreadEventExecutor.java:1193)
	at io.netty.util.internal.ThreadExecutorMap$2.run(ThreadExecutorMap.java:74)
	at io.netty.util.concurrent.FastThreadLocalRunnable.run(FastThreadLocalRunnable.java:30)
	at java.base/java.lang.Thread.run(Thread.java:1447)
2026-01-04 14:05:32.995 [eventLoopGroupProxy-4-3] ERROR Application - 500 Internal Server Error: POST - /auth/login
java.lang.IllegalStateException: Serializing collections of different element types is not yet supported. Selected serializers: [kotlin.Boolean, kotlin.String]
	at io.ktor.serialization.kotlinx.SerializerLookupKt.elementSerializer(SerializerLookup.kt:64)
	at io.ktor.serialization.kotlinx.SerializerLookupKt.guessSerializer(SerializerLookup.kt:48)
	at io.ktor.serialization.kotlinx.KotlinxSerializationConverter.serialize(KotlinxSerializationConverter.kt:55)
	at io.ktor.server.plugins.contentnegotiation.ResponseConverterKt$convertResponseBody$1$2.invokeSuspend(ResponseConverter.kt:66)
	at io.ktor.server.plugins.contentnegotiation.ResponseConverterKt$convertResponseBody$1$2.invoke(ResponseConverter.kt)
	at io.ktor.server.plugins.contentnegotiation.ResponseConverterKt$convertResponseBody$1$2.invoke(ResponseConverter.kt)
	at io.ktor.server.application.OnCallRespondContext.transformBody(KtorCallContexts.kt:102)
	at io.ktor.server.plugins.contentnegotiation.ResponseConverterKt$convertResponseBody$1.invokeSuspend(ResponseConverter.kt:39)
	at io.ktor.server.plugins.contentnegotiation.ResponseConverterKt$convertResponseBody$1.invoke(ResponseConverter.kt)
	at io.ktor.server.plugins.contentnegotiation.ResponseConverterKt$convertResponseBody$1.invoke(ResponseConverter.kt)
	at io.ktor.server.application.PluginBuilder$onDefaultPhase$1.invokeSuspend(PluginBuilder.kt:245)
	at io.ktor.server.application.PluginBuilder$onDefaultPhase$1.invoke(PluginBuilder.kt)
	at io.ktor.server.application.PluginBuilder$onDefaultPhase$1.invoke(PluginBuilder.kt)
	at io.ktor.server.application.PluginBuilder$onDefaultPhaseWithMessage$1$1$1.invokeSuspend(PluginBuilder.kt:228)
	at io.ktor.server.application.PluginBuilder$onDefaultPhaseWithMessage$1$1$1.invoke(PluginBuilder.kt)
	at io.ktor.server.application.PluginBuilder$onDefaultPhaseWithMessage$1$1$1.invoke(PluginBuilder.kt)
	at io.ktor.util.debug.ContextUtilsKt.addToContextInDebugMode(ContextUtils.kt:34)
	at io.ktor.server.application.PluginBuilder$onDefaultPhaseWithMessage$1$1.invokeSuspend(PluginBuilder.kt:224)
	at io.ktor.server.application.PluginBuilder$onDefaultPhaseWithMessage$1$1.invoke(PluginBuilder.kt)
	at io.ktor.server.application.PluginBuilder$onDefaultPhaseWithMessage$1$1.invoke(PluginBuilder.kt)
	at io.ktor.util.pipeline.DebugPipelineContext.proceedLoop(DebugPipelineContext.kt:79)
	at io.ktor.util.pipeline.DebugPipelineContext.proceed(DebugPipelineContext.kt:57)
	at io.ktor.util.pipeline.DebugPipelineContext.execute$ktor_utils(DebugPipelineContext.kt:63)
	at io.ktor.util.pipeline.Pipeline.execute(Pipeline.kt:92)
	at io.ktor.server.application.PipelineCall.respond$suspendImpl(PipelineCall.kt:132)
	at io.ktor.server.application.PipelineCall.respond(PipelineCall.kt)
	at io.ktor.server.engine.BaseApplicationCall.respond(BaseApplicationCall.kt:16)
	at org.example.project.plugins.StatusPagesKt$configureStatusPages$1$3.invokeSuspend(StatusPages.kt:67)
	at org.example.project.plugins.StatusPagesKt$configureStatusPages$1$3.invoke(StatusPages.kt)
	at org.example.project.plugins.StatusPagesKt$configureStatusPages$1$3.invoke(StatusPages.kt)
	at io.ktor.server.plugins.statuspages.StatusPagesKt$StatusPages$2$2$1.invokeSuspend(StatusPages.kt:104)
	at io.ktor.server.plugins.statuspages.StatusPagesKt$StatusPages$2$2$1.invoke(StatusPages.kt)
	at io.ktor.server.plugins.statuspages.StatusPagesKt$StatusPages$2$2$1.invoke(StatusPages.kt)
	at io.ktor.server.plugins.calllogging.KtorMDCProvider$withMDCBlock$$inlined$withMDC$1.invokeSuspend(MDCEntryUtils.kt:22)
	at io.ktor.server.plugins.calllogging.KtorMDCProvider$withMDCBlock$$inlined$withMDC$1.invoke(MDCEntryUtils.kt)
	at io.ktor.server.plugins.calllogging.KtorMDCProvider$withMDCBlock$$inlined$withMDC$1.invoke(MDCEntryUtils.kt)
	at kotlinx.coroutines.intrinsics.UndispatchedKt.startUndspatched(Undispatched.kt:66)
	at kotlinx.coroutines.intrinsics.UndispatchedKt.startUndispatchedOrReturn(Undispatched.kt:43)
	at kotlinx.coroutines.BuildersKt__Builders_commonKt.withContext(Builders.common.kt:165)
	at kotlinx.coroutines.BuildersKt.withContext(Unknown Source)
	at io.ktor.server.plugins.calllogging.KtorMDCProvider.withMDCBlock(MDCProvider.kt:25)
	at io.ktor.server.plugins.statuspages.StatusPagesKt$StatusPages$2$2.invokeSuspend(StatusPages.kt:102)
	at io.ktor.server.plugins.statuspages.StatusPagesKt$StatusPages$2$2.invoke(StatusPages.kt)
	at io.ktor.server.plugins.statuspages.StatusPagesKt$StatusPages$2$2.invoke(StatusPages.kt)
	at io.ktor.server.application.hooks.CallFailed$install$1.invokeSuspend(CommonHooks.kt:52)
	at io.ktor.server.application.hooks.CallFailed$install$1.invoke(CommonHooks.kt)
	at io.ktor.server.application.hooks.CallFailed$install$1.invoke(CommonHooks.kt)
	at io.ktor.util.pipeline.DebugPipelineContext.proceedLoop(DebugPipelineContext.kt:79)
	at io.ktor.util.pipeline.DebugPipelineContext.proceed(DebugPipelineContext.kt:57)
	at io.ktor.util.pipeline.DebugPipelineContext.execute$ktor_utils(DebugPipelineContext.kt:63)
	at io.ktor.util.pipeline.Pipeline.execute(Pipeline.kt:92)
	at io.ktor.server.engine.DefaultEnginePipelineKt$defaultEnginePipeline$1$invokeSuspend$$inlined$execute$1.invokeSuspend(Pipeline.kt:510)
	at io.ktor.server.engine.DefaultEnginePipelineKt$defaultEnginePipeline$1$invokeSuspend$$inlined$execute$1.invoke(Pipeline.kt)
	at io.ktor.server.engine.DefaultEnginePipelineKt$defaultEnginePipeline$1$invokeSuspend$$inlined$execute$1.invoke(Pipeline.kt)
	at io.ktor.util.debug.ContextUtilsKt.initContextInDebugMode(ContextUtils.kt:19)
	at io.ktor.server.engine.DefaultEnginePipelineKt$defaultEnginePipeline$1.invokeSuspend(DefaultEnginePipeline.kt:136)
	at io.ktor.server.engine.DefaultEnginePipelineKt$defaultEnginePipeline$1.invoke(DefaultEnginePipeline.kt)
	at io.ktor.server.engine.DefaultEnginePipelineKt$defaultEnginePipeline$1.invoke(DefaultEnginePipeline.kt)
	at io.ktor.util.pipeline.DebugPipelineContext.proceedLoop(DebugPipelineContext.kt:79)
	at io.ktor.util.pipeline.DebugPipelineContext.proceed(DebugPipelineContext.kt:57)
	at io.ktor.server.engine.BaseApplicationResponse$Companion$setupFallbackResponse$1.invokeSuspend(BaseApplicationResponse.kt:349)
	at io.ktor.server.engine.BaseApplicationResponse$Companion$setupFallbackResponse$1.invoke(BaseApplicationResponse.kt)
	at io.ktor.server.engine.BaseApplicationResponse$Companion$setupFallbackResponse$1.invoke(BaseApplicationResponse.kt)
	at io.ktor.util.pipeline.DebugPipelineContext.proceedLoop(DebugPipelineContext.kt:79)
	at io.ktor.util.pipeline.DebugPipelineContext.proceed(DebugPipelineContext.kt:57)
	at io.ktor.util.pipeline.DebugPipelineContext.execute$ktor_utils(DebugPipelineContext.kt:63)
	at io.ktor.util.pipeline.Pipeline.execute(Pipeline.kt:92)
	at io.ktor.server.netty.NettyApplicationCallHandler$handleRequest$1$invokeSuspend$$inlined$execute$1.invokeSuspend(Pipeline.kt:510)
	at io.ktor.server.netty.NettyApplicationCallHandler$handleRequest$1$invokeSuspend$$inlined$execute$1.invoke(Pipeline.kt)
	at io.ktor.server.netty.NettyApplicationCallHandler$handleRequest$1$invokeSuspend$$inlined$execute$1.invoke(Pipeline.kt)
	at io.ktor.util.debug.ContextUtilsKt.initContextInDebugMode(ContextUtils.kt:19)
	at io.ktor.server.netty.NettyApplicationCallHandler$handleRequest$1.invokeSuspend(NettyApplicationCallHandler.kt:140)
	at io.ktor.server.netty.NettyApplicationCallHandler$handleRequest$1.invoke(NettyApplicationCallHandler.kt)
	at io.ktor.server.netty.NettyApplicationCallHandler$handleRequest$1.invoke(NettyApplicationCallHandler.kt)
	at kotlinx.coroutines.intrinsics.UndispatchedKt.startCoroutineUndispatched(Undispatched.kt:20)
	at kotlinx.coroutines.CoroutineStart.invoke(CoroutineStart.kt:360)
	at kotlinx.coroutines.AbstractCoroutine.start(AbstractCoroutine.kt:134)
	at kotlinx.coroutines.BuildersKt__Builders_commonKt.launch(Builders.common.kt:53)
	at kotlinx.coroutines.BuildersKt.launch(Unknown Source)
	at io.ktor.server.netty.NettyApplicationCallHandler.handleRequest(NettyApplicationCallHandler.kt:41)
	at io.ktor.server.netty.NettyApplicationCallHandler.channelRead(NettyApplicationCallHandler.kt:33)
	at io.netty.channel.AbstractChannelHandlerContext.fireChannelRead(AbstractChannelHandlerContext.java:356)
	at io.netty.channel.AbstractChannelHandlerContext.lambda$fireChannelRead$2(AbstractChannelHandlerContext.java:365)
	at io.netty.util.concurrent.AbstractEventExecutor.runTask(AbstractEventExecutor.java:148)
	at io.netty.util.concurrent.AbstractEventExecutor.safeExecute(AbstractEventExecutor.java:141)
	at io.netty.util.concurrent.SingleThreadEventExecutor.runAllTasks(SingleThreadEventExecutor.java:535)
	at io.netty.channel.SingleThreadIoEventLoop.run(SingleThreadIoEventLoop.java:201)
	at io.netty.util.concurrent.SingleThreadEventExecutor$5.run(SingleThreadEventExecutor.java:1193)
	at io.netty.util.internal.ThreadExecutorMap$2.run(ThreadExecutorMap.java:74)
	at io.netty.util.concurrent.FastThreadLocalRunnable.run(FastThreadLocalRunnable.java:30)
	at java.base/java.lang.Thread.run(Thread.java:1447)
2026-01-04 14:05:33.006 [eventLoopGroupProxy-4-3] INFO  Application - HTTP POST /auth/login -> 500 Internal Server Error
2026-01-04 14:09:14.265 [eventLoopGroupProxy-4-4] INFO  io.ktor.server.plugins.cors.CORS - POST /auth/login: Start handler
2026-01-04 14:09:14.269 [eventLoopGroupProxy-4-4] INFO  io.ktor.server.plugins.cors.CORS - POST /auth/login: Skip CORS handler because request lacks the Origin header
2026-01-04 14:09:14.340 [eventLoopGroupProxy-4-4] ERROR Application - Unhandled exception
java.lang.IllegalStateException: Serializing collections of different element types is not yet supported. Selected serializers: [kotlin.Boolean, kotlin.String]
	at io.ktor.serialization.kotlinx.SerializerLookupKt.elementSerializer(SerializerLookup.kt:64)
	at io.ktor.serialization.kotlinx.SerializerLookupKt.guessSerializer(SerializerLookup.kt:48)
	at io.ktor.serialization.kotlinx.KotlinxSerializationConverter.serialize(KotlinxSerializationConverter.kt:55)
	at io.ktor.server.plugins.contentnegotiation.ResponseConverterKt$convertResponseBody$1$2.invokeSuspend(ResponseConverter.kt:66)
	at io.ktor.server.plugins.contentnegotiation.ResponseConverterKt$convertResponseBody$1$2.invoke(ResponseConverter.kt)
	at io.ktor.server.plugins.contentnegotiation.ResponseConverterKt$convertResponseBody$1$2.invoke(ResponseConverter.kt)
	at io.ktor.server.application.OnCallRespondContext.transformBody(KtorCallContexts.kt:102)
	at io.ktor.server.plugins.contentnegotiation.ResponseConverterKt$convertResponseBody$1.invokeSuspend(ResponseConverter.kt:39)
	at io.ktor.server.plugins.contentnegotiation.ResponseConverterKt$convertResponseBody$1.invoke(ResponseConverter.kt)
	at io.ktor.server.plugins.contentnegotiation.ResponseConverterKt$convertResponseBody$1.invoke(ResponseConverter.kt)
	at io.ktor.server.application.PluginBuilder$onDefaultPhase$1.invokeSuspend(PluginBuilder.kt:245)
	at io.ktor.server.application.PluginBuilder$onDefaultPhase$1.invoke(PluginBuilder.kt)
	at io.ktor.server.application.PluginBuilder$onDefaultPhase$1.invoke(PluginBuilder.kt)
	at io.ktor.server.application.PluginBuilder$onDefaultPhaseWithMessage$1$1$1.invokeSuspend(PluginBuilder.kt:228)
	at io.ktor.server.application.PluginBuilder$onDefaultPhaseWithMessage$1$1$1.invoke(PluginBuilder.kt)
	at io.ktor.server.application.PluginBuilder$onDefaultPhaseWithMessage$1$1$1.invoke(PluginBuilder.kt)
	at io.ktor.util.debug.ContextUtilsKt.addToContextInDebugMode(ContextUtils.kt:34)
	at io.ktor.server.application.PluginBuilder$onDefaultPhaseWithMessage$1$1.invokeSuspend(PluginBuilder.kt:224)
	at io.ktor.server.application.PluginBuilder$onDefaultPhaseWithMessage$1$1.invoke(PluginBuilder.kt)
	at io.ktor.server.application.PluginBuilder$onDefaultPhaseWithMessage$1$1.invoke(PluginBuilder.kt)
	at io.ktor.util.pipeline.DebugPipelineContext.proceedLoop(DebugPipelineContext.kt:79)
	at io.ktor.util.pipeline.DebugPipelineContext.proceed(DebugPipelineContext.kt:57)
	at io.ktor.util.pipeline.DebugPipelineContext.execute$ktor_utils(DebugPipelineContext.kt:63)
	at io.ktor.util.pipeline.Pipeline.execute(Pipeline.kt:92)
	at io.ktor.server.application.PipelineCall.respond$suspendImpl(PipelineCall.kt:132)
	at io.ktor.server.application.PipelineCall.respond(PipelineCall.kt)
	at io.ktor.server.engine.BaseApplicationCall.respond(BaseApplicationCall.kt:16)
	at org.example.project.plugins.StatusPagesKt$configureStatusPages$1$4.invokeSuspend(StatusPages.kt:67)
	at org.example.project.plugins.StatusPagesKt$configureStatusPages$1$4.invoke(StatusPages.kt)
	at org.example.project.plugins.StatusPagesKt$configureStatusPages$1$4.invoke(StatusPages.kt)
	at io.ktor.server.plugins.statuspages.StatusPagesConfig$status$1$1.invokeSuspend(StatusPages.kt:175)
	at io.ktor.server.plugins.statuspages.StatusPagesConfig$status$1$1.invoke(StatusPages.kt)
	at io.ktor.server.plugins.statuspages.StatusPagesConfig$status$1$1.invoke(StatusPages.kt)
	at io.ktor.server.plugins.statuspages.StatusPagesKt$StatusPages$2$1.invokeSuspend(StatusPages.kt:80)
	at io.ktor.server.plugins.statuspages.StatusPagesKt$StatusPages$2$1.invoke(StatusPages.kt)
	at io.ktor.server.plugins.statuspages.StatusPagesKt$StatusPages$2$1.invoke(StatusPages.kt)
	at io.ktor.server.application.hooks.ResponseBodyReadyForSend$install$1.invokeSuspend(CommonHooks.kt:114)
	at io.ktor.server.application.hooks.ResponseBodyReadyForSend$install$1.invoke(CommonHooks.kt)
	at io.ktor.server.application.hooks.ResponseBodyReadyForSend$install$1.invoke(CommonHooks.kt)
	at io.ktor.util.pipeline.DebugPipelineContext.proceedLoop(DebugPipelineContext.kt:79)
	at io.ktor.util.pipeline.DebugPipelineContext.proceed(DebugPipelineContext.kt:57)
	at io.ktor.util.pipeline.DebugPipelineContext.proceedWith(DebugPipelineContext.kt:42)
	at io.ktor.server.engine.DefaultTransformKt$installDefaultTransformations$1.invokeSuspend(DefaultTransform.kt:31)
	at io.ktor.server.engine.DefaultTransformKt$installDefaultTransformations$1.invoke(DefaultTransform.kt)
	at io.ktor.server.engine.DefaultTransformKt$installDefaultTransformations$1.invoke(DefaultTransform.kt)
	at io.ktor.util.pipeline.DebugPipelineContext.proceedLoop(DebugPipelineContext.kt:79)
	at io.ktor.util.pipeline.DebugPipelineContext.proceed(DebugPipelineContext.kt:57)
	at io.ktor.util.pipeline.DebugPipelineContext.execute$ktor_utils(DebugPipelineContext.kt:63)
	at io.ktor.util.pipeline.Pipeline.execute(Pipeline.kt:92)
	at io.ktor.server.application.PipelineCall.respond$suspendImpl(PipelineCall.kt:132)
	at io.ktor.server.application.PipelineCall.respond(PipelineCall.kt)
	at io.ktor.server.engine.BaseApplicationCall.respond(BaseApplicationCall.kt:16)
	at io.ktor.server.engine.BaseApplicationEngineKt$installDefaultInterceptors$1.invokeSuspend(BaseApplicationEngine.kt:138)
	at io.ktor.server.engine.BaseApplicationEngineKt$installDefaultInterceptors$1.invoke(BaseApplicationEngine.kt)
	at io.ktor.server.engine.BaseApplicationEngineKt$installDefaultInterceptors$1.invoke(BaseApplicationEngine.kt)
	at io.ktor.util.pipeline.DebugPipelineContext.proceedLoop(DebugPipelineContext.kt:79)
	at io.ktor.util.pipeline.DebugPipelineContext.proceed(DebugPipelineContext.kt:57)
	at io.ktor.server.engine.BaseApplicationEngineKt$installDefaultTransformationChecker$1.invokeSuspend(BaseApplicationEngine.kt:119)
	at io.ktor.server.engine.BaseApplicationEngineKt$installDefaultTransformationChecker$1.invoke(BaseApplicationEngine.kt)
	at io.ktor.server.engine.BaseApplicationEngineKt$installDefaultTransformationChecker$1.invoke(BaseApplicationEngine.kt)
	at io.ktor.util.pipeline.DebugPipelineContext.proceedLoop(DebugPipelineContext.kt:79)
	at io.ktor.util.pipeline.DebugPipelineContext.proceed(DebugPipelineContext.kt:57)
	at io.ktor.server.application.hooks.CallFailed$install$1$1.invokeSuspend(CommonHooks.kt:49)
	at io.ktor.server.application.hooks.CallFailed$install$1$1.invoke(CommonHooks.kt)
	at io.ktor.server.application.hooks.CallFailed$install$1$1.invoke(CommonHooks.kt)
	at kotlinx.coroutines.intrinsics.UndispatchedKt.startUndspatched(Undispatched.kt:66)
	at kotlinx.coroutines.intrinsics.UndispatchedKt.startUndispatchedOrReturn(Undispatched.kt:43)
	at kotlinx.coroutines.CoroutineScopeKt.coroutineScope(CoroutineScope.kt:286)
	at io.ktor.server.application.hooks.CallFailed$install$1.invokeSuspend(CommonHooks.kt:48)
	at io.ktor.server.application.hooks.CallFailed$install$1.invoke(CommonHooks.kt)
	at io.ktor.server.application.hooks.CallFailed$install$1.invoke(CommonHooks.kt)
	at io.ktor.util.pipeline.DebugPipelineContext.proceedLoop(DebugPipelineContext.kt:79)
	at io.ktor.util.pipeline.DebugPipelineContext.proceed(DebugPipelineContext.kt:57)
	at io.ktor.util.pipeline.DebugPipelineContext.execute$ktor_utils(DebugPipelineContext.kt:63)
	at io.ktor.util.pipeline.Pipeline.execute(Pipeline.kt:92)
	at io.ktor.server.engine.DefaultEnginePipelineKt$defaultEnginePipeline$1$invokeSuspend$$inlined$execute$1.invokeSuspend(Pipeline.kt:510)
	at io.ktor.server.engine.DefaultEnginePipelineKt$defaultEnginePipeline$1$invokeSuspend$$inlined$execute$1.invoke(Pipeline.kt)
	at io.ktor.server.engine.DefaultEnginePipelineKt$defaultEnginePipeline$1$invokeSuspend$$inlined$execute$1.invoke(Pipeline.kt)
	at io.ktor.util.debug.ContextUtilsKt.initContextInDebugMode(ContextUtils.kt:19)
	at io.ktor.server.engine.DefaultEnginePipelineKt$defaultEnginePipeline$1.invokeSuspend(DefaultEnginePipeline.kt:136)
	at io.ktor.server.engine.DefaultEnginePipelineKt$defaultEnginePipeline$1.invoke(DefaultEnginePipeline.kt)
	at io.ktor.server.engine.DefaultEnginePipelineKt$defaultEnginePipeline$1.invoke(DefaultEnginePipeline.kt)
	at io.ktor.util.pipeline.DebugPipelineContext.proceedLoop(DebugPipelineContext.kt:79)
	at io.ktor.util.pipeline.DebugPipelineContext.proceed(DebugPipelineContext.kt:57)
	at io.ktor.server.engine.BaseApplicationResponse$Companion$setupFallbackResponse$1.invokeSuspend(BaseApplicationResponse.kt:349)
	at io.ktor.server.engine.BaseApplicationResponse$Companion$setupFallbackResponse$1.invoke(BaseApplicationResponse.kt)
	at io.ktor.server.engine.BaseApplicationResponse$Companion$setupFallbackResponse$1.invoke(BaseApplicationResponse.kt)
	at io.ktor.util.pipeline.DebugPipelineContext.proceedLoop(DebugPipelineContext.kt:79)
	at io.ktor.util.pipeline.DebugPipelineContext.proceed(DebugPipelineContext.kt:57)
	at io.ktor.util.pipeline.DebugPipelineContext.execute$ktor_utils(DebugPipelineContext.kt:63)
	at io.ktor.util.pipeline.Pipeline.execute(Pipeline.kt:92)
	at io.ktor.server.netty.NettyApplicationCallHandler$handleRequest$1$invokeSuspend$$inlined$execute$1.invokeSuspend(Pipeline.kt:510)
	at io.ktor.server.netty.NettyApplicationCallHandler$handleRequest$1$invokeSuspend$$inlined$execute$1.invoke(Pipeline.kt)
	at io.ktor.server.netty.NettyApplicationCallHandler$handleRequest$1$invokeSuspend$$inlined$execute$1.invoke(Pipeline.kt)
	at io.ktor.util.debug.ContextUtilsKt.initContextInDebugMode(ContextUtils.kt:19)
	at io.ktor.server.netty.NettyApplicationCallHandler$handleRequest$1.invokeSuspend(NettyApplicationCallHandler.kt:140)
	at io.ktor.server.netty.NettyApplicationCallHandler$handleRequest$1.invoke(NettyApplicationCallHandler.kt)
	at io.ktor.server.netty.NettyApplicationCallHandler$handleRequest$1.invoke(NettyApplicationCallHandler.kt)
	at kotlinx.coroutines.intrinsics.UndispatchedKt.startCoroutineUndispatched(Undispatched.kt:20)
	at kotlinx.coroutines.CoroutineStart.invoke(CoroutineStart.kt:360)
	at kotlinx.coroutines.AbstractCoroutine.start(AbstractCoroutine.kt:134)
	at kotlinx.coroutines.BuildersKt__Builders_commonKt.launch(Builders.common.kt:53)
	at kotlinx.coroutines.BuildersKt.launch(Unknown Source)
	at io.ktor.server.netty.NettyApplicationCallHandler.handleRequest(NettyApplicationCallHandler.kt:41)
	at io.ktor.server.netty.NettyApplicationCallHandler.channelRead(NettyApplicationCallHandler.kt:33)
	at io.netty.channel.AbstractChannelHandlerContext.fireChannelRead(AbstractChannelHandlerContext.java:356)
	at io.netty.channel.AbstractChannelHandlerContext.lambda$fireChannelRead$2(AbstractChannelHandlerContext.java:365)
	at io.netty.util.concurrent.AbstractEventExecutor.runTask(AbstractEventExecutor.java:148)
	at io.netty.util.concurrent.AbstractEventExecutor.safeExecute(AbstractEventExecutor.java:141)
	at io.netty.util.concurrent.SingleThreadEventExecutor.runAllTasks(SingleThreadEventExecutor.java:535)
	at io.netty.channel.SingleThreadIoEventLoop.run(SingleThreadIoEventLoop.java:201)
	at io.netty.util.concurrent.SingleThreadEventExecutor$5.run(SingleThreadEventExecutor.java:1193)
	at io.netty.util.internal.ThreadExecutorMap$2.run(ThreadExecutorMap.java:74)
	at io.netty.util.concurrent.FastThreadLocalRunnable.run(FastThreadLocalRunnable.java:30)
	at java.base/java.lang.Thread.run(Thread.java:1447)
2026-01-04 14:09:14.342 [eventLoopGroupProxy-4-4] ERROR Application - 500 Internal Server Error: POST - /auth/login
java.lang.IllegalStateException: Serializing collections of different element types is not yet supported. Selected serializers: [kotlin.Boolean, kotlin.String]
	at io.ktor.serialization.kotlinx.SerializerLookupKt.elementSerializer(SerializerLookup.kt:64)
	at io.ktor.serialization.kotlinx.SerializerLookupKt.guessSerializer(SerializerLookup.kt:48)
	at io.ktor.serialization.kotlinx.KotlinxSerializationConverter.serialize(KotlinxSerializationConverter.kt:55)
	at io.ktor.server.plugins.contentnegotiation.ResponseConverterKt$convertResponseBody$1$2.invokeSuspend(ResponseConverter.kt:66)
	at io.ktor.server.plugins.contentnegotiation.ResponseConverterKt$convertResponseBody$1$2.invoke(ResponseConverter.kt)
	at io.ktor.server.plugins.contentnegotiation.ResponseConverterKt$convertResponseBody$1$2.invoke(ResponseConverter.kt)
	at io.ktor.server.application.OnCallRespondContext.transformBody(KtorCallContexts.kt:102)
	at io.ktor.server.plugins.contentnegotiation.ResponseConverterKt$convertResponseBody$1.invokeSuspend(ResponseConverter.kt:39)
	at io.ktor.server.plugins.contentnegotiation.ResponseConverterKt$convertResponseBody$1.invoke(ResponseConverter.kt)
	at io.ktor.server.plugins.contentnegotiation.ResponseConverterKt$convertResponseBody$1.invoke(ResponseConverter.kt)
	at io.ktor.server.application.PluginBuilder$onDefaultPhase$1.invokeSuspend(PluginBuilder.kt:245)
	at io.ktor.server.application.PluginBuilder$onDefaultPhase$1.invoke(PluginBuilder.kt)
	at io.ktor.server.application.PluginBuilder$onDefaultPhase$1.invoke(PluginBuilder.kt)
	at io.ktor.server.application.PluginBuilder$onDefaultPhaseWithMessage$1$1$1.invokeSuspend(PluginBuilder.kt:228)
	at io.ktor.server.application.PluginBuilder$onDefaultPhaseWithMessage$1$1$1.invoke(PluginBuilder.kt)
	at io.ktor.server.application.PluginBuilder$onDefaultPhaseWithMessage$1$1$1.invoke(PluginBuilder.kt)
	at io.ktor.util.debug.ContextUtilsKt.addToContextInDebugMode(ContextUtils.kt:34)
	at io.ktor.server.application.PluginBuilder$onDefaultPhaseWithMessage$1$1.invokeSuspend(PluginBuilder.kt:224)
	at io.ktor.server.application.PluginBuilder$onDefaultPhaseWithMessage$1$1.invoke(PluginBuilder.kt)
	at io.ktor.server.application.PluginBuilder$onDefaultPhaseWithMessage$1$1.invoke(PluginBuilder.kt)
	at io.ktor.util.pipeline.DebugPipelineContext.proceedLoop(DebugPipelineContext.kt:79)
	at io.ktor.util.pipeline.DebugPipelineContext.proceed(DebugPipelineContext.kt:57)
	at io.ktor.util.pipeline.DebugPipelineContext.execute$ktor_utils(DebugPipelineContext.kt:63)
	at io.ktor.util.pipeline.Pipeline.execute(Pipeline.kt:92)
	at io.ktor.server.application.PipelineCall.respond$suspendImpl(PipelineCall.kt:132)
	at io.ktor.server.application.PipelineCall.respond(PipelineCall.kt)
	at io.ktor.server.engine.BaseApplicationCall.respond(BaseApplicationCall.kt:16)
	at org.example.project.plugins.StatusPagesKt$configureStatusPages$1$3.invokeSuspend(StatusPages.kt:67)
	at org.example.project.plugins.StatusPagesKt$configureStatusPages$1$3.invoke(StatusPages.kt)
	at org.example.project.plugins.StatusPagesKt$configureStatusPages$1$3.invoke(StatusPages.kt)
	at io.ktor.server.plugins.statuspages.StatusPagesKt$StatusPages$2$2$1.invokeSuspend(StatusPages.kt:104)
	at io.ktor.server.plugins.statuspages.StatusPagesKt$StatusPages$2$2$1.invoke(StatusPages.kt)
	at io.ktor.server.plugins.statuspages.StatusPagesKt$StatusPages$2$2$1.invoke(StatusPages.kt)
	at io.ktor.server.plugins.calllogging.KtorMDCProvider$withMDCBlock$$inlined$withMDC$1.invokeSuspend(MDCEntryUtils.kt:22)
	at io.ktor.server.plugins.calllogging.KtorMDCProvider$withMDCBlock$$inlined$withMDC$1.invoke(MDCEntryUtils.kt)
	at io.ktor.server.plugins.calllogging.KtorMDCProvider$withMDCBlock$$inlined$withMDC$1.invoke(MDCEntryUtils.kt)
	at kotlinx.coroutines.intrinsics.UndispatchedKt.startUndspatched(Undispatched.kt:66)
	at kotlinx.coroutines.intrinsics.UndispatchedKt.startUndispatchedOrReturn(Undispatched.kt:43)
	at kotlinx.coroutines.BuildersKt__Builders_commonKt.withContext(Builders.common.kt:165)
	at kotlinx.coroutines.BuildersKt.withContext(Unknown Source)
	at io.ktor.server.plugins.calllogging.KtorMDCProvider.withMDCBlock(MDCProvider.kt:25)
	at io.ktor.server.plugins.statuspages.StatusPagesKt$StatusPages$2$2.invokeSuspend(StatusPages.kt:102)
	at io.ktor.server.plugins.statuspages.StatusPagesKt$StatusPages$2$2.invoke(StatusPages.kt)
	at io.ktor.server.plugins.statuspages.StatusPagesKt$StatusPages$2$2.invoke(StatusPages.kt)
	at io.ktor.server.application.hooks.CallFailed$install$1.invokeSuspend(CommonHooks.kt:52)
	at io.ktor.server.application.hooks.CallFailed$install$1.invoke(CommonHooks.kt)
	at io.ktor.server.application.hooks.CallFailed$install$1.invoke(CommonHooks.kt)
	at io.ktor.util.pipeline.DebugPipelineContext.proceedLoop(DebugPipelineContext.kt:79)
	at io.ktor.util.pipeline.DebugPipelineContext.proceed(DebugPipelineContext.kt:57)
	at io.ktor.util.pipeline.DebugPipelineContext.execute$ktor_utils(DebugPipelineContext.kt:63)
	at io.ktor.util.pipeline.Pipeline.execute(Pipeline.kt:92)
	at io.ktor.server.engine.DefaultEnginePipelineKt$defaultEnginePipeline$1$invokeSuspend$$inlined$execute$1.invokeSuspend(Pipeline.kt:510)
	at io.ktor.server.engine.DefaultEnginePipelineKt$defaultEnginePipeline$1$invokeSuspend$$inlined$execute$1.invoke(Pipeline.kt)
	at io.ktor.server.engine.DefaultEnginePipelineKt$defaultEnginePipeline$1$invokeSuspend$$inlined$execute$1.invoke(Pipeline.kt)
	at io.ktor.util.debug.ContextUtilsKt.initContextInDebugMode(ContextUtils.kt:19)
	at io.ktor.server.engine.DefaultEnginePipelineKt$defaultEnginePipeline$1.invokeSuspend(DefaultEnginePipeline.kt:136)
	at io.ktor.server.engine.DefaultEnginePipelineKt$defaultEnginePipeline$1.invoke(DefaultEnginePipeline.kt)
	at io.ktor.server.engine.DefaultEnginePipelineKt$defaultEnginePipeline$1.invoke(DefaultEnginePipeline.kt)
	at io.ktor.util.pipeline.DebugPipelineContext.proceedLoop(DebugPipelineContext.kt:79)
	at io.ktor.util.pipeline.DebugPipelineContext.proceed(DebugPipelineContext.kt:57)
	at io.ktor.server.engine.BaseApplicationResponse$Companion$setupFallbackResponse$1.invokeSuspend(BaseApplicationResponse.kt:349)
	at io.ktor.server.engine.BaseApplicationResponse$Companion$setupFallbackResponse$1.invoke(BaseApplicationResponse.kt)
	at io.ktor.server.engine.BaseApplicationResponse$Companion$setupFallbackResponse$1.invoke(BaseApplicationResponse.kt)
	at io.ktor.util.pipeline.DebugPipelineContext.proceedLoop(DebugPipelineContext.kt:79)
	at io.ktor.util.pipeline.DebugPipelineContext.proceed(DebugPipelineContext.kt:57)
	at io.ktor.util.pipeline.DebugPipelineContext.execute$ktor_utils(DebugPipelineContext.kt:63)
	at io.ktor.util.pipeline.Pipeline.execute(Pipeline.kt:92)
	at io.ktor.server.netty.NettyApplicationCallHandler$handleRequest$1$invokeSuspend$$inlined$execute$1.invokeSuspend(Pipeline.kt:510)
	at io.ktor.server.netty.NettyApplicationCallHandler$handleRequest$1$invokeSuspend$$inlined$execute$1.invoke(Pipeline.kt)
	at io.ktor.server.netty.NettyApplicationCallHandler$handleRequest$1$invokeSuspend$$inlined$execute$1.invoke(Pipeline.kt)
	at io.ktor.util.debug.ContextUtilsKt.initContextInDebugMode(ContextUtils.kt:19)
	at io.ktor.server.netty.NettyApplicationCallHandler$handleRequest$1.invokeSuspend(NettyApplicationCallHandler.kt:140)
	at io.ktor.server.netty.NettyApplicationCallHandler$handleRequest$1.invoke(NettyApplicationCallHandler.kt)
	at io.ktor.server.netty.NettyApplicationCallHandler$handleRequest$1.invoke(NettyApplicationCallHandler.kt)
	at kotlinx.coroutines.intrinsics.UndispatchedKt.startCoroutineUndispatched(Undispatched.kt:20)
	at kotlinx.coroutines.CoroutineStart.invoke(CoroutineStart.kt:360)
	at kotlinx.coroutines.AbstractCoroutine.start(AbstractCoroutine.kt:134)
	at kotlinx.coroutines.BuildersKt__Builders_commonKt.launch(Builders.common.kt:53)
	at kotlinx.coroutines.BuildersKt.launch(Unknown Source)
	at io.ktor.server.netty.NettyApplicationCallHandler.handleRequest(NettyApplicationCallHandler.kt:41)
	at io.ktor.server.netty.NettyApplicationCallHandler.channelRead(NettyApplicationCallHandler.kt:33)
	at io.netty.channel.AbstractChannelHandlerContext.fireChannelRead(AbstractChannelHandlerContext.java:356)
	at io.netty.channel.AbstractChannelHandlerContext.lambda$fireChannelRead$2(AbstractChannelHandlerContext.java:365)
	at io.netty.util.concurrent.AbstractEventExecutor.runTask(AbstractEventExecutor.java:148)
	at io.netty.util.concurrent.AbstractEventExecutor.safeExecute(AbstractEventExecutor.java:141)
	at io.netty.util.concurrent.SingleThreadEventExecutor.runAllTasks(SingleThreadEventExecutor.java:535)
	at io.netty.channel.SingleThreadIoEventLoop.run(SingleThreadIoEventLoop.java:201)
	at io.netty.util.concurrent.SingleThreadEventExecutor$5.run(SingleThreadEventExecutor.java:1193)
	at io.netty.util.internal.ThreadExecutorMap$2.run(ThreadExecutorMap.java:74)
	at io.netty.util.concurrent.FastThreadLocalRunnable.run(FastThreadLocalRunnable.java:30)
	at java.base/java.lang.Thread.run(Thread.java:1447)
2026-01-04 14:09:15.889 [eventLoopGroupProxy-4-4] INFO  Application - HTTP POST /auth/login -> 500 Internal Server Error
2026-01-04 14:11:28.723 [eventLoopGroupProxy-4-1] INFO  io.ktor.server.plugins.cors.CORS - POST /api/v1/auth/login: Start handler
2026-01-04 14:11:28.724 [eventLoopGroupProxy-4-1] INFO  io.ktor.server.plugins.cors.CORS - POST /api/v1/auth/login: Skip CORS handler because request lacks the Origin header
2026-01-04 14:11:28.754 [eventLoopGroupProxy-4-1] INFO  Application - HTTP POST /api/v1/auth/login -> 415 Unsupported Media Type
2026-01-04 14:12:14.509 [eventLoopGroupProxy-4-2] INFO  io.ktor.server.plugins.cors.CORS - POST /api/v1/auth/login: Start handler
2026-01-04 14:12:14.509 [eventLoopGroupProxy-4-2] INFO  io.ktor.server.plugins.cors.CORS - POST /api/v1/auth/login: Skip CORS handler because request lacks the Origin header
2026-01-04 14:12:14.536 [eventLoopGroupProxy-4-2] ERROR Application - Unhandled exception
io.ktor.server.plugins.BadRequestException: Failed to convert request body to class org.example.project.data.models.LoginRequest
	at io.ktor.server.plugins.contentnegotiation.RequestConverterKt.convertBody(RequestConverter.kt:69)
	at io.ktor.server.plugins.contentnegotiation.RequestConverterKt.access$convertBody(RequestConverter.kt:1)
	at io.ktor.server.plugins.contentnegotiation.RequestConverterKt$convertRequestBody$1$1.invokeSuspend(RequestConverter.kt:40)
	at io.ktor.server.plugins.contentnegotiation.RequestConverterKt$convertRequestBody$1$1.invoke(RequestConverter.kt)
	at io.ktor.server.plugins.contentnegotiation.RequestConverterKt$convertRequestBody$1$1.invoke(RequestConverter.kt)
	at io.ktor.server.application.OnCallReceiveContext.transformBody(KtorCallContexts.kt:76)
	at io.ktor.server.plugins.contentnegotiation.RequestConverterKt$convertRequestBody$1.invokeSuspend(RequestConverter.kt:28)
	at io.ktor.server.plugins.contentnegotiation.RequestConverterKt$convertRequestBody$1.invoke(RequestConverter.kt)
	at io.ktor.server.plugins.contentnegotiation.RequestConverterKt$convertRequestBody$1.invoke(RequestConverter.kt)
	at io.ktor.server.application.PluginBuilder$onCallReceive$3.invokeSuspend(PluginBuilder.kt:190)
	at io.ktor.server.application.PluginBuilder$onCallReceive$3.invoke(PluginBuilder.kt)
	at io.ktor.server.application.PluginBuilder$onCallReceive$3.invoke(PluginBuilder.kt)
	at io.ktor.server.application.PluginBuilder$onCallReceive$2.invokeSuspend(PluginBuilder.kt:125)
	at io.ktor.server.application.PluginBuilder$onCallReceive$2.invoke(PluginBuilder.kt)
	at io.ktor.server.application.PluginBuilder$onCallReceive$2.invoke(PluginBuilder.kt)
	at io.ktor.server.application.PluginBuilder$onDefaultPhase$1.invokeSuspend(PluginBuilder.kt:245)
	at io.ktor.server.application.PluginBuilder$onDefaultPhase$1.invoke(PluginBuilder.kt)
	at io.ktor.server.application.PluginBuilder$onDefaultPhase$1.invoke(PluginBuilder.kt)
	at io.ktor.server.application.PluginBuilder$onDefaultPhaseWithMessage$1$1$1.invokeSuspend(PluginBuilder.kt:228)
	at io.ktor.server.application.PluginBuilder$onDefaultPhaseWithMessage$1$1$1.invoke(PluginBuilder.kt)
	at io.ktor.server.application.PluginBuilder$onDefaultPhaseWithMessage$1$1$1.invoke(PluginBuilder.kt)
	at io.ktor.util.debug.ContextUtilsKt.addToContextInDebugMode(ContextUtils.kt:34)
	at io.ktor.server.application.PluginBuilder$onDefaultPhaseWithMessage$1$1.invokeSuspend(PluginBuilder.kt:224)
	at io.ktor.server.application.PluginBuilder$onDefaultPhaseWithMessage$1$1.invoke(PluginBuilder.kt)
	at io.ktor.server.application.PluginBuilder$onDefaultPhaseWithMessage$1$1.invoke(PluginBuilder.kt)
	at io.ktor.util.pipeline.DebugPipelineContext.proceedLoop(DebugPipelineContext.kt:79)
	at io.ktor.util.pipeline.DebugPipelineContext.proceed(DebugPipelineContext.kt:57)
	at io.ktor.util.pipeline.DebugPipelineContext.execute$ktor_utils(DebugPipelineContext.kt:63)
	at io.ktor.util.pipeline.Pipeline.execute(Pipeline.kt:92)
	at io.ktor.server.application.PipelineCall.receiveNullable$suspendImpl(PipelineCall.kt:118)
	at io.ktor.server.application.PipelineCall.receiveNullable(PipelineCall.kt)
	at io.ktor.server.routing.RoutingPipelineCall.receiveNullable(RoutingPipelineCall.kt:23)
	at io.ktor.server.routing.RoutingCall.receiveNullable(RoutingNode.kt:245)
	at org.example.project.routes.AuthRoutesKt$authRoutes$1$2.invokeSuspend(AuthRoutes.kt:238)
	at org.example.project.routes.AuthRoutesKt$authRoutes$1$2.invoke(AuthRoutes.kt)
	at org.example.project.routes.AuthRoutesKt$authRoutes$1$2.invoke(AuthRoutes.kt)
	at io.ktor.server.routing.RoutingNode$buildPipeline$1$1.invokeSuspend(RoutingNode.kt:126)
	at io.ktor.server.routing.RoutingNode$buildPipeline$1$1.invoke(RoutingNode.kt)
	at io.ktor.server.routing.RoutingNode$buildPipeline$1$1.invoke(RoutingNode.kt)
	at io.ktor.util.pipeline.DebugPipelineContext.proceedLoop(DebugPipelineContext.kt:79)
	at io.ktor.util.pipeline.DebugPipelineContext.proceed(DebugPipelineContext.kt:57)
	at io.ktor.util.pipeline.DebugPipelineContext.execute$ktor_utils(DebugPipelineContext.kt:63)
	at io.ktor.util.pipeline.Pipeline.execute(Pipeline.kt:92)
	at io.ktor.server.routing.RoutingRoot$executeResult$$inlined$execute$1.invokeSuspend(Pipeline.kt:510)
	at io.ktor.server.routing.RoutingRoot$executeResult$$inlined$execute$1.invoke(Pipeline.kt)
	at io.ktor.server.routing.RoutingRoot$executeResult$$inlined$execute$1.invoke(Pipeline.kt)
	at io.ktor.util.debug.ContextUtilsKt.initContextInDebugMode(ContextUtils.kt:19)
	at io.ktor.server.routing.RoutingRoot.executeResult(RoutingRoot.kt:212)
	at io.ktor.server.routing.RoutingRoot.interceptor(RoutingRoot.kt:71)
	at io.ktor.server.routing.RoutingRoot$Plugin$install$1.invokeSuspend(RoutingRoot.kt:157)
	at io.ktor.server.routing.RoutingRoot$Plugin$install$1.invoke(RoutingRoot.kt)
	at io.ktor.server.routing.RoutingRoot$Plugin$install$1.invoke(RoutingRoot.kt)
	at io.ktor.util.pipeline.DebugPipelineContext.proceedLoop(DebugPipelineContext.kt:79)
	at io.ktor.util.pipeline.DebugPipelineContext.proceed(DebugPipelineContext.kt:57)
	at io.ktor.server.engine.BaseApplicationEngineKt$installDefaultTransformationChecker$1.invokeSuspend(BaseApplicationEngine.kt:119)
	at io.ktor.server.engine.BaseApplicationEngineKt$installDefaultTransformationChecker$1.invoke(BaseApplicationEngine.kt)
	at io.ktor.server.engine.BaseApplicationEngineKt$installDefaultTransformationChecker$1.invoke(BaseApplicationEngine.kt)
	at io.ktor.util.pipeline.DebugPipelineContext.proceedLoop(DebugPipelineContext.kt:79)
	at io.ktor.util.pipeline.DebugPipelineContext.proceed(DebugPipelineContext.kt:57)
	at io.ktor.server.application.hooks.CallFailed$install$1$1.invokeSuspend(CommonHooks.kt:49)
	at io.ktor.server.application.hooks.CallFailed$install$1$1.invoke(CommonHooks.kt)
	at io.ktor.server.application.hooks.CallFailed$install$1$1.invoke(CommonHooks.kt)
	at kotlinx.coroutines.intrinsics.UndispatchedKt.startUndspatched(Undispatched.kt:66)
	at kotlinx.coroutines.intrinsics.UndispatchedKt.startUndispatchedOrReturn(Undispatched.kt:43)
	at kotlinx.coroutines.CoroutineScopeKt.coroutineScope(CoroutineScope.kt:286)
	at io.ktor.server.application.hooks.CallFailed$install$1.invokeSuspend(CommonHooks.kt:48)
	at io.ktor.server.application.hooks.CallFailed$install$1.invoke(CommonHooks.kt)
	at io.ktor.server.application.hooks.CallFailed$install$1.invoke(CommonHooks.kt)
	at io.ktor.util.pipeline.DebugPipelineContext.proceedLoop(DebugPipelineContext.kt:79)
	at io.ktor.util.pipeline.DebugPipelineContext.proceed(DebugPipelineContext.kt:57)
	at io.ktor.util.pipeline.DebugPipelineContext.execute$ktor_utils(DebugPipelineContext.kt:63)
	at io.ktor.util.pipeline.Pipeline.execute(Pipeline.kt:92)
	at io.ktor.server.engine.DefaultEnginePipelineKt$defaultEnginePipeline$1$invokeSuspend$$inlined$execute$1.invokeSuspend(Pipeline.kt:510)
	at io.ktor.server.engine.DefaultEnginePipelineKt$defaultEnginePipeline$1$invokeSuspend$$inlined$execute$1.invoke(Pipeline.kt)
	at io.ktor.server.engine.DefaultEnginePipelineKt$defaultEnginePipeline$1$invokeSuspend$$inlined$execute$1.invoke(Pipeline.kt)
	at io.ktor.util.debug.ContextUtilsKt.initContextInDebugMode(ContextUtils.kt:19)
	at io.ktor.server.engine.DefaultEnginePipelineKt$defaultEnginePipeline$1.invokeSuspend(DefaultEnginePipeline.kt:136)
	at io.ktor.server.engine.DefaultEnginePipelineKt$defaultEnginePipeline$1.invoke(DefaultEnginePipeline.kt)
	at io.ktor.server.engine.DefaultEnginePipelineKt$defaultEnginePipeline$1.invoke(DefaultEnginePipeline.kt)
	at io.ktor.util.pipeline.DebugPipelineContext.proceedLoop(DebugPipelineContext.kt:79)
	at io.ktor.util.pipeline.DebugPipelineContext.proceed(DebugPipelineContext.kt:57)
	at io.ktor.server.engine.BaseApplicationResponse$Companion$setupFallbackResponse$1.invokeSuspend(BaseApplicationResponse.kt:349)
	at io.ktor.server.engine.BaseApplicationResponse$Companion$setupFallbackResponse$1.invoke(BaseApplicationResponse.kt)
	at io.ktor.server.engine.BaseApplicationResponse$Companion$setupFallbackResponse$1.invoke(BaseApplicationResponse.kt)
	at io.ktor.util.pipeline.DebugPipelineContext.proceedLoop(DebugPipelineContext.kt:79)
	at io.ktor.util.pipeline.DebugPipelineContext.proceed(DebugPipelineContext.kt:57)
	at io.ktor.util.pipeline.DebugPipelineContext.execute$ktor_utils(DebugPipelineContext.kt:63)
	at io.ktor.util.pipeline.Pipeline.execute(Pipeline.kt:92)
	at io.ktor.server.netty.NettyApplicationCallHandler$handleRequest$1$invokeSuspend$$inlined$execute$1.invokeSuspend(Pipeline.kt:510)
	at io.ktor.server.netty.NettyApplicationCallHandler$handleRequest$1$invokeSuspend$$inlined$execute$1.invoke(Pipeline.kt)
	at io.ktor.server.netty.NettyApplicationCallHandler$handleRequest$1$invokeSuspend$$inlined$execute$1.invoke(Pipeline.kt)
	at io.ktor.util.debug.ContextUtilsKt.initContextInDebugMode(ContextUtils.kt:19)
	at io.ktor.server.netty.NettyApplicationCallHandler$handleRequest$1.invokeSuspend(NettyApplicationCallHandler.kt:140)
	at io.ktor.server.netty.NettyApplicationCallHandler$handleRequest$1.invoke(NettyApplicationCallHandler.kt)
	at io.ktor.server.netty.NettyApplicationCallHandler$handleRequest$1.invoke(NettyApplicationCallHandler.kt)
	at kotlinx.coroutines.intrinsics.UndispatchedKt.startCoroutineUndispatched(Undispatched.kt:20)
	at kotlinx.coroutines.CoroutineStart.invoke(CoroutineStart.kt:360)
	at kotlinx.coroutines.AbstractCoroutine.start(AbstractCoroutine.kt:134)
	at kotlinx.coroutines.BuildersKt__Builders_commonKt.launch(Builders.common.kt:53)
	at kotlinx.coroutines.BuildersKt.launch(Unknown Source)
	at io.ktor.server.netty.NettyApplicationCallHandler.handleRequest(NettyApplicationCallHandler.kt:41)
	at io.ktor.server.netty.NettyApplicationCallHandler.channelRead(NettyApplicationCallHandler.kt:33)
	at io.netty.channel.AbstractChannelHandlerContext.fireChannelRead(AbstractChannelHandlerContext.java:356)
	at io.netty.channel.AbstractChannelHandlerContext.lambda$fireChannelRead$2(AbstractChannelHandlerContext.java:365)
	at io.netty.util.concurrent.AbstractEventExecutor.runTask(AbstractEventExecutor.java:148)
	at io.netty.util.concurrent.AbstractEventExecutor.safeExecute(AbstractEventExecutor.java:141)
	at io.netty.util.concurrent.SingleThreadEventExecutor.runAllTasks(SingleThreadEventExecutor.java:535)
	at io.netty.channel.SingleThreadIoEventLoop.run(SingleThreadIoEventLoop.java:201)
	at io.netty.util.concurrent.SingleThreadEventExecutor$5.run(SingleThreadEventExecutor.java:1193)
	at io.netty.util.internal.ThreadExecutorMap$2.run(ThreadExecutorMap.java:74)
	at io.netty.util.concurrent.FastThreadLocalRunnable.run(FastThreadLocalRunnable.java:30)
	at java.base/java.lang.Thread.run(Thread.java:1447)
Caused by: io.ktor.serialization.JsonConvertException: Illegal input: Unexpected JSON token at offset 0: Expected start of the object '{', but had ''' instead at path: $
JSON input: '{
	at io.ktor.serialization.kotlinx.KotlinxSerializationConverter.deserialize(KotlinxSerializationConverter.kt:79)
	at io.ktor.server.plugins.contentnegotiation.RequestConverterKt.convertBody(RequestConverter.kt:67)
	... 111 common frames omitted
Caused by: kotlinx.serialization.json.internal.JsonDecodingException: Unexpected JSON token at offset 0: Expected start of the object '{', but had ''' instead at path: $
JSON input: '{
	at kotlinx.serialization.json.internal.JsonExceptionsKt.JsonDecodingException(JsonExceptions.kt:24)
	at kotlinx.serialization.json.internal.JsonExceptionsKt.JsonDecodingException(JsonExceptions.kt:32)
	at kotlinx.serialization.json.internal.AbstractJsonLexer.fail(AbstractJsonLexer.kt:587)
	at kotlinx.serialization.json.internal.AbstractJsonLexer.fail$default(AbstractJsonLexer.kt:585)
	at kotlinx.serialization.json.internal.AbstractJsonLexer.unexpectedToken(AbstractJsonLexer.kt:789)
	at kotlinx.serialization.json.internal.StringJsonLexer.consumeNextToken(StringJsonLexer.kt:76)
	at kotlinx.serialization.json.internal.StreamingJsonDecoder.beginStructure(StreamingJsonDecoder.kt:102)
	at org.example.project.data.models.LoginRequest$$serializer.deserialize(AuthModels.kt:15)
	at org.example.project.data.models.LoginRequest$$serializer.deserialize(AuthModels.kt:15)
	at kotlinx.serialization.json.internal.StreamingJsonDecoder.decodeSerializableValue(StreamingJsonDecoder.kt:69)
	at kotlinx.serialization.json.Json.decodeFromString(Json.kt:149)
	at io.ktor.serialization.kotlinx.KotlinxSerializationConverter.deserialize(KotlinxSerializationConverter.kt:71)
	... 112 common frames omitted
2026-01-04 14:12:14.541 [eventLoopGroupProxy-4-2] ERROR Application - 500 Internal Server Error: POST - /api/v1/auth/login
java.lang.IllegalStateException: Serializing collections of different element types is not yet supported. Selected serializers: [kotlin.Boolean, kotlin.String]
	at io.ktor.serialization.kotlinx.SerializerLookupKt.elementSerializer(SerializerLookup.kt:64)
	at io.ktor.serialization.kotlinx.SerializerLookupKt.guessSerializer(SerializerLookup.kt:48)
	at io.ktor.serialization.kotlinx.KotlinxSerializationConverter.serialize(KotlinxSerializationConverter.kt:55)
	at io.ktor.server.plugins.contentnegotiation.ResponseConverterKt$convertResponseBody$1$2.invokeSuspend(ResponseConverter.kt:66)
	at io.ktor.server.plugins.contentnegotiation.ResponseConverterKt$convertResponseBody$1$2.invoke(ResponseConverter.kt)
	at io.ktor.server.plugins.contentnegotiation.ResponseConverterKt$convertResponseBody$1$2.invoke(ResponseConverter.kt)
	at io.ktor.server.application.OnCallRespondContext.transformBody(KtorCallContexts.kt:102)
	at io.ktor.server.plugins.contentnegotiation.ResponseConverterKt$convertResponseBody$1.invokeSuspend(ResponseConverter.kt:39)
	at io.ktor.server.plugins.contentnegotiation.ResponseConverterKt$convertResponseBody$1.invoke(ResponseConverter.kt)
	at io.ktor.server.plugins.contentnegotiation.ResponseConverterKt$convertResponseBody$1.invoke(ResponseConverter.kt)
	at io.ktor.server.application.PluginBuilder$onDefaultPhase$1.invokeSuspend(PluginBuilder.kt:245)
	at io.ktor.server.application.PluginBuilder$onDefaultPhase$1.invoke(PluginBuilder.kt)
	at io.ktor.server.application.PluginBuilder$onDefaultPhase$1.invoke(PluginBuilder.kt)
	at io.ktor.server.application.PluginBuilder$onDefaultPhaseWithMessage$1$1$1.invokeSuspend(PluginBuilder.kt:228)
	at io.ktor.server.application.PluginBuilder$onDefaultPhaseWithMessage$1$1$1.invoke(PluginBuilder.kt)
	at io.ktor.server.application.PluginBuilder$onDefaultPhaseWithMessage$1$1$1.invoke(PluginBuilder.kt)
	at io.ktor.util.debug.ContextUtilsKt.addToContextInDebugMode(ContextUtils.kt:34)
	at io.ktor.server.application.PluginBuilder$onDefaultPhaseWithMessage$1$1.invokeSuspend(PluginBuilder.kt:224)
	at io.ktor.server.application.PluginBuilder$onDefaultPhaseWithMessage$1$1.invoke(PluginBuilder.kt)
	at io.ktor.server.application.PluginBuilder$onDefaultPhaseWithMessage$1$1.invoke(PluginBuilder.kt)
	at io.ktor.util.pipeline.DebugPipelineContext.proceedLoop(DebugPipelineContext.kt:79)
	at io.ktor.util.pipeline.DebugPipelineContext.proceed(DebugPipelineContext.kt:57)
	at io.ktor.util.pipeline.DebugPipelineContext.execute$ktor_utils(DebugPipelineContext.kt:63)
	at io.ktor.util.pipeline.Pipeline.execute(Pipeline.kt:92)
	at io.ktor.server.application.PipelineCall.respond$suspendImpl(PipelineCall.kt:132)
	at io.ktor.server.application.PipelineCall.respond(PipelineCall.kt)
	at io.ktor.server.engine.BaseApplicationCall.respond(BaseApplicationCall.kt:16)
	at org.example.project.plugins.StatusPagesKt$configureStatusPages$1$3.invokeSuspend(StatusPages.kt:67)
	at org.example.project.plugins.StatusPagesKt$configureStatusPages$1$3.invoke(StatusPages.kt)
	at org.example.project.plugins.StatusPagesKt$configureStatusPages$1$3.invoke(StatusPages.kt)
	at io.ktor.server.plugins.statuspages.StatusPagesKt$StatusPages$2$2$1.invokeSuspend(StatusPages.kt:104)
	at io.ktor.server.plugins.statuspages.StatusPagesKt$StatusPages$2$2$1.invoke(StatusPages.kt)
	at io.ktor.server.plugins.statuspages.StatusPagesKt$StatusPages$2$2$1.invoke(StatusPages.kt)
	at io.ktor.server.plugins.calllogging.KtorMDCProvider$withMDCBlock$$inlined$withMDC$1.invokeSuspend(MDCEntryUtils.kt:22)
	at io.ktor.server.plugins.calllogging.KtorMDCProvider$withMDCBlock$$inlined$withMDC$1.invoke(MDCEntryUtils.kt)
	at io.ktor.server.plugins.calllogging.KtorMDCProvider$withMDCBlock$$inlined$withMDC$1.invoke(MDCEntryUtils.kt)
	at kotlinx.coroutines.intrinsics.UndispatchedKt.startUndspatched(Undispatched.kt:66)
	at kotlinx.coroutines.intrinsics.UndispatchedKt.startUndispatchedOrReturn(Undispatched.kt:43)
	at kotlinx.coroutines.BuildersKt__Builders_commonKt.withContext(Builders.common.kt:165)
	at kotlinx.coroutines.BuildersKt.withContext(Unknown Source)
	at io.ktor.server.plugins.calllogging.KtorMDCProvider.withMDCBlock(MDCProvider.kt:25)
	at io.ktor.server.plugins.statuspages.StatusPagesKt$StatusPages$2$2.invokeSuspend(StatusPages.kt:102)
	at io.ktor.server.plugins.statuspages.StatusPagesKt$StatusPages$2$2.invoke(StatusPages.kt)
	at io.ktor.server.plugins.statuspages.StatusPagesKt$StatusPages$2$2.invoke(StatusPages.kt)
	at io.ktor.server.application.hooks.CallFailed$install$1.invokeSuspend(CommonHooks.kt:52)
	at io.ktor.server.application.hooks.CallFailed$install$1.invoke(CommonHooks.kt)
	at io.ktor.server.application.hooks.CallFailed$install$1.invoke(CommonHooks.kt)
	at io.ktor.util.pipeline.DebugPipelineContext.proceedLoop(DebugPipelineContext.kt:79)
	at io.ktor.util.pipeline.DebugPipelineContext.proceed(DebugPipelineContext.kt:57)
	at io.ktor.util.pipeline.DebugPipelineContext.execute$ktor_utils(DebugPipelineContext.kt:63)
	at io.ktor.util.pipeline.Pipeline.execute(Pipeline.kt:92)
	at io.ktor.server.engine.DefaultEnginePipelineKt$defaultEnginePipeline$1$invokeSuspend$$inlined$execute$1.invokeSuspend(Pipeline.kt:510)
	at io.ktor.server.engine.DefaultEnginePipelineKt$defaultEnginePipeline$1$invokeSuspend$$inlined$execute$1.invoke(Pipeline.kt)
	at io.ktor.server.engine.DefaultEnginePipelineKt$defaultEnginePipeline$1$invokeSuspend$$inlined$execute$1.invoke(Pipeline.kt)
	at io.ktor.util.debug.ContextUtilsKt.initContextInDebugMode(ContextUtils.kt:19)
	at io.ktor.server.engine.DefaultEnginePipelineKt$defaultEnginePipeline$1.invokeSuspend(DefaultEnginePipeline.kt:136)
	at io.ktor.server.engine.DefaultEnginePipelineKt$defaultEnginePipeline$1.invoke(DefaultEnginePipeline.kt)
	at io.ktor.server.engine.DefaultEnginePipelineKt$defaultEnginePipeline$1.invoke(DefaultEnginePipeline.kt)
	at io.ktor.util.pipeline.DebugPipelineContext.proceedLoop(DebugPipelineContext.kt:79)
	at io.ktor.util.pipeline.DebugPipelineContext.proceed(DebugPipelineContext.kt:57)
	at io.ktor.server.engine.BaseApplicationResponse$Companion$setupFallbackResponse$1.invokeSuspend(BaseApplicationResponse.kt:349)
	at io.ktor.server.engine.BaseApplicationResponse$Companion$setupFallbackResponse$1.invoke(BaseApplicationResponse.kt)
	at io.ktor.server.engine.BaseApplicationResponse$Companion$setupFallbackResponse$1.invoke(BaseApplicationResponse.kt)
	at io.ktor.util.pipeline.DebugPipelineContext.proceedLoop(DebugPipelineContext.kt:79)
	at io.ktor.util.pipeline.DebugPipelineContext.proceed(DebugPipelineContext.kt:57)
	at io.ktor.util.pipeline.DebugPipelineContext.execute$ktor_utils(DebugPipelineContext.kt:63)
	at io.ktor.util.pipeline.Pipeline.execute(Pipeline.kt:92)
	at io.ktor.server.netty.NettyApplicationCallHandler$handleRequest$1$invokeSuspend$$inlined$execute$1.invokeSuspend(Pipeline.kt:510)
	at io.ktor.server.netty.NettyApplicationCallHandler$handleRequest$1$invokeSuspend$$inlined$execute$1.invoke(Pipeline.kt)
	at io.ktor.server.netty.NettyApplicationCallHandler$handleRequest$1$invokeSuspend$$inlined$execute$1.invoke(Pipeline.kt)
	at io.ktor.util.debug.ContextUtilsKt.initContextInDebugMode(ContextUtils.kt:19)
	at io.ktor.server.netty.NettyApplicationCallHandler$handleRequest$1.invokeSuspend(NettyApplicationCallHandler.kt:140)
	at io.ktor.server.netty.NettyApplicationCallHandler$handleRequest$1.invoke(NettyApplicationCallHandler.kt)
	at io.ktor.server.netty.NettyApplicationCallHandler$handleRequest$1.invoke(NettyApplicationCallHandler.kt)
	at kotlinx.coroutines.intrinsics.UndispatchedKt.startCoroutineUndispatched(Undispatched.kt:20)
	at kotlinx.coroutines.CoroutineStart.invoke(CoroutineStart.kt:360)
	at kotlinx.coroutines.AbstractCoroutine.start(AbstractCoroutine.kt:134)
	at kotlinx.coroutines.BuildersKt__Builders_commonKt.launch(Builders.common.kt:53)
	at kotlinx.coroutines.BuildersKt.launch(Unknown Source)
	at io.ktor.server.netty.NettyApplicationCallHandler.handleRequest(NettyApplicationCallHandler.kt:41)
	at io.ktor.server.netty.NettyApplicationCallHandler.channelRead(NettyApplicationCallHandler.kt:33)
	at io.netty.channel.AbstractChannelHandlerContext.fireChannelRead(AbstractChannelHandlerContext.java:356)
	at io.netty.channel.AbstractChannelHandlerContext.lambda$fireChannelRead$2(AbstractChannelHandlerContext.java:365)
	at io.netty.util.concurrent.AbstractEventExecutor.runTask(AbstractEventExecutor.java:148)
	at io.netty.util.concurrent.AbstractEventExecutor.safeExecute(AbstractEventExecutor.java:141)
	at io.netty.util.concurrent.SingleThreadEventExecutor.runAllTasks(SingleThreadEventExecutor.java:535)
	at io.netty.channel.SingleThreadIoEventLoop.run(SingleThreadIoEventLoop.java:201)
	at io.netty.util.concurrent.SingleThreadEventExecutor$5.run(SingleThreadEventExecutor.java:1193)
	at io.netty.util.internal.ThreadExecutorMap$2.run(ThreadExecutorMap.java:74)
	at io.netty.util.concurrent.FastThreadLocalRunnable.run(FastThreadLocalRunnable.java:30)
	at java.base/java.lang.Thread.run(Thread.java:1447)
2026-01-04 14:12:14.542 [eventLoopGroupProxy-4-2] INFO  Application - HTTP POST /api/v1/auth/login -> 500 Internal Server Error
2026-01-04 14:20:33.495 [eventLoopGroupProxy-4-3] INFO  io.ktor.server.plugins.cors.CORS - POST /api/v1/auth/register: Start handler
2026-01-04 14:20:33.496 [eventLoopGroupProxy-4-3] INFO  io.ktor.server.plugins.cors.CORS - POST /api/v1/auth/register: Skip CORS handler because request lacks the Origin header
2026-01-04 14:20:58.325 [DefaultDispatcher-worker-2] INFO  Application - HTTP POST /api/v1/auth/register -> 201 Created
2026-01-04 14:22:04.921 [eventLoopGroupProxy-4-4] INFO  io.ktor.server.plugins.cors.CORS - POST /api/v1/auth/register: Start handler
2026-01-04 14:22:04.922 [eventLoopGroupProxy-4-4] INFO  io.ktor.server.plugins.cors.CORS - POST /api/v1/auth/register: Skip CORS handler because request lacks the Origin header
2026-01-04 14:22:26.727 [DefaultDispatcher-worker-2] INFO  Application - HTTP POST /api/v1/auth/register -> 201 Created
2026-01-04 14:27:35.199 [eventLoopGroupProxy-4-1] INFO  io.ktor.server.plugins.cors.CORS - POST /auth/register: Start handler
2026-01-04 14:27:35.203 [eventLoopGroupProxy-4-1] INFO  io.ktor.server.plugins.cors.CORS - POST /auth/register: Skip CORS handler because request lacks the Origin header
2026-01-04 14:27:35.216 [eventLoopGroupProxy-4-1] ERROR Application - Unhandled exception
java.lang.IllegalStateException: Serializing collections of different element types is not yet supported. Selected serializers: [kotlin.Boolean, kotlin.String]
	at io.ktor.serialization.kotlinx.SerializerLookupKt.elementSerializer(SerializerLookup.kt:64)
	at io.ktor.serialization.kotlinx.SerializerLookupKt.guessSerializer(SerializerLookup.kt:48)
	at io.ktor.serialization.kotlinx.KotlinxSerializationConverter.serialize(KotlinxSerializationConverter.kt:55)
	at io.ktor.server.plugins.contentnegotiation.ResponseConverterKt$convertResponseBody$1$2.invokeSuspend(ResponseConverter.kt:66)
	at io.ktor.server.plugins.contentnegotiation.ResponseConverterKt$convertResponseBody$1$2.invoke(ResponseConverter.kt)
	at io.ktor.server.plugins.contentnegotiation.ResponseConverterKt$convertResponseBody$1$2.invoke(ResponseConverter.kt)
	at io.ktor.server.application.OnCallRespondContext.transformBody(KtorCallContexts.kt:102)
	at io.ktor.server.plugins.contentnegotiation.ResponseConverterKt$convertResponseBody$1.invokeSuspend(ResponseConverter.kt:39)
	at io.ktor.server.plugins.contentnegotiation.ResponseConverterKt$convertResponseBody$1.invoke(ResponseConverter.kt)
	at io.ktor.server.plugins.contentnegotiation.ResponseConverterKt$convertResponseBody$1.invoke(ResponseConverter.kt)
	at io.ktor.server.application.PluginBuilder$onDefaultPhase$1.invokeSuspend(PluginBuilder.kt:245)
	at io.ktor.server.application.PluginBuilder$onDefaultPhase$1.invoke(PluginBuilder.kt)
	at io.ktor.server.application.PluginBuilder$onDefaultPhase$1.invoke(PluginBuilder.kt)
	at io.ktor.server.application.PluginBuilder$onDefaultPhaseWithMessage$1$1$1.invokeSuspend(PluginBuilder.kt:228)
	at io.ktor.server.application.PluginBuilder$onDefaultPhaseWithMessage$1$1$1.invoke(PluginBuilder.kt)
	at io.ktor.server.application.PluginBuilder$onDefaultPhaseWithMessage$1$1$1.invoke(PluginBuilder.kt)
	at io.ktor.util.debug.ContextUtilsKt.addToContextInDebugMode(ContextUtils.kt:34)
	at io.ktor.server.application.PluginBuilder$onDefaultPhaseWithMessage$1$1.invokeSuspend(PluginBuilder.kt:224)
	at io.ktor.server.application.PluginBuilder$onDefaultPhaseWithMessage$1$1.invoke(PluginBuilder.kt)
	at io.ktor.server.application.PluginBuilder$onDefaultPhaseWithMessage$1$1.invoke(PluginBuilder.kt)
	at io.ktor.util.pipeline.DebugPipelineContext.proceedLoop(DebugPipelineContext.kt:79)
	at io.ktor.util.pipeline.DebugPipelineContext.proceed(DebugPipelineContext.kt:57)
	at io.ktor.util.pipeline.DebugPipelineContext.execute$ktor_utils(DebugPipelineContext.kt:63)
	at io.ktor.util.pipeline.Pipeline.execute(Pipeline.kt:92)
	at io.ktor.server.application.PipelineCall.respond$suspendImpl(PipelineCall.kt:132)
	at io.ktor.server.application.PipelineCall.respond(PipelineCall.kt)
	at io.ktor.server.engine.BaseApplicationCall.respond(BaseApplicationCall.kt:16)
	at org.example.project.plugins.StatusPagesKt$configureStatusPages$1$4.invokeSuspend(StatusPages.kt:67)
	at org.example.project.plugins.StatusPagesKt$configureStatusPages$1$4.invoke(StatusPages.kt)
	at org.example.project.plugins.StatusPagesKt$configureStatusPages$1$4.invoke(StatusPages.kt)
	at io.ktor.server.plugins.statuspages.StatusPagesConfig$status$1$1.invokeSuspend(StatusPages.kt:175)
	at io.ktor.server.plugins.statuspages.StatusPagesConfig$status$1$1.invoke(StatusPages.kt)
	at io.ktor.server.plugins.statuspages.StatusPagesConfig$status$1$1.invoke(StatusPages.kt)
	at io.ktor.server.plugins.statuspages.StatusPagesKt$StatusPages$2$1.invokeSuspend(StatusPages.kt:80)
	at io.ktor.server.plugins.statuspages.StatusPagesKt$StatusPages$2$1.invoke(StatusPages.kt)
	at io.ktor.server.plugins.statuspages.StatusPagesKt$StatusPages$2$1.invoke(StatusPages.kt)
	at io.ktor.server.application.hooks.ResponseBodyReadyForSend$install$1.invokeSuspend(CommonHooks.kt:114)
	at io.ktor.server.application.hooks.ResponseBodyReadyForSend$install$1.invoke(CommonHooks.kt)
	at io.ktor.server.application.hooks.ResponseBodyReadyForSend$install$1.invoke(CommonHooks.kt)
	at io.ktor.util.pipeline.DebugPipelineContext.proceedLoop(DebugPipelineContext.kt:79)
	at io.ktor.util.pipeline.DebugPipelineContext.proceed(DebugPipelineContext.kt:57)
	at io.ktor.util.pipeline.DebugPipelineContext.proceedWith(DebugPipelineContext.kt:42)
	at io.ktor.server.engine.DefaultTransformKt$installDefaultTransformations$1.invokeSuspend(DefaultTransform.kt:31)
	at io.ktor.server.engine.DefaultTransformKt$installDefaultTransformations$1.invoke(DefaultTransform.kt)
	at io.ktor.server.engine.DefaultTransformKt$installDefaultTransformations$1.invoke(DefaultTransform.kt)
	at io.ktor.util.pipeline.DebugPipelineContext.proceedLoop(DebugPipelineContext.kt:79)
	at io.ktor.util.pipeline.DebugPipelineContext.proceed(DebugPipelineContext.kt:57)
	at io.ktor.util.pipeline.DebugPipelineContext.execute$ktor_utils(DebugPipelineContext.kt:63)
	at io.ktor.util.pipeline.Pipeline.execute(Pipeline.kt:92)
	at io.ktor.server.application.PipelineCall.respond$suspendImpl(PipelineCall.kt:132)
	at io.ktor.server.application.PipelineCall.respond(PipelineCall.kt)
	at io.ktor.server.engine.BaseApplicationCall.respond(BaseApplicationCall.kt:16)
	at io.ktor.server.engine.BaseApplicationEngineKt$installDefaultInterceptors$1.invokeSuspend(BaseApplicationEngine.kt:138)
	at io.ktor.server.engine.BaseApplicationEngineKt$installDefaultInterceptors$1.invoke(BaseApplicationEngine.kt)
	at io.ktor.server.engine.BaseApplicationEngineKt$installDefaultInterceptors$1.invoke(BaseApplicationEngine.kt)
	at io.ktor.util.pipeline.DebugPipelineContext.proceedLoop(DebugPipelineContext.kt:79)
	at io.ktor.util.pipeline.DebugPipelineContext.proceed(DebugPipelineContext.kt:57)
	at io.ktor.server.engine.BaseApplicationEngineKt$installDefaultTransformationChecker$1.invokeSuspend(BaseApplicationEngine.kt:119)
	at io.ktor.server.engine.BaseApplicationEngineKt$installDefaultTransformationChecker$1.invoke(BaseApplicationEngine.kt)
	at io.ktor.server.engine.BaseApplicationEngineKt$installDefaultTransformationChecker$1.invoke(BaseApplicationEngine.kt)
	at io.ktor.util.pipeline.DebugPipelineContext.proceedLoop(DebugPipelineContext.kt:79)
	at io.ktor.util.pipeline.DebugPipelineContext.proceed(DebugPipelineContext.kt:57)
	at io.ktor.server.application.hooks.CallFailed$install$1$1.invokeSuspend(CommonHooks.kt:49)
	at io.ktor.server.application.hooks.CallFailed$install$1$1.invoke(CommonHooks.kt)
	at io.ktor.server.application.hooks.CallFailed$install$1$1.invoke(CommonHooks.kt)
	at kotlinx.coroutines.intrinsics.UndispatchedKt.startUndspatched(Undispatched.kt:66)
	at kotlinx.coroutines.intrinsics.UndispatchedKt.startUndispatchedOrReturn(Undispatched.kt:43)
	at kotlinx.coroutines.CoroutineScopeKt.coroutineScope(CoroutineScope.kt:286)
	at io.ktor.server.application.hooks.CallFailed$install$1.invokeSuspend(CommonHooks.kt:48)
	at io.ktor.server.application.hooks.CallFailed$install$1.invoke(CommonHooks.kt)
	at io.ktor.server.application.hooks.CallFailed$install$1.invoke(CommonHooks.kt)
	at io.ktor.util.pipeline.DebugPipelineContext.proceedLoop(DebugPipelineContext.kt:79)
	at io.ktor.util.pipeline.DebugPipelineContext.proceed(DebugPipelineContext.kt:57)
	at io.ktor.util.pipeline.DebugPipelineContext.execute$ktor_utils(DebugPipelineContext.kt:63)
	at io.ktor.util.pipeline.Pipeline.execute(Pipeline.kt:92)
	at io.ktor.server.engine.DefaultEnginePipelineKt$defaultEnginePipeline$1$invokeSuspend$$inlined$execute$1.invokeSuspend(Pipeline.kt:510)
	at io.ktor.server.engine.DefaultEnginePipelineKt$defaultEnginePipeline$1$invokeSuspend$$inlined$execute$1.invoke(Pipeline.kt)
	at io.ktor.server.engine.DefaultEnginePipelineKt$defaultEnginePipeline$1$invokeSuspend$$inlined$execute$1.invoke(Pipeline.kt)
	at io.ktor.util.debug.ContextUtilsKt.initContextInDebugMode(ContextUtils.kt:19)
	at io.ktor.server.engine.DefaultEnginePipelineKt$defaultEnginePipeline$1.invokeSuspend(DefaultEnginePipeline.kt:136)
	at io.ktor.server.engine.DefaultEnginePipelineKt$defaultEnginePipeline$1.invoke(DefaultEnginePipeline.kt)
	at io.ktor.server.engine.DefaultEnginePipelineKt$defaultEnginePipeline$1.invoke(DefaultEnginePipeline.kt)
	at io.ktor.util.pipeline.DebugPipelineContext.proceedLoop(DebugPipelineContext.kt:79)
	at io.ktor.util.pipeline.DebugPipelineContext.proceed(DebugPipelineContext.kt:57)
	at io.ktor.server.engine.BaseApplicationResponse$Companion$setupFallbackResponse$1.invokeSuspend(BaseApplicationResponse.kt:349)
	at io.ktor.server.engine.BaseApplicationResponse$Companion$setupFallbackResponse$1.invoke(BaseApplicationResponse.kt)
	at io.ktor.server.engine.BaseApplicationResponse$Companion$setupFallbackResponse$1.invoke(BaseApplicationResponse.kt)
	at io.ktor.util.pipeline.DebugPipelineContext.proceedLoop(DebugPipelineContext.kt:79)
	at io.ktor.util.pipeline.DebugPipelineContext.proceed(DebugPipelineContext.kt:57)
	at io.ktor.util.pipeline.DebugPipelineContext.execute$ktor_utils(DebugPipelineContext.kt:63)
	at io.ktor.util.pipeline.Pipeline.execute(Pipeline.kt:92)
	at io.ktor.server.netty.NettyApplicationCallHandler$handleRequest$1$invokeSuspend$$inlined$execute$1.invokeSuspend(Pipeline.kt:510)
	at io.ktor.server.netty.NettyApplicationCallHandler$handleRequest$1$invokeSuspend$$inlined$execute$1.invoke(Pipeline.kt)
	at io.ktor.server.netty.NettyApplicationCallHandler$handleRequest$1$invokeSuspend$$inlined$execute$1.invoke(Pipeline.kt)
	at io.ktor.util.debug.ContextUtilsKt.initContextInDebugMode(ContextUtils.kt:19)
	at io.ktor.server.netty.NettyApplicationCallHandler$handleRequest$1.invokeSuspend(NettyApplicationCallHandler.kt:140)
	at io.ktor.server.netty.NettyApplicationCallHandler$handleRequest$1.invoke(NettyApplicationCallHandler.kt)
	at io.ktor.server.netty.NettyApplicationCallHandler$handleRequest$1.invoke(NettyApplicationCallHandler.kt)
	at kotlinx.coroutines.intrinsics.UndispatchedKt.startCoroutineUndispatched(Undispatched.kt:20)
	at kotlinx.coroutines.CoroutineStart.invoke(CoroutineStart.kt:360)
	at kotlinx.coroutines.AbstractCoroutine.start(AbstractCoroutine.kt:134)
	at kotlinx.coroutines.BuildersKt__Builders_commonKt.launch(Builders.common.kt:53)
	at kotlinx.coroutines.BuildersKt.launch(Unknown Source)
	at io.ktor.server.netty.NettyApplicationCallHandler.handleRequest(NettyApplicationCallHandler.kt:41)
	at io.ktor.server.netty.NettyApplicationCallHandler.channelRead(NettyApplicationCallHandler.kt:33)
	at io.netty.channel.AbstractChannelHandlerContext.fireChannelRead(AbstractChannelHandlerContext.java:356)
	at io.netty.channel.AbstractChannelHandlerContext.lambda$fireChannelRead$2(AbstractChannelHandlerContext.java:365)
	at io.netty.util.concurrent.AbstractEventExecutor.runTask(AbstractEventExecutor.java:148)
	at io.netty.util.concurrent.AbstractEventExecutor.safeExecute(AbstractEventExecutor.java:141)
	at io.netty.util.concurrent.SingleThreadEventExecutor.runAllTasks(SingleThreadEventExecutor.java:535)
	at io.netty.channel.SingleThreadIoEventLoop.run(SingleThreadIoEventLoop.java:201)
	at io.netty.util.concurrent.SingleThreadEventExecutor$5.run(SingleThreadEventExecutor.java:1193)
	at io.netty.util.internal.ThreadExecutorMap$2.run(ThreadExecutorMap.java:74)
	at io.netty.util.concurrent.FastThreadLocalRunnable.run(FastThreadLocalRunnable.java:30)
	at java.base/java.lang.Thread.run(Thread.java:1447)
2026-01-04 14:27:35.219 [eventLoopGroupProxy-4-1] ERROR Application - 500 Internal Server Error: POST - /auth/register
java.lang.IllegalStateException: Serializing collections of different element types is not yet supported. Selected serializers: [kotlin.Boolean, kotlin.String]
	at io.ktor.serialization.kotlinx.SerializerLookupKt.elementSerializer(SerializerLookup.kt:64)
	at io.ktor.serialization.kotlinx.SerializerLookupKt.guessSerializer(SerializerLookup.kt:48)
	at io.ktor.serialization.kotlinx.KotlinxSerializationConverter.serialize(KotlinxSerializationConverter.kt:55)
	at io.ktor.server.plugins.contentnegotiation.ResponseConverterKt$convertResponseBody$1$2.invokeSuspend(ResponseConverter.kt:66)
	at io.ktor.server.plugins.contentnegotiation.ResponseConverterKt$convertResponseBody$1$2.invoke(ResponseConverter.kt)
	at io.ktor.server.plugins.contentnegotiation.ResponseConverterKt$convertResponseBody$1$2.invoke(ResponseConverter.kt)
	at io.ktor.server.application.OnCallRespondContext.transformBody(KtorCallContexts.kt:102)
	at io.ktor.server.plugins.contentnegotiation.ResponseConverterKt$convertResponseBody$1.invokeSuspend(ResponseConverter.kt:39)
	at io.ktor.server.plugins.contentnegotiation.ResponseConverterKt$convertResponseBody$1.invoke(ResponseConverter.kt)
	at io.ktor.server.plugins.contentnegotiation.ResponseConverterKt$convertResponseBody$1.invoke(ResponseConverter.kt)
	at io.ktor.server.application.PluginBuilder$onDefaultPhase$1.invokeSuspend(PluginBuilder.kt:245)
	at io.ktor.server.application.PluginBuilder$onDefaultPhase$1.invoke(PluginBuilder.kt)
	at io.ktor.server.application.PluginBuilder$onDefaultPhase$1.invoke(PluginBuilder.kt)
	at io.ktor.server.application.PluginBuilder$onDefaultPhaseWithMessage$1$1$1.invokeSuspend(PluginBuilder.kt:228)
	at io.ktor.server.application.PluginBuilder$onDefaultPhaseWithMessage$1$1$1.invoke(PluginBuilder.kt)
	at io.ktor.server.application.PluginBuilder$onDefaultPhaseWithMessage$1$1$1.invoke(PluginBuilder.kt)
	at io.ktor.util.debug.ContextUtilsKt.addToContextInDebugMode(ContextUtils.kt:34)
	at io.ktor.server.application.PluginBuilder$onDefaultPhaseWithMessage$1$1.invokeSuspend(PluginBuilder.kt:224)
	at io.ktor.server.application.PluginBuilder$onDefaultPhaseWithMessage$1$1.invoke(PluginBuilder.kt)
	at io.ktor.server.application.PluginBuilder$onDefaultPhaseWithMessage$1$1.invoke(PluginBuilder.kt)
	at io.ktor.util.pipeline.DebugPipelineContext.proceedLoop(DebugPipelineContext.kt:79)
	at io.ktor.util.pipeline.DebugPipelineContext.proceed(DebugPipelineContext.kt:57)
	at io.ktor.util.pipeline.DebugPipelineContext.execute$ktor_utils(DebugPipelineContext.kt:63)
	at io.ktor.util.pipeline.Pipeline.execute(Pipeline.kt:92)
	at io.ktor.server.application.PipelineCall.respond$suspendImpl(PipelineCall.kt:132)
	at io.ktor.server.application.PipelineCall.respond(PipelineCall.kt)
	at io.ktor.server.engine.BaseApplicationCall.respond(BaseApplicationCall.kt:16)
	at org.example.project.plugins.StatusPagesKt$configureStatusPages$1$3.invokeSuspend(StatusPages.kt:67)
	at org.example.project.plugins.StatusPagesKt$configureStatusPages$1$3.invoke(StatusPages.kt)
	at org.example.project.plugins.StatusPagesKt$configureStatusPages$1$3.invoke(StatusPages.kt)
	at io.ktor.server.plugins.statuspages.StatusPagesKt$StatusPages$2$2$1.invokeSuspend(StatusPages.kt:104)
	at io.ktor.server.plugins.statuspages.StatusPagesKt$StatusPages$2$2$1.invoke(StatusPages.kt)
	at io.ktor.server.plugins.statuspages.StatusPagesKt$StatusPages$2$2$1.invoke(StatusPages.kt)
	at io.ktor.server.plugins.calllogging.KtorMDCProvider$withMDCBlock$$inlined$withMDC$1.invokeSuspend(MDCEntryUtils.kt:22)
	at io.ktor.server.plugins.calllogging.KtorMDCProvider$withMDCBlock$$inlined$withMDC$1.invoke(MDCEntryUtils.kt)
	at io.ktor.server.plugins.calllogging.KtorMDCProvider$withMDCBlock$$inlined$withMDC$1.invoke(MDCEntryUtils.kt)
	at kotlinx.coroutines.intrinsics.UndispatchedKt.startUndspatched(Undispatched.kt:66)
	at kotlinx.coroutines.intrinsics.UndispatchedKt.startUndispatchedOrReturn(Undispatched.kt:43)
	at kotlinx.coroutines.BuildersKt__Builders_commonKt.withContext(Builders.common.kt:165)
	at kotlinx.coroutines.BuildersKt.withContext(Unknown Source)
	at io.ktor.server.plugins.calllogging.KtorMDCProvider.withMDCBlock(MDCProvider.kt:25)
	at io.ktor.server.plugins.statuspages.StatusPagesKt$StatusPages$2$2.invokeSuspend(StatusPages.kt:102)
	at io.ktor.server.plugins.statuspages.StatusPagesKt$StatusPages$2$2.invoke(StatusPages.kt)
	at io.ktor.server.plugins.statuspages.StatusPagesKt$StatusPages$2$2.invoke(StatusPages.kt)
	at io.ktor.server.application.hooks.CallFailed$install$1.invokeSuspend(CommonHooks.kt:52)
	at io.ktor.server.application.hooks.CallFailed$install$1.invoke(CommonHooks.kt)
	at io.ktor.server.application.hooks.CallFailed$install$1.invoke(CommonHooks.kt)
	at io.ktor.util.pipeline.DebugPipelineContext.proceedLoop(DebugPipelineContext.kt:79)
	at io.ktor.util.pipeline.DebugPipelineContext.proceed(DebugPipelineContext.kt:57)
	at io.ktor.util.pipeline.DebugPipelineContext.execute$ktor_utils(DebugPipelineContext.kt:63)
	at io.ktor.util.pipeline.Pipeline.execute(Pipeline.kt:92)
	at io.ktor.server.engine.DefaultEnginePipelineKt$defaultEnginePipeline$1$invokeSuspend$$inlined$execute$1.invokeSuspend(Pipeline.kt:510)
	at io.ktor.server.engine.DefaultEnginePipelineKt$defaultEnginePipeline$1$invokeSuspend$$inlined$execute$1.invoke(Pipeline.kt)
	at io.ktor.server.engine.DefaultEnginePipelineKt$defaultEnginePipeline$1$invokeSuspend$$inlined$execute$1.invoke(Pipeline.kt)
	at io.ktor.util.debug.ContextUtilsKt.initContextInDebugMode(ContextUtils.kt:19)
	at io.ktor.server.engine.DefaultEnginePipelineKt$defaultEnginePipeline$1.invokeSuspend(DefaultEnginePipeline.kt:136)
	at io.ktor.server.engine.DefaultEnginePipelineKt$defaultEnginePipeline$1.invoke(DefaultEnginePipeline.kt)
	at io.ktor.server.engine.DefaultEnginePipelineKt$defaultEnginePipeline$1.invoke(DefaultEnginePipeline.kt)
	at io.ktor.util.pipeline.DebugPipelineContext.proceedLoop(DebugPipelineContext.kt:79)
	at io.ktor.util.pipeline.DebugPipelineContext.proceed(DebugPipelineContext.kt:57)
	at io.ktor.server.engine.BaseApplicationResponse$Companion$setupFallbackResponse$1.invokeSuspend(BaseApplicationResponse.kt:349)
	at io.ktor.server.engine.BaseApplicationResponse$Companion$setupFallbackResponse$1.invoke(BaseApplicationResponse.kt)
	at io.ktor.server.engine.BaseApplicationResponse$Companion$setupFallbackResponse$1.invoke(BaseApplicationResponse.kt)
	at io.ktor.util.pipeline.DebugPipelineContext.proceedLoop(DebugPipelineContext.kt:79)
	at io.ktor.util.pipeline.DebugPipelineContext.proceed(DebugPipelineContext.kt:57)
	at io.ktor.util.pipeline.DebugPipelineContext.execute$ktor_utils(DebugPipelineContext.kt:63)
	at io.ktor.util.pipeline.Pipeline.execute(Pipeline.kt:92)
	at io.ktor.server.netty.NettyApplicationCallHandler$handleRequest$1$invokeSuspend$$inlined$execute$1.invokeSuspend(Pipeline.kt:510)
	at io.ktor.server.netty.NettyApplicationCallHandler$handleRequest$1$invokeSuspend$$inlined$execute$1.invoke(Pipeline.kt)
	at io.ktor.server.netty.NettyApplicationCallHandler$handleRequest$1$invokeSuspend$$inlined$execute$1.invoke(Pipeline.kt)
	at io.ktor.util.debug.ContextUtilsKt.initContextInDebugMode(ContextUtils.kt:19)
	at io.ktor.server.netty.NettyApplicationCallHandler$handleRequest$1.invokeSuspend(NettyApplicationCallHandler.kt:140)
	at io.ktor.server.netty.NettyApplicationCallHandler$handleRequest$1.invoke(NettyApplicationCallHandler.kt)
	at io.ktor.server.netty.NettyApplicationCallHandler$handleRequest$1.invoke(NettyApplicationCallHandler.kt)
	at kotlinx.coroutines.intrinsics.UndispatchedKt.startCoroutineUndispatched(Undispatched.kt:20)
	at kotlinx.coroutines.CoroutineStart.invoke(CoroutineStart.kt:360)
	at kotlinx.coroutines.AbstractCoroutine.start(AbstractCoroutine.kt:134)
	at kotlinx.coroutines.BuildersKt__Builders_commonKt.launch(Builders.common.kt:53)
	at kotlinx.coroutines.BuildersKt.launch(Unknown Source)
	at io.ktor.server.netty.NettyApplicationCallHandler.handleRequest(NettyApplicationCallHandler.kt:41)
	at io.ktor.server.netty.NettyApplicationCallHandler.channelRead(NettyApplicationCallHandler.kt:33)
	at io.netty.channel.AbstractChannelHandlerContext.fireChannelRead(AbstractChannelHandlerContext.java:356)
	at io.netty.channel.AbstractChannelHandlerContext.lambda$fireChannelRead$2(AbstractChannelHandlerContext.java:365)
	at io.netty.util.concurrent.AbstractEventExecutor.runTask(AbstractEventExecutor.java:148)
	at io.netty.util.concurrent.AbstractEventExecutor.safeExecute(AbstractEventExecutor.java:141)
	at io.netty.util.concurrent.SingleThreadEventExecutor.runAllTasks(SingleThreadEventExecutor.java:535)
	at io.netty.channel.SingleThreadIoEventLoop.run(SingleThreadIoEventLoop.java:201)
	at io.netty.util.concurrent.SingleThreadEventExecutor$5.run(SingleThreadEventExecutor.java:1193)
	at io.netty.util.internal.ThreadExecutorMap$2.run(ThreadExecutorMap.java:74)
	at io.netty.util.concurrent.FastThreadLocalRunnable.run(FastThreadLocalRunnable.java:30)
	at java.base/java.lang.Thread.run(Thread.java:1447)
2026-01-04 14:27:35.230 [eventLoopGroupProxy-4-1] INFO  Application - HTTP POST /auth/register -> 500 Internal Server Error
2026-01-04 14:39:32.354 [eventLoopGroupProxy-3-1] INFO  Application - Changes in application detected.
2026-01-04 14:39:32.835 [eventLoopGroupProxy-3-1] INFO  Application - No ktor.deployment.watch patterns match classpath entries, automatic reload is not active
