2026-01-04 01:12:44.161 [main] INFO  Application - Autoreload is disabled because the development mode is off.
2026-01-04 01:12:46.956 [main] INFO  Application - MongoDB connected to database: guardianx
2026-01-04 01:12:47.272 [main] INFO  Application - Application started in 3.876 seconds.
2026-01-04 01:12:48.843 [DefaultDispatcher-worker-1] INFO  Application - Responding at http://127.0.0.1:8080
2026-01-04 01:13:00.782 [eventLoopGroupProxy-4-1] INFO  io.ktor.server.plugins.cors.CORS - GET /: Start handler
2026-01-04 01:13:00.787 [eventLoopGroupProxy-4-1] INFO  io.ktor.server.plugins.cors.CORS - GET /: Skip CORS handler because request lacks the Origin header
2026-01-04 01:13:01.138 [eventLoopGroupProxy-4-1] INFO  Application - HTTP GET / -> 200 OK
2026-01-04 01:13:01.197 [eventLoopGroupProxy-4-1] INFO  io.ktor.server.plugins.cors.CORS - GET /: Start handler
2026-01-04 01:13:01.198 [eventLoopGroupProxy-4-1] INFO  io.ktor.server.plugins.cors.CORS - GET /: Skip CORS handler because request lacks the Origin header
2026-01-04 01:13:01.200 [eventLoopGroupProxy-4-1] INFO  Application - HTTP GET / -> 200 OK
2026-01-04 01:13:01.793 [eventLoopGroupProxy-4-1] INFO  io.ktor.server.plugins.cors.CORS - GET /favicon.ico: Start handler
2026-01-04 01:13:01.793 [eventLoopGroupProxy-4-1] INFO  io.ktor.server.plugins.cors.CORS - GET /favicon.ico: Skip CORS handler because request lacks the Origin header
2026-01-04 01:13:01.846 [DefaultDispatcher-worker-3] ERROR Application - Unhandled exception
java.lang.IllegalStateException: Serializing collections of different element types is not yet supported. Selected serializers: [kotlin.Boolean, kotlin.String]
	at io.ktor.serialization.kotlinx.SerializerLookupKt.elementSerializer(SerializerLookup.kt:64)
	at io.ktor.serialization.kotlinx.SerializerLookupKt.guessSerializer(SerializerLookup.kt:48)
	at io.ktor.serialization.kotlinx.KotlinxSerializationConverter.serialize(KotlinxSerializationConverter.kt:55)
	at io.ktor.server.plugins.contentnegotiation.ResponseConverterKt$convertResponseBody$1$2.invokeSuspend(ResponseConverter.kt:66)
	at io.ktor.server.plugins.contentnegotiation.ResponseConverterKt$convertResponseBody$1$2.invoke(ResponseConverter.kt)
	at io.ktor.server.plugins.contentnegotiation.ResponseConverterKt$convertResponseBody$1$2.invoke(ResponseConverter.kt)
	at io.ktor.server.application.OnCallRespondContext.transformBody(KtorCallContexts.kt:102)
	at io.ktor.server.plugins.contentnegotiation.ResponseConverterKt$convertResponseBody$1.invokeSuspend(ResponseConverter.kt:39)
	at io.ktor.server.plugins.contentnegotiation.ResponseConverterKt$convertResponseBody$1.invoke(ResponseConverter.kt)
	at io.ktor.server.plugins.contentnegotiation.ResponseConverterKt$convertResponseBody$1.invoke(ResponseConverter.kt)
	at io.ktor.server.application.PluginBuilder$onDefaultPhase$1.invokeSuspend(PluginBuilder.kt:245)
	at io.ktor.server.application.PluginBuilder$onDefaultPhase$1.invoke(PluginBuilder.kt)
	at io.ktor.server.application.PluginBuilder$onDefaultPhase$1.invoke(PluginBuilder.kt)
	at io.ktor.server.application.PluginBuilder$onDefaultPhaseWithMessage$1$1$1.invokeSuspend(PluginBuilder.kt:228)
	at io.ktor.server.application.PluginBuilder$onDefaultPhaseWithMessage$1$1$1.invoke(PluginBuilder.kt)
	at io.ktor.server.application.PluginBuilder$onDefaultPhaseWithMessage$1$1$1.invoke(PluginBuilder.kt)
	at io.ktor.util.debug.ContextUtilsKt.addToContextInDebugMode(ContextUtils.kt:34)
	at io.ktor.server.application.PluginBuilder$onDefaultPhaseWithMessage$1$1.invokeSuspend(PluginBuilder.kt:224)
	at io.ktor.server.application.PluginBuilder$onDefaultPhaseWithMessage$1$1.invoke(PluginBuilder.kt)
	at io.ktor.server.application.PluginBuilder$onDefaultPhaseWithMessage$1$1.invoke(PluginBuilder.kt)
	at io.ktor.util.pipeline.PipelineJvmKt.pipelineStartCoroutineUninterceptedOrReturn(PipelineJvm.kt:15)
	at io.ktor.util.pipeline.SuspendFunctionGun.loop(SuspendFunctionGun.kt:131)
	at io.ktor.util.pipeline.SuspendFunctionGun.proceed(SuspendFunctionGun.kt:89)
	at io.ktor.util.pipeline.SuspendFunctionGun.execute$ktor_utils(SuspendFunctionGun.kt:109)
	at io.ktor.util.pipeline.Pipeline.execute(Pipeline.kt:92)
	at io.ktor.server.application.PipelineCall.respond$suspendImpl(PipelineCall.kt:132)
	at io.ktor.server.application.PipelineCall.respond(PipelineCall.kt)
	at io.ktor.server.engine.BaseApplicationCall.respond(BaseApplicationCall.kt:16)
	at org.example.project.plugins.StatusPagesKt$configureStatusPages$1$4.invokeSuspend(StatusPages.kt:67)
	at org.example.project.plugins.StatusPagesKt$configureStatusPages$1$4.invoke(StatusPages.kt)
	at org.example.project.plugins.StatusPagesKt$configureStatusPages$1$4.invoke(StatusPages.kt)
	at io.ktor.server.plugins.statuspages.StatusPagesConfig$status$1$1.invokeSuspend(StatusPages.kt:175)
	at io.ktor.server.plugins.statuspages.StatusPagesConfig$status$1$1.invoke(StatusPages.kt)
	at io.ktor.server.plugins.statuspages.StatusPagesConfig$status$1$1.invoke(StatusPages.kt)
	at io.ktor.server.plugins.statuspages.StatusPagesKt$StatusPages$2$1.invokeSuspend(StatusPages.kt:80)
	at io.ktor.server.plugins.statuspages.StatusPagesKt$StatusPages$2$1.invoke(StatusPages.kt)
	at io.ktor.server.plugins.statuspages.StatusPagesKt$StatusPages$2$1.invoke(StatusPages.kt)
	at io.ktor.server.application.hooks.ResponseBodyReadyForSend$install$1.invokeSuspend(CommonHooks.kt:114)
	at io.ktor.server.application.hooks.ResponseBodyReadyForSend$install$1.invoke(CommonHooks.kt)
	at io.ktor.server.application.hooks.ResponseBodyReadyForSend$install$1.invoke(CommonHooks.kt)
	at io.ktor.util.pipeline.PipelineJvmKt.pipelineStartCoroutineUninterceptedOrReturn(PipelineJvm.kt:15)
	at io.ktor.util.pipeline.SuspendFunctionGun.loop(SuspendFunctionGun.kt:131)
	at io.ktor.util.pipeline.SuspendFunctionGun.proceed(SuspendFunctionGun.kt:89)
	at io.ktor.util.pipeline.SuspendFunctionGun.proceedWith(SuspendFunctionGun.kt:99)
	at io.ktor.server.engine.DefaultTransformKt$installDefaultTransformations$1.invokeSuspend(DefaultTransform.kt:31)
	at io.ktor.server.engine.DefaultTransformKt$installDefaultTransformations$1.invoke(DefaultTransform.kt)
	at io.ktor.server.engine.DefaultTransformKt$installDefaultTransformations$1.invoke(DefaultTransform.kt)
	at io.ktor.util.pipeline.PipelineJvmKt.pipelineStartCoroutineUninterceptedOrReturn(PipelineJvm.kt:15)
	at io.ktor.util.pipeline.SuspendFunctionGun.loop(SuspendFunctionGun.kt:131)
	at io.ktor.util.pipeline.SuspendFunctionGun.proceed(SuspendFunctionGun.kt:89)
	at io.ktor.util.pipeline.SuspendFunctionGun.execute$ktor_utils(SuspendFunctionGun.kt:109)
	at io.ktor.util.pipeline.Pipeline.execute(Pipeline.kt:92)
	at io.ktor.server.application.PipelineCall.respond$suspendImpl(PipelineCall.kt:132)
	at io.ktor.server.application.PipelineCall.respond(PipelineCall.kt)
	at io.ktor.server.engine.BaseApplicationCall.respond(BaseApplicationCall.kt:16)
	at io.ktor.server.engine.BaseApplicationEngineKt$installDefaultInterceptors$1.invokeSuspend(BaseApplicationEngine.kt:138)
	at io.ktor.server.engine.BaseApplicationEngineKt$installDefaultInterceptors$1.invoke(BaseApplicationEngine.kt)
	at io.ktor.server.engine.BaseApplicationEngineKt$installDefaultInterceptors$1.invoke(BaseApplicationEngine.kt)
	at io.ktor.util.pipeline.PipelineJvmKt.pipelineStartCoroutineUninterceptedOrReturn(PipelineJvm.kt:15)
	at io.ktor.util.pipeline.SuspendFunctionGun.loop(SuspendFunctionGun.kt:131)
	at io.ktor.util.pipeline.SuspendFunctionGun.proceed(SuspendFunctionGun.kt:89)
	at io.ktor.server.engine.BaseApplicationEngineKt$installDefaultTransformationChecker$1.invokeSuspend(BaseApplicationEngine.kt:119)
	at io.ktor.server.engine.BaseApplicationEngineKt$installDefaultTransformationChecker$1.invoke(BaseApplicationEngine.kt)
	at io.ktor.server.engine.BaseApplicationEngineKt$installDefaultTransformationChecker$1.invoke(BaseApplicationEngine.kt)
	at io.ktor.util.pipeline.PipelineJvmKt.pipelineStartCoroutineUninterceptedOrReturn(PipelineJvm.kt:15)
	at io.ktor.util.pipeline.SuspendFunctionGun.loop(SuspendFunctionGun.kt:131)
	at io.ktor.util.pipeline.SuspendFunctionGun.proceed(SuspendFunctionGun.kt:89)
	at io.ktor.server.application.hooks.CallFailed$install$1$1.invokeSuspend(CommonHooks.kt:49)
	at io.ktor.server.application.hooks.CallFailed$install$1$1.invoke(CommonHooks.kt)
	at io.ktor.server.application.hooks.CallFailed$install$1$1.invoke(CommonHooks.kt)
	at kotlinx.coroutines.intrinsics.UndispatchedKt.startUndspatched(Undispatched.kt:66)
	at kotlinx.coroutines.intrinsics.UndispatchedKt.startUndispatchedOrReturn(Undispatched.kt:43)
	at kotlinx.coroutines.CoroutineScopeKt.coroutineScope(CoroutineScope.kt:286)
	at io.ktor.server.application.hooks.CallFailed$install$1.invokeSuspend(CommonHooks.kt:48)
	at io.ktor.server.application.hooks.CallFailed$install$1.invoke(CommonHooks.kt)
	at io.ktor.server.application.hooks.CallFailed$install$1.invoke(CommonHooks.kt)
	at io.ktor.util.pipeline.PipelineJvmKt.pipelineStartCoroutineUninterceptedOrReturn(PipelineJvm.kt:15)
	at io.ktor.util.pipeline.SuspendFunctionGun.loop(SuspendFunctionGun.kt:131)
	at io.ktor.util.pipeline.SuspendFunctionGun.proceed(SuspendFunctionGun.kt:89)
	at io.ktor.util.pipeline.SuspendFunctionGun.execute$ktor_utils(SuspendFunctionGun.kt:109)
	at io.ktor.util.pipeline.Pipeline.execute(Pipeline.kt:92)
	at io.ktor.server.engine.DefaultEnginePipelineKt$defaultEnginePipeline$1$invokeSuspend$$inlined$execute$1.invokeSuspend(Pipeline.kt:510)
	at io.ktor.server.engine.DefaultEnginePipelineKt$defaultEnginePipeline$1$invokeSuspend$$inlined$execute$1.invoke(Pipeline.kt)
	at io.ktor.server.engine.DefaultEnginePipelineKt$defaultEnginePipeline$1$invokeSuspend$$inlined$execute$1.invoke(Pipeline.kt)
	at io.ktor.util.debug.ContextUtilsKt.initContextInDebugMode(ContextUtils.kt:19)
	at io.ktor.server.engine.DefaultEnginePipelineKt$defaultEnginePipeline$1.invokeSuspend(DefaultEnginePipeline.kt:136)
	at io.ktor.server.engine.DefaultEnginePipelineKt$defaultEnginePipeline$1.invoke(DefaultEnginePipeline.kt)
	at io.ktor.server.engine.DefaultEnginePipelineKt$defaultEnginePipeline$1.invoke(DefaultEnginePipeline.kt)
	at io.ktor.util.pipeline.PipelineJvmKt.pipelineStartCoroutineUninterceptedOrReturn(PipelineJvm.kt:15)
	at io.ktor.util.pipeline.SuspendFunctionGun.loop(SuspendFunctionGun.kt:131)
	at io.ktor.util.pipeline.SuspendFunctionGun.proceed(SuspendFunctionGun.kt:89)
	at io.ktor.server.engine.BaseApplicationResponse$Companion$setupFallbackResponse$1.invokeSuspend(BaseApplicationResponse.kt:349)
	at io.ktor.server.engine.BaseApplicationResponse$Companion$setupFallbackResponse$1.invoke(BaseApplicationResponse.kt)
	at io.ktor.server.engine.BaseApplicationResponse$Companion$setupFallbackResponse$1.invoke(BaseApplicationResponse.kt)
	at io.ktor.util.pipeline.PipelineJvmKt.pipelineStartCoroutineUninterceptedOrReturn(PipelineJvm.kt:15)
	at io.ktor.util.pipeline.SuspendFunctionGun.loop(SuspendFunctionGun.kt:131)
	at io.ktor.util.pipeline.SuspendFunctionGun.proceed(SuspendFunctionGun.kt:89)
	at io.ktor.util.pipeline.SuspendFunctionGun.execute$ktor_utils(SuspendFunctionGun.kt:109)
	at io.ktor.util.pipeline.Pipeline.execute(Pipeline.kt:92)
	at io.ktor.server.netty.NettyApplicationCallHandler$handleRequest$1$invokeSuspend$$inlined$execute$1.invokeSuspend(Pipeline.kt:510)
	at io.ktor.server.netty.NettyApplicationCallHandler$handleRequest$1$invokeSuspend$$inlined$execute$1.invoke(Pipeline.kt)
	at io.ktor.server.netty.NettyApplicationCallHandler$handleRequest$1$invokeSuspend$$inlined$execute$1.invoke(Pipeline.kt)
	at io.ktor.util.debug.ContextUtilsKt.initContextInDebugMode(ContextUtils.kt:19)
	at io.ktor.server.netty.NettyApplicationCallHandler$handleRequest$1.invokeSuspend(NettyApplicationCallHandler.kt:140)
	at io.ktor.server.netty.NettyApplicationCallHandler$handleRequest$1.invoke(NettyApplicationCallHandler.kt)
	at io.ktor.server.netty.NettyApplicationCallHandler$handleRequest$1.invoke(NettyApplicationCallHandler.kt)
	at kotlinx.coroutines.intrinsics.UndispatchedKt.startCoroutineUndispatched(Undispatched.kt:20)
	at kotlinx.coroutines.CoroutineStart.invoke(CoroutineStart.kt:360)
	at kotlinx.coroutines.AbstractCoroutine.start(AbstractCoroutine.kt:134)
	at kotlinx.coroutines.BuildersKt__Builders_commonKt.launch(Builders.common.kt:53)
	at kotlinx.coroutines.BuildersKt.launch(Unknown Source)
	at io.ktor.server.netty.NettyApplicationCallHandler.handleRequest(NettyApplicationCallHandler.kt:41)
	at io.ktor.server.netty.NettyApplicationCallHandler.channelRead(NettyApplicationCallHandler.kt:33)
	at io.netty.channel.AbstractChannelHandlerContext.fireChannelRead(AbstractChannelHandlerContext.java:356)
	at io.netty.channel.AbstractChannelHandlerContext.lambda$fireChannelRead$2(AbstractChannelHandlerContext.java:365)
	at io.netty.util.concurrent.AbstractEventExecutor.runTask(AbstractEventExecutor.java:148)
	at io.netty.util.concurrent.AbstractEventExecutor.safeExecute(AbstractEventExecutor.java:141)
	at io.netty.util.concurrent.SingleThreadEventExecutor.runAllTasks(SingleThreadEventExecutor.java:535)
	at io.netty.channel.SingleThreadIoEventLoop.run(SingleThreadIoEventLoop.java:201)
	at io.netty.util.concurrent.SingleThreadEventExecutor$5.run(SingleThreadEventExecutor.java:1193)
	at io.netty.util.internal.ThreadExecutorMap$2.run(ThreadExecutorMap.java:74)
	at io.netty.util.concurrent.FastThreadLocalRunnable.run(FastThreadLocalRunnable.java:30)
	at java.base/java.lang.Thread.run(Unknown Source)
2026-01-04 01:13:01.887 [DefaultDispatcher-worker-3] ERROR Application - 500 Internal Server Error: GET - /favicon.ico
java.lang.IllegalStateException: Serializing collections of different element types is not yet supported. Selected serializers: [kotlin.Boolean, kotlin.String]
	at io.ktor.serialization.kotlinx.SerializerLookupKt.elementSerializer(SerializerLookup.kt:64)
	at io.ktor.serialization.kotlinx.SerializerLookupKt.guessSerializer(SerializerLookup.kt:48)
	at io.ktor.serialization.kotlinx.KotlinxSerializationConverter.serialize(KotlinxSerializationConverter.kt:55)
	at io.ktor.server.plugins.contentnegotiation.ResponseConverterKt$convertResponseBody$1$2.invokeSuspend(ResponseConverter.kt:66)
	at io.ktor.server.plugins.contentnegotiation.ResponseConverterKt$convertResponseBody$1$2.invoke(ResponseConverter.kt)
	at io.ktor.server.plugins.contentnegotiation.ResponseConverterKt$convertResponseBody$1$2.invoke(ResponseConverter.kt)
	at io.ktor.server.application.OnCallRespondContext.transformBody(KtorCallContexts.kt:102)
	at io.ktor.server.plugins.contentnegotiation.ResponseConverterKt$convertResponseBody$1.invokeSuspend(ResponseConverter.kt:39)
	at io.ktor.server.plugins.contentnegotiation.ResponseConverterKt$convertResponseBody$1.invoke(ResponseConverter.kt)
	at io.ktor.server.plugins.contentnegotiation.ResponseConverterKt$convertResponseBody$1.invoke(ResponseConverter.kt)
	at io.ktor.server.application.PluginBuilder$onDefaultPhase$1.invokeSuspend(PluginBuilder.kt:245)
	at io.ktor.server.application.PluginBuilder$onDefaultPhase$1.invoke(PluginBuilder.kt)
	at io.ktor.server.application.PluginBuilder$onDefaultPhase$1.invoke(PluginBuilder.kt)
	at io.ktor.server.application.PluginBuilder$onDefaultPhaseWithMessage$1$1$1.invokeSuspend(PluginBuilder.kt:228)
	at io.ktor.server.application.PluginBuilder$onDefaultPhaseWithMessage$1$1$1.invoke(PluginBuilder.kt)
	at io.ktor.server.application.PluginBuilder$onDefaultPhaseWithMessage$1$1$1.invoke(PluginBuilder.kt)
	at io.ktor.util.debug.ContextUtilsKt.addToContextInDebugMode(ContextUtils.kt:34)
	at io.ktor.server.application.PluginBuilder$onDefaultPhaseWithMessage$1$1.invokeSuspend(PluginBuilder.kt:224)
	at io.ktor.server.application.PluginBuilder$onDefaultPhaseWithMessage$1$1.invoke(PluginBuilder.kt)
	at io.ktor.server.application.PluginBuilder$onDefaultPhaseWithMessage$1$1.invoke(PluginBuilder.kt)
	at io.ktor.util.pipeline.PipelineJvmKt.pipelineStartCoroutineUninterceptedOrReturn(PipelineJvm.kt:15)
	at io.ktor.util.pipeline.SuspendFunctionGun.loop(SuspendFunctionGun.kt:131)
	at io.ktor.util.pipeline.SuspendFunctionGun.proceed(SuspendFunctionGun.kt:89)
	at io.ktor.util.pipeline.SuspendFunctionGun.execute$ktor_utils(SuspendFunctionGun.kt:109)
	at io.ktor.util.pipeline.Pipeline.execute(Pipeline.kt:92)
	at io.ktor.server.application.PipelineCall.respond$suspendImpl(PipelineCall.kt:132)
	at io.ktor.server.application.PipelineCall.respond(PipelineCall.kt)
	at io.ktor.server.engine.BaseApplicationCall.respond(BaseApplicationCall.kt:16)
	at org.example.project.plugins.StatusPagesKt$configureStatusPages$1$3.invokeSuspend(StatusPages.kt:67)
	at org.example.project.plugins.StatusPagesKt$configureStatusPages$1$3.invoke(StatusPages.kt)
	at org.example.project.plugins.StatusPagesKt$configureStatusPages$1$3.invoke(StatusPages.kt)
	at io.ktor.server.plugins.statuspages.StatusPagesKt$StatusPages$2$2$1.invokeSuspend(StatusPages.kt:104)
	at io.ktor.server.plugins.statuspages.StatusPagesKt$StatusPages$2$2$1.invoke(StatusPages.kt)
	at io.ktor.server.plugins.statuspages.StatusPagesKt$StatusPages$2$2$1.invoke(StatusPages.kt)
	at io.ktor.server.plugins.calllogging.KtorMDCProvider$withMDCBlock$$inlined$withMDC$1.invokeSuspend(MDCEntryUtils.kt:22)
	at io.ktor.server.plugins.calllogging.KtorMDCProvider$withMDCBlock$$inlined$withMDC$1.invoke(MDCEntryUtils.kt)
	at io.ktor.server.plugins.calllogging.KtorMDCProvider$withMDCBlock$$inlined$withMDC$1.invoke(MDCEntryUtils.kt)
	at kotlinx.coroutines.intrinsics.UndispatchedKt.startUndspatched(Undispatched.kt:66)
	at kotlinx.coroutines.intrinsics.UndispatchedKt.startUndispatchedOrReturn(Undispatched.kt:43)
	at kotlinx.coroutines.BuildersKt__Builders_commonKt.withContext(Builders.common.kt:165)
	at kotlinx.coroutines.BuildersKt.withContext(Unknown Source)
	at io.ktor.server.plugins.calllogging.KtorMDCProvider.withMDCBlock(MDCProvider.kt:25)
	at io.ktor.server.plugins.statuspages.StatusPagesKt$StatusPages$2$2.invokeSuspend(StatusPages.kt:102)
	at io.ktor.server.plugins.statuspages.StatusPagesKt$StatusPages$2$2.invoke(StatusPages.kt)
	at io.ktor.server.plugins.statuspages.StatusPagesKt$StatusPages$2$2.invoke(StatusPages.kt)
	at io.ktor.server.application.hooks.CallFailed$install$1.invokeSuspend(CommonHooks.kt:52)
	at kotlin.coroutines.jvm.internal.BaseContinuationImpl.resumeWith(ContinuationImpl.kt:34)
	at kotlinx.coroutines.internal.ScopeCoroutine.afterResume(Scopes.kt:35)
	at kotlinx.coroutines.AbstractCoroutine.resumeWith(AbstractCoroutine.kt:101)
	at kotlin.coroutines.jvm.internal.BaseContinuationImpl.resumeWith(ContinuationImpl.kt:47)
	at kotlinx.coroutines.DispatchedTask.run(DispatchedTask.kt:98)
	at kotlinx.coroutines.scheduling.CoroutineScheduler.runSafely(CoroutineScheduler.kt:586)
	at kotlinx.coroutines.scheduling.CoroutineScheduler$Worker.executeTask(CoroutineScheduler.kt:829)
	at kotlinx.coroutines.scheduling.CoroutineScheduler$Worker.runWorker(CoroutineScheduler.kt:717)
	at kotlinx.coroutines.scheduling.CoroutineScheduler$Worker.run(CoroutineScheduler.kt:704)
2026-01-04 01:13:01.895 [DefaultDispatcher-worker-3] INFO  Application - HTTP GET /favicon.ico -> 500 Internal Server Error
2026-01-04 01:13:01.902 [eventLoopGroupProxy-4-1] INFO  io.ktor.server.plugins.cors.CORS - GET /favicon.ico: Start handler
2026-01-04 01:13:01.903 [eventLoopGroupProxy-4-1] INFO  io.ktor.server.plugins.cors.CORS - GET /favicon.ico: Skip CORS handler because request lacks the Origin header
2026-01-04 01:13:01.913 [DefaultDispatcher-worker-3] ERROR Application - Unhandled exception
java.lang.IllegalStateException: Serializing collections of different element types is not yet supported. Selected serializers: [kotlin.Boolean, kotlin.String]
	at io.ktor.serialization.kotlinx.SerializerLookupKt.elementSerializer(SerializerLookup.kt:64)
	at io.ktor.serialization.kotlinx.SerializerLookupKt.guessSerializer(SerializerLookup.kt:48)
	at io.ktor.serialization.kotlinx.KotlinxSerializationConverter.serialize(KotlinxSerializationConverter.kt:55)
	at io.ktor.server.plugins.contentnegotiation.ResponseConverterKt$convertResponseBody$1$2.invokeSuspend(ResponseConverter.kt:66)
	at io.ktor.server.plugins.contentnegotiation.ResponseConverterKt$convertResponseBody$1$2.invoke(ResponseConverter.kt)
	at io.ktor.server.plugins.contentnegotiation.ResponseConverterKt$convertResponseBody$1$2.invoke(ResponseConverter.kt)
	at io.ktor.server.application.OnCallRespondContext.transformBody(KtorCallContexts.kt:102)
	at io.ktor.server.plugins.contentnegotiation.ResponseConverterKt$convertResponseBody$1.invokeSuspend(ResponseConverter.kt:39)
	at io.ktor.server.plugins.contentnegotiation.ResponseConverterKt$convertResponseBody$1.invoke(ResponseConverter.kt)
	at io.ktor.server.plugins.contentnegotiation.ResponseConverterKt$convertResponseBody$1.invoke(ResponseConverter.kt)
	at io.ktor.server.application.PluginBuilder$onDefaultPhase$1.invokeSuspend(PluginBuilder.kt:245)
	at io.ktor.server.application.PluginBuilder$onDefaultPhase$1.invoke(PluginBuilder.kt)
	at io.ktor.server.application.PluginBuilder$onDefaultPhase$1.invoke(PluginBuilder.kt)
	at io.ktor.server.application.PluginBuilder$onDefaultPhaseWithMessage$1$1$1.invokeSuspend(PluginBuilder.kt:228)
	at io.ktor.server.application.PluginBuilder$onDefaultPhaseWithMessage$1$1$1.invoke(PluginBuilder.kt)
	at io.ktor.server.application.PluginBuilder$onDefaultPhaseWithMessage$1$1$1.invoke(PluginBuilder.kt)
	at io.ktor.util.debug.ContextUtilsKt.addToContextInDebugMode(ContextUtils.kt:34)
	at io.ktor.server.application.PluginBuilder$onDefaultPhaseWithMessage$1$1.invokeSuspend(PluginBuilder.kt:224)
	at io.ktor.server.application.PluginBuilder$onDefaultPhaseWithMessage$1$1.invoke(PluginBuilder.kt)
	at io.ktor.server.application.PluginBuilder$onDefaultPhaseWithMessage$1$1.invoke(PluginBuilder.kt)
	at io.ktor.util.pipeline.PipelineJvmKt.pipelineStartCoroutineUninterceptedOrReturn(PipelineJvm.kt:15)
	at io.ktor.util.pipeline.SuspendFunctionGun.loop(SuspendFunctionGun.kt:131)
	at io.ktor.util.pipeline.SuspendFunctionGun.proceed(SuspendFunctionGun.kt:89)
	at io.ktor.util.pipeline.SuspendFunctionGun.execute$ktor_utils(SuspendFunctionGun.kt:109)
	at io.ktor.util.pipeline.Pipeline.execute(Pipeline.kt:92)
	at io.ktor.server.application.PipelineCall.respond$suspendImpl(PipelineCall.kt:132)
	at io.ktor.server.application.PipelineCall.respond(PipelineCall.kt)
	at io.ktor.server.engine.BaseApplicationCall.respond(BaseApplicationCall.kt:16)
	at org.example.project.plugins.StatusPagesKt$configureStatusPages$1$4.invokeSuspend(StatusPages.kt:67)
	at org.example.project.plugins.StatusPagesKt$configureStatusPages$1$4.invoke(StatusPages.kt)
	at org.example.project.plugins.StatusPagesKt$configureStatusPages$1$4.invoke(StatusPages.kt)
	at io.ktor.server.plugins.statuspages.StatusPagesConfig$status$1$1.invokeSuspend(StatusPages.kt:175)
	at io.ktor.server.plugins.statuspages.StatusPagesConfig$status$1$1.invoke(StatusPages.kt)
	at io.ktor.server.plugins.statuspages.StatusPagesConfig$status$1$1.invoke(StatusPages.kt)
	at io.ktor.server.plugins.statuspages.StatusPagesKt$StatusPages$2$1.invokeSuspend(StatusPages.kt:80)
	at io.ktor.server.plugins.statuspages.StatusPagesKt$StatusPages$2$1.invoke(StatusPages.kt)
	at io.ktor.server.plugins.statuspages.StatusPagesKt$StatusPages$2$1.invoke(StatusPages.kt)
	at io.ktor.server.application.hooks.ResponseBodyReadyForSend$install$1.invokeSuspend(CommonHooks.kt:114)
	at io.ktor.server.application.hooks.ResponseBodyReadyForSend$install$1.invoke(CommonHooks.kt)
	at io.ktor.server.application.hooks.ResponseBodyReadyForSend$install$1.invoke(CommonHooks.kt)
	at io.ktor.util.pipeline.PipelineJvmKt.pipelineStartCoroutineUninterceptedOrReturn(PipelineJvm.kt:15)
	at io.ktor.util.pipeline.SuspendFunctionGun.loop(SuspendFunctionGun.kt:131)
	at io.ktor.util.pipeline.SuspendFunctionGun.proceed(SuspendFunctionGun.kt:89)
	at io.ktor.util.pipeline.SuspendFunctionGun.proceedWith(SuspendFunctionGun.kt:99)
	at io.ktor.server.engine.DefaultTransformKt$installDefaultTransformations$1.invokeSuspend(DefaultTransform.kt:31)
	at io.ktor.server.engine.DefaultTransformKt$installDefaultTransformations$1.invoke(DefaultTransform.kt)
	at io.ktor.server.engine.DefaultTransformKt$installDefaultTransformations$1.invoke(DefaultTransform.kt)
	at io.ktor.util.pipeline.PipelineJvmKt.pipelineStartCoroutineUninterceptedOrReturn(PipelineJvm.kt:15)
	at io.ktor.util.pipeline.SuspendFunctionGun.loop(SuspendFunctionGun.kt:131)
	at io.ktor.util.pipeline.SuspendFunctionGun.proceed(SuspendFunctionGun.kt:89)
	at io.ktor.util.pipeline.SuspendFunctionGun.execute$ktor_utils(SuspendFunctionGun.kt:109)
	at io.ktor.util.pipeline.Pipeline.execute(Pipeline.kt:92)
	at io.ktor.server.application.PipelineCall.respond$suspendImpl(PipelineCall.kt:132)
	at io.ktor.server.application.PipelineCall.respond(PipelineCall.kt)
	at io.ktor.server.engine.BaseApplicationCall.respond(BaseApplicationCall.kt:16)
	at io.ktor.server.engine.BaseApplicationEngineKt$installDefaultInterceptors$1.invokeSuspend(BaseApplicationEngine.kt:138)
	at io.ktor.server.engine.BaseApplicationEngineKt$installDefaultInterceptors$1.invoke(BaseApplicationEngine.kt)
	at io.ktor.server.engine.BaseApplicationEngineKt$installDefaultInterceptors$1.invoke(BaseApplicationEngine.kt)
	at io.ktor.util.pipeline.PipelineJvmKt.pipelineStartCoroutineUninterceptedOrReturn(PipelineJvm.kt:15)
	at io.ktor.util.pipeline.SuspendFunctionGun.loop(SuspendFunctionGun.kt:131)
	at io.ktor.util.pipeline.SuspendFunctionGun.proceed(SuspendFunctionGun.kt:89)
	at io.ktor.server.engine.BaseApplicationEngineKt$installDefaultTransformationChecker$1.invokeSuspend(BaseApplicationEngine.kt:119)
	at io.ktor.server.engine.BaseApplicationEngineKt$installDefaultTransformationChecker$1.invoke(BaseApplicationEngine.kt)
	at io.ktor.server.engine.BaseApplicationEngineKt$installDefaultTransformationChecker$1.invoke(BaseApplicationEngine.kt)
	at io.ktor.util.pipeline.PipelineJvmKt.pipelineStartCoroutineUninterceptedOrReturn(PipelineJvm.kt:15)
	at io.ktor.util.pipeline.SuspendFunctionGun.loop(SuspendFunctionGun.kt:131)
	at io.ktor.util.pipeline.SuspendFunctionGun.proceed(SuspendFunctionGun.kt:89)
	at io.ktor.server.application.hooks.CallFailed$install$1$1.invokeSuspend(CommonHooks.kt:49)
	at io.ktor.server.application.hooks.CallFailed$install$1$1.invoke(CommonHooks.kt)
	at io.ktor.server.application.hooks.CallFailed$install$1$1.invoke(CommonHooks.kt)
	at kotlinx.coroutines.intrinsics.UndispatchedKt.startUndspatched(Undispatched.kt:66)
	at kotlinx.coroutines.intrinsics.UndispatchedKt.startUndispatchedOrReturn(Undispatched.kt:43)
	at kotlinx.coroutines.CoroutineScopeKt.coroutineScope(CoroutineScope.kt:286)
	at io.ktor.server.application.hooks.CallFailed$install$1.invokeSuspend(CommonHooks.kt:48)
	at io.ktor.server.application.hooks.CallFailed$install$1.invoke(CommonHooks.kt)
	at io.ktor.server.application.hooks.CallFailed$install$1.invoke(CommonHooks.kt)
	at io.ktor.util.pipeline.PipelineJvmKt.pipelineStartCoroutineUninterceptedOrReturn(PipelineJvm.kt:15)
	at io.ktor.util.pipeline.SuspendFunctionGun.loop(SuspendFunctionGun.kt:131)
	at io.ktor.util.pipeline.SuspendFunctionGun.proceed(SuspendFunctionGun.kt:89)
	at io.ktor.util.pipeline.SuspendFunctionGun.execute$ktor_utils(SuspendFunctionGun.kt:109)
	at io.ktor.util.pipeline.Pipeline.execute(Pipeline.kt:92)
	at io.ktor.server.engine.DefaultEnginePipelineKt$defaultEnginePipeline$1$invokeSuspend$$inlined$execute$1.invokeSuspend(Pipeline.kt:510)
	at io.ktor.server.engine.DefaultEnginePipelineKt$defaultEnginePipeline$1$invokeSuspend$$inlined$execute$1.invoke(Pipeline.kt)
	at io.ktor.server.engine.DefaultEnginePipelineKt$defaultEnginePipeline$1$invokeSuspend$$inlined$execute$1.invoke(Pipeline.kt)
	at io.ktor.util.debug.ContextUtilsKt.initContextInDebugMode(ContextUtils.kt:19)
	at io.ktor.server.engine.DefaultEnginePipelineKt$defaultEnginePipeline$1.invokeSuspend(DefaultEnginePipeline.kt:136)
	at io.ktor.server.engine.DefaultEnginePipelineKt$defaultEnginePipeline$1.invoke(DefaultEnginePipeline.kt)
	at io.ktor.server.engine.DefaultEnginePipelineKt$defaultEnginePipeline$1.invoke(DefaultEnginePipeline.kt)
	at io.ktor.util.pipeline.PipelineJvmKt.pipelineStartCoroutineUninterceptedOrReturn(PipelineJvm.kt:15)
	at io.ktor.util.pipeline.SuspendFunctionGun.loop(SuspendFunctionGun.kt:131)
	at io.ktor.util.pipeline.SuspendFunctionGun.proceed(SuspendFunctionGun.kt:89)
	at io.ktor.server.engine.BaseApplicationResponse$Companion$setupFallbackResponse$1.invokeSuspend(BaseApplicationResponse.kt:349)
	at io.ktor.server.engine.BaseApplicationResponse$Companion$setupFallbackResponse$1.invoke(BaseApplicationResponse.kt)
	at io.ktor.server.engine.BaseApplicationResponse$Companion$setupFallbackResponse$1.invoke(BaseApplicationResponse.kt)
	at io.ktor.util.pipeline.PipelineJvmKt.pipelineStartCoroutineUninterceptedOrReturn(PipelineJvm.kt:15)
	at io.ktor.util.pipeline.SuspendFunctionGun.loop(SuspendFunctionGun.kt:131)
	at io.ktor.util.pipeline.SuspendFunctionGun.proceed(SuspendFunctionGun.kt:89)
	at io.ktor.util.pipeline.SuspendFunctionGun.execute$ktor_utils(SuspendFunctionGun.kt:109)
	at io.ktor.util.pipeline.Pipeline.execute(Pipeline.kt:92)
	at io.ktor.server.netty.NettyApplicationCallHandler$handleRequest$1$invokeSuspend$$inlined$execute$1.invokeSuspend(Pipeline.kt:510)
	at io.ktor.server.netty.NettyApplicationCallHandler$handleRequest$1$invokeSuspend$$inlined$execute$1.invoke(Pipeline.kt)
	at io.ktor.server.netty.NettyApplicationCallHandler$handleRequest$1$invokeSuspend$$inlined$execute$1.invoke(Pipeline.kt)
	at io.ktor.util.debug.ContextUtilsKt.initContextInDebugMode(ContextUtils.kt:19)
	at io.ktor.server.netty.NettyApplicationCallHandler$handleRequest$1.invokeSuspend(NettyApplicationCallHandler.kt:140)
	at io.ktor.server.netty.NettyApplicationCallHandler$handleRequest$1.invoke(NettyApplicationCallHandler.kt)
	at io.ktor.server.netty.NettyApplicationCallHandler$handleRequest$1.invoke(NettyApplicationCallHandler.kt)
	at kotlinx.coroutines.intrinsics.UndispatchedKt.startCoroutineUndispatched(Undispatched.kt:20)
	at kotlinx.coroutines.CoroutineStart.invoke(CoroutineStart.kt:360)
	at kotlinx.coroutines.AbstractCoroutine.start(AbstractCoroutine.kt:134)
	at kotlinx.coroutines.BuildersKt__Builders_commonKt.launch(Builders.common.kt:53)
	at kotlinx.coroutines.BuildersKt.launch(Unknown Source)
	at io.ktor.server.netty.NettyApplicationCallHandler.handleRequest(NettyApplicationCallHandler.kt:41)
	at io.ktor.server.netty.NettyApplicationCallHandler.channelRead(NettyApplicationCallHandler.kt:33)
	at io.netty.channel.AbstractChannelHandlerContext.fireChannelRead(AbstractChannelHandlerContext.java:356)
	at io.netty.channel.AbstractChannelHandlerContext.lambda$fireChannelRead$2(AbstractChannelHandlerContext.java:365)
	at io.netty.util.concurrent.AbstractEventExecutor.runTask(AbstractEventExecutor.java:148)
	at io.netty.util.concurrent.AbstractEventExecutor.safeExecute(AbstractEventExecutor.java:141)
	at io.netty.util.concurrent.SingleThreadEventExecutor.runAllTasks(SingleThreadEventExecutor.java:535)
	at io.netty.channel.SingleThreadIoEventLoop.run(SingleThreadIoEventLoop.java:201)
	at io.netty.util.concurrent.SingleThreadEventExecutor$5.run(SingleThreadEventExecutor.java:1193)
	at io.netty.util.internal.ThreadExecutorMap$2.run(ThreadExecutorMap.java:74)
	at io.netty.util.concurrent.FastThreadLocalRunnable.run(FastThreadLocalRunnable.java:30)
	at java.base/java.lang.Thread.run(Unknown Source)
2026-01-04 01:13:01.920 [DefaultDispatcher-worker-3] ERROR Application - 500 Internal Server Error: GET - /favicon.ico
java.lang.IllegalStateException: Serializing collections of different element types is not yet supported. Selected serializers: [kotlin.Boolean, kotlin.String]
	at io.ktor.serialization.kotlinx.SerializerLookupKt.elementSerializer(SerializerLookup.kt:64)
	at io.ktor.serialization.kotlinx.SerializerLookupKt.guessSerializer(SerializerLookup.kt:48)
	at io.ktor.serialization.kotlinx.KotlinxSerializationConverter.serialize(KotlinxSerializationConverter.kt:55)
	at io.ktor.server.plugins.contentnegotiation.ResponseConverterKt$convertResponseBody$1$2.invokeSuspend(ResponseConverter.kt:66)
	at io.ktor.server.plugins.contentnegotiation.ResponseConverterKt$convertResponseBody$1$2.invoke(ResponseConverter.kt)
	at io.ktor.server.plugins.contentnegotiation.ResponseConverterKt$convertResponseBody$1$2.invoke(ResponseConverter.kt)
	at io.ktor.server.application.OnCallRespondContext.transformBody(KtorCallContexts.kt:102)
	at io.ktor.server.plugins.contentnegotiation.ResponseConverterKt$convertResponseBody$1.invokeSuspend(ResponseConverter.kt:39)
	at io.ktor.server.plugins.contentnegotiation.ResponseConverterKt$convertResponseBody$1.invoke(ResponseConverter.kt)
	at io.ktor.server.plugins.contentnegotiation.ResponseConverterKt$convertResponseBody$1.invoke(ResponseConverter.kt)
	at io.ktor.server.application.PluginBuilder$onDefaultPhase$1.invokeSuspend(PluginBuilder.kt:245)
	at io.ktor.server.application.PluginBuilder$onDefaultPhase$1.invoke(PluginBuilder.kt)
	at io.ktor.server.application.PluginBuilder$onDefaultPhase$1.invoke(PluginBuilder.kt)
	at io.ktor.server.application.PluginBuilder$onDefaultPhaseWithMessage$1$1$1.invokeSuspend(PluginBuilder.kt:228)
	at io.ktor.server.application.PluginBuilder$onDefaultPhaseWithMessage$1$1$1.invoke(PluginBuilder.kt)
	at io.ktor.server.application.PluginBuilder$onDefaultPhaseWithMessage$1$1$1.invoke(PluginBuilder.kt)
	at io.ktor.util.debug.ContextUtilsKt.addToContextInDebugMode(ContextUtils.kt:34)
	at io.ktor.server.application.PluginBuilder$onDefaultPhaseWithMessage$1$1.invokeSuspend(PluginBuilder.kt:224)
	at io.ktor.server.application.PluginBuilder$onDefaultPhaseWithMessage$1$1.invoke(PluginBuilder.kt)
	at io.ktor.server.application.PluginBuilder$onDefaultPhaseWithMessage$1$1.invoke(PluginBuilder.kt)
	at io.ktor.util.pipeline.PipelineJvmKt.pipelineStartCoroutineUninterceptedOrReturn(PipelineJvm.kt:15)
	at io.ktor.util.pipeline.SuspendFunctionGun.loop(SuspendFunctionGun.kt:131)
	at io.ktor.util.pipeline.SuspendFunctionGun.proceed(SuspendFunctionGun.kt:89)
	at io.ktor.util.pipeline.SuspendFunctionGun.execute$ktor_utils(SuspendFunctionGun.kt:109)
	at io.ktor.util.pipeline.Pipeline.execute(Pipeline.kt:92)
	at io.ktor.server.application.PipelineCall.respond$suspendImpl(PipelineCall.kt:132)
	at io.ktor.server.application.PipelineCall.respond(PipelineCall.kt)
	at io.ktor.server.engine.BaseApplicationCall.respond(BaseApplicationCall.kt:16)
	at org.example.project.plugins.StatusPagesKt$configureStatusPages$1$3.invokeSuspend(StatusPages.kt:67)
	at org.example.project.plugins.StatusPagesKt$configureStatusPages$1$3.invoke(StatusPages.kt)
	at org.example.project.plugins.StatusPagesKt$configureStatusPages$1$3.invoke(StatusPages.kt)
	at io.ktor.server.plugins.statuspages.StatusPagesKt$StatusPages$2$2$1.invokeSuspend(StatusPages.kt:104)
	at io.ktor.server.plugins.statuspages.StatusPagesKt$StatusPages$2$2$1.invoke(StatusPages.kt)
	at io.ktor.server.plugins.statuspages.StatusPagesKt$StatusPages$2$2$1.invoke(StatusPages.kt)
	at io.ktor.server.plugins.calllogging.KtorMDCProvider$withMDCBlock$$inlined$withMDC$1.invokeSuspend(MDCEntryUtils.kt:22)
	at io.ktor.server.plugins.calllogging.KtorMDCProvider$withMDCBlock$$inlined$withMDC$1.invoke(MDCEntryUtils.kt)
	at io.ktor.server.plugins.calllogging.KtorMDCProvider$withMDCBlock$$inlined$withMDC$1.invoke(MDCEntryUtils.kt)
	at kotlinx.coroutines.intrinsics.UndispatchedKt.startUndspatched(Undispatched.kt:66)
	at kotlinx.coroutines.intrinsics.UndispatchedKt.startUndispatchedOrReturn(Undispatched.kt:43)
	at kotlinx.coroutines.BuildersKt__Builders_commonKt.withContext(Builders.common.kt:165)
	at kotlinx.coroutines.BuildersKt.withContext(Unknown Source)
	at io.ktor.server.plugins.calllogging.KtorMDCProvider.withMDCBlock(MDCProvider.kt:25)
	at io.ktor.server.plugins.statuspages.StatusPagesKt$StatusPages$2$2.invokeSuspend(StatusPages.kt:102)
	at io.ktor.server.plugins.statuspages.StatusPagesKt$StatusPages$2$2.invoke(StatusPages.kt)
	at io.ktor.server.plugins.statuspages.StatusPagesKt$StatusPages$2$2.invoke(StatusPages.kt)
	at io.ktor.server.application.hooks.CallFailed$install$1.invokeSuspend(CommonHooks.kt:52)
	at kotlin.coroutines.jvm.internal.BaseContinuationImpl.resumeWith(ContinuationImpl.kt:34)
	at kotlinx.coroutines.internal.ScopeCoroutine.afterResume(Scopes.kt:35)
	at kotlinx.coroutines.AbstractCoroutine.resumeWith(AbstractCoroutine.kt:101)
	at kotlin.coroutines.jvm.internal.BaseContinuationImpl.resumeWith(ContinuationImpl.kt:47)
	at kotlinx.coroutines.DispatchedTask.run(DispatchedTask.kt:98)
	at kotlinx.coroutines.scheduling.CoroutineScheduler.runSafely(CoroutineScheduler.kt:586)
	at kotlinx.coroutines.scheduling.CoroutineScheduler$Worker.executeTask(CoroutineScheduler.kt:829)
	at kotlinx.coroutines.scheduling.CoroutineScheduler$Worker.runWorker(CoroutineScheduler.kt:717)
	at kotlinx.coroutines.scheduling.CoroutineScheduler$Worker.run(CoroutineScheduler.kt:704)
2026-01-04 01:13:01.923 [DefaultDispatcher-worker-3] INFO  Application - HTTP GET /favicon.ico -> 500 Internal Server Error
2026-01-04 01:13:37.303 [eventLoopGroupProxy-4-1] INFO  io.ktor.server.plugins.cors.CORS - GET /health: Start handler
2026-01-04 01:13:37.304 [eventLoopGroupProxy-4-1] INFO  io.ktor.server.plugins.cors.CORS - GET /health: Skip CORS handler because request lacks the Origin header
2026-01-04 01:13:37.306 [eventLoopGroupProxy-4-1] INFO  Application - HTTP GET /health -> 200 OK
2026-01-04 01:13:39.658 [eventLoopGroupProxy-4-1] INFO  io.ktor.server.plugins.cors.CORS - GET /favicon.ico: Start handler
2026-01-04 01:13:39.659 [eventLoopGroupProxy-4-1] INFO  io.ktor.server.plugins.cors.CORS - GET /favicon.ico: Skip CORS handler because request lacks the Origin header
2026-01-04 01:13:39.667 [DefaultDispatcher-worker-4] ERROR Application - Unhandled exception
java.lang.IllegalStateException: Serializing collections of different element types is not yet supported. Selected serializers: [kotlin.Boolean, kotlin.String]
	at io.ktor.serialization.kotlinx.SerializerLookupKt.elementSerializer(SerializerLookup.kt:64)
	at io.ktor.serialization.kotlinx.SerializerLookupKt.guessSerializer(SerializerLookup.kt:48)
	at io.ktor.serialization.kotlinx.KotlinxSerializationConverter.serialize(KotlinxSerializationConverter.kt:55)
	at io.ktor.server.plugins.contentnegotiation.ResponseConverterKt$convertResponseBody$1$2.invokeSuspend(ResponseConverter.kt:66)
	at io.ktor.server.plugins.contentnegotiation.ResponseConverterKt$convertResponseBody$1$2.invoke(ResponseConverter.kt)
	at io.ktor.server.plugins.contentnegotiation.ResponseConverterKt$convertResponseBody$1$2.invoke(ResponseConverter.kt)
	at io.ktor.server.application.OnCallRespondContext.transformBody(KtorCallContexts.kt:102)
	at io.ktor.server.plugins.contentnegotiation.ResponseConverterKt$convertResponseBody$1.invokeSuspend(ResponseConverter.kt:39)
	at io.ktor.server.plugins.contentnegotiation.ResponseConverterKt$convertResponseBody$1.invoke(ResponseConverter.kt)
	at io.ktor.server.plugins.contentnegotiation.ResponseConverterKt$convertResponseBody$1.invoke(ResponseConverter.kt)
	at io.ktor.server.application.PluginBuilder$onDefaultPhase$1.invokeSuspend(PluginBuilder.kt:245)
	at io.ktor.server.application.PluginBuilder$onDefaultPhase$1.invoke(PluginBuilder.kt)
	at io.ktor.server.application.PluginBuilder$onDefaultPhase$1.invoke(PluginBuilder.kt)
	at io.ktor.server.application.PluginBuilder$onDefaultPhaseWithMessage$1$1$1.invokeSuspend(PluginBuilder.kt:228)
	at io.ktor.server.application.PluginBuilder$onDefaultPhaseWithMessage$1$1$1.invoke(PluginBuilder.kt)
	at io.ktor.server.application.PluginBuilder$onDefaultPhaseWithMessage$1$1$1.invoke(PluginBuilder.kt)
	at io.ktor.util.debug.ContextUtilsKt.addToContextInDebugMode(ContextUtils.kt:34)
	at io.ktor.server.application.PluginBuilder$onDefaultPhaseWithMessage$1$1.invokeSuspend(PluginBuilder.kt:224)
	at io.ktor.server.application.PluginBuilder$onDefaultPhaseWithMessage$1$1.invoke(PluginBuilder.kt)
	at io.ktor.server.application.PluginBuilder$onDefaultPhaseWithMessage$1$1.invoke(PluginBuilder.kt)
	at io.ktor.util.pipeline.PipelineJvmKt.pipelineStartCoroutineUninterceptedOrReturn(PipelineJvm.kt:15)
	at io.ktor.util.pipeline.SuspendFunctionGun.loop(SuspendFunctionGun.kt:131)
	at io.ktor.util.pipeline.SuspendFunctionGun.proceed(SuspendFunctionGun.kt:89)
	at io.ktor.util.pipeline.SuspendFunctionGun.execute$ktor_utils(SuspendFunctionGun.kt:109)
	at io.ktor.util.pipeline.Pipeline.execute(Pipeline.kt:92)
	at io.ktor.server.application.PipelineCall.respond$suspendImpl(PipelineCall.kt:132)
	at io.ktor.server.application.PipelineCall.respond(PipelineCall.kt)
	at io.ktor.server.engine.BaseApplicationCall.respond(BaseApplicationCall.kt:16)
	at org.example.project.plugins.StatusPagesKt$configureStatusPages$1$4.invokeSuspend(StatusPages.kt:67)
	at org.example.project.plugins.StatusPagesKt$configureStatusPages$1$4.invoke(StatusPages.kt)
	at org.example.project.plugins.StatusPagesKt$configureStatusPages$1$4.invoke(StatusPages.kt)
	at io.ktor.server.plugins.statuspages.StatusPagesConfig$status$1$1.invokeSuspend(StatusPages.kt:175)
	at io.ktor.server.plugins.statuspages.StatusPagesConfig$status$1$1.invoke(StatusPages.kt)
	at io.ktor.server.plugins.statuspages.StatusPagesConfig$status$1$1.invoke(StatusPages.kt)
	at io.ktor.server.plugins.statuspages.StatusPagesKt$StatusPages$2$1.invokeSuspend(StatusPages.kt:80)
	at io.ktor.server.plugins.statuspages.StatusPagesKt$StatusPages$2$1.invoke(StatusPages.kt)
	at io.ktor.server.plugins.statuspages.StatusPagesKt$StatusPages$2$1.invoke(StatusPages.kt)
	at io.ktor.server.application.hooks.ResponseBodyReadyForSend$install$1.invokeSuspend(CommonHooks.kt:114)
	at io.ktor.server.application.hooks.ResponseBodyReadyForSend$install$1.invoke(CommonHooks.kt)
	at io.ktor.server.application.hooks.ResponseBodyReadyForSend$install$1.invoke(CommonHooks.kt)
	at io.ktor.util.pipeline.PipelineJvmKt.pipelineStartCoroutineUninterceptedOrReturn(PipelineJvm.kt:15)
	at io.ktor.util.pipeline.SuspendFunctionGun.loop(SuspendFunctionGun.kt:131)
	at io.ktor.util.pipeline.SuspendFunctionGun.proceed(SuspendFunctionGun.kt:89)
	at io.ktor.util.pipeline.SuspendFunctionGun.proceedWith(SuspendFunctionGun.kt:99)
	at io.ktor.server.engine.DefaultTransformKt$installDefaultTransformations$1.invokeSuspend(DefaultTransform.kt:31)
	at io.ktor.server.engine.DefaultTransformKt$installDefaultTransformations$1.invoke(DefaultTransform.kt)
	at io.ktor.server.engine.DefaultTransformKt$installDefaultTransformations$1.invoke(DefaultTransform.kt)
	at io.ktor.util.pipeline.PipelineJvmKt.pipelineStartCoroutineUninterceptedOrReturn(PipelineJvm.kt:15)
	at io.ktor.util.pipeline.SuspendFunctionGun.loop(SuspendFunctionGun.kt:131)
	at io.ktor.util.pipeline.SuspendFunctionGun.proceed(SuspendFunctionGun.kt:89)
	at io.ktor.util.pipeline.SuspendFunctionGun.execute$ktor_utils(SuspendFunctionGun.kt:109)
	at io.ktor.util.pipeline.Pipeline.execute(Pipeline.kt:92)
	at io.ktor.server.application.PipelineCall.respond$suspendImpl(PipelineCall.kt:132)
	at io.ktor.server.application.PipelineCall.respond(PipelineCall.kt)
	at io.ktor.server.engine.BaseApplicationCall.respond(BaseApplicationCall.kt:16)
	at io.ktor.server.engine.BaseApplicationEngineKt$installDefaultInterceptors$1.invokeSuspend(BaseApplicationEngine.kt:138)
	at io.ktor.server.engine.BaseApplicationEngineKt$installDefaultInterceptors$1.invoke(BaseApplicationEngine.kt)
	at io.ktor.server.engine.BaseApplicationEngineKt$installDefaultInterceptors$1.invoke(BaseApplicationEngine.kt)
	at io.ktor.util.pipeline.PipelineJvmKt.pipelineStartCoroutineUninterceptedOrReturn(PipelineJvm.kt:15)
	at io.ktor.util.pipeline.SuspendFunctionGun.loop(SuspendFunctionGun.kt:131)
	at io.ktor.util.pipeline.SuspendFunctionGun.proceed(SuspendFunctionGun.kt:89)
	at io.ktor.server.engine.BaseApplicationEngineKt$installDefaultTransformationChecker$1.invokeSuspend(BaseApplicationEngine.kt:119)
	at io.ktor.server.engine.BaseApplicationEngineKt$installDefaultTransformationChecker$1.invoke(BaseApplicationEngine.kt)
	at io.ktor.server.engine.BaseApplicationEngineKt$installDefaultTransformationChecker$1.invoke(BaseApplicationEngine.kt)
	at io.ktor.util.pipeline.PipelineJvmKt.pipelineStartCoroutineUninterceptedOrReturn(PipelineJvm.kt:15)
	at io.ktor.util.pipeline.SuspendFunctionGun.loop(SuspendFunctionGun.kt:131)
	at io.ktor.util.pipeline.SuspendFunctionGun.proceed(SuspendFunctionGun.kt:89)
	at io.ktor.server.application.hooks.CallFailed$install$1$1.invokeSuspend(CommonHooks.kt:49)
	at io.ktor.server.application.hooks.CallFailed$install$1$1.invoke(CommonHooks.kt)
	at io.ktor.server.application.hooks.CallFailed$install$1$1.invoke(CommonHooks.kt)
	at kotlinx.coroutines.intrinsics.UndispatchedKt.startUndspatched(Undispatched.kt:66)
	at kotlinx.coroutines.intrinsics.UndispatchedKt.startUndispatchedOrReturn(Undispatched.kt:43)
	at kotlinx.coroutines.CoroutineScopeKt.coroutineScope(CoroutineScope.kt:286)
	at io.ktor.server.application.hooks.CallFailed$install$1.invokeSuspend(CommonHooks.kt:48)
	at io.ktor.server.application.hooks.CallFailed$install$1.invoke(CommonHooks.kt)
	at io.ktor.server.application.hooks.CallFailed$install$1.invoke(CommonHooks.kt)
	at io.ktor.util.pipeline.PipelineJvmKt.pipelineStartCoroutineUninterceptedOrReturn(PipelineJvm.kt:15)
	at io.ktor.util.pipeline.SuspendFunctionGun.loop(SuspendFunctionGun.kt:131)
	at io.ktor.util.pipeline.SuspendFunctionGun.proceed(SuspendFunctionGun.kt:89)
	at io.ktor.util.pipeline.SuspendFunctionGun.execute$ktor_utils(SuspendFunctionGun.kt:109)
	at io.ktor.util.pipeline.Pipeline.execute(Pipeline.kt:92)
	at io.ktor.server.engine.DefaultEnginePipelineKt$defaultEnginePipeline$1$invokeSuspend$$inlined$execute$1.invokeSuspend(Pipeline.kt:510)
	at io.ktor.server.engine.DefaultEnginePipelineKt$defaultEnginePipeline$1$invokeSuspend$$inlined$execute$1.invoke(Pipeline.kt)
	at io.ktor.server.engine.DefaultEnginePipelineKt$defaultEnginePipeline$1$invokeSuspend$$inlined$execute$1.invoke(Pipeline.kt)
	at io.ktor.util.debug.ContextUtilsKt.initContextInDebugMode(ContextUtils.kt:19)
	at io.ktor.server.engine.DefaultEnginePipelineKt$defaultEnginePipeline$1.invokeSuspend(DefaultEnginePipeline.kt:136)
	at io.ktor.server.engine.DefaultEnginePipelineKt$defaultEnginePipeline$1.invoke(DefaultEnginePipeline.kt)
	at io.ktor.server.engine.DefaultEnginePipelineKt$defaultEnginePipeline$1.invoke(DefaultEnginePipeline.kt)
	at io.ktor.util.pipeline.PipelineJvmKt.pipelineStartCoroutineUninterceptedOrReturn(PipelineJvm.kt:15)
	at io.ktor.util.pipeline.SuspendFunctionGun.loop(SuspendFunctionGun.kt:131)
	at io.ktor.util.pipeline.SuspendFunctionGun.proceed(SuspendFunctionGun.kt:89)
	at io.ktor.server.engine.BaseApplicationResponse$Companion$setupFallbackResponse$1.invokeSuspend(BaseApplicationResponse.kt:349)
	at io.ktor.server.engine.BaseApplicationResponse$Companion$setupFallbackResponse$1.invoke(BaseApplicationResponse.kt)
	at io.ktor.server.engine.BaseApplicationResponse$Companion$setupFallbackResponse$1.invoke(BaseApplicationResponse.kt)
	at io.ktor.util.pipeline.PipelineJvmKt.pipelineStartCoroutineUninterceptedOrReturn(PipelineJvm.kt:15)
	at io.ktor.util.pipeline.SuspendFunctionGun.loop(SuspendFunctionGun.kt:131)
	at io.ktor.util.pipeline.SuspendFunctionGun.proceed(SuspendFunctionGun.kt:89)
	at io.ktor.util.pipeline.SuspendFunctionGun.execute$ktor_utils(SuspendFunctionGun.kt:109)
	at io.ktor.util.pipeline.Pipeline.execute(Pipeline.kt:92)
	at io.ktor.server.netty.NettyApplicationCallHandler$handleRequest$1$invokeSuspend$$inlined$execute$1.invokeSuspend(Pipeline.kt:510)
	at io.ktor.server.netty.NettyApplicationCallHandler$handleRequest$1$invokeSuspend$$inlined$execute$1.invoke(Pipeline.kt)
	at io.ktor.server.netty.NettyApplicationCallHandler$handleRequest$1$invokeSuspend$$inlined$execute$1.invoke(Pipeline.kt)
	at io.ktor.util.debug.ContextUtilsKt.initContextInDebugMode(ContextUtils.kt:19)
	at io.ktor.server.netty.NettyApplicationCallHandler$handleRequest$1.invokeSuspend(NettyApplicationCallHandler.kt:140)
	at io.ktor.server.netty.NettyApplicationCallHandler$handleRequest$1.invoke(NettyApplicationCallHandler.kt)
	at io.ktor.server.netty.NettyApplicationCallHandler$handleRequest$1.invoke(NettyApplicationCallHandler.kt)
	at kotlinx.coroutines.intrinsics.UndispatchedKt.startCoroutineUndispatched(Undispatched.kt:20)
	at kotlinx.coroutines.CoroutineStart.invoke(CoroutineStart.kt:360)
	at kotlinx.coroutines.AbstractCoroutine.start(AbstractCoroutine.kt:134)
	at kotlinx.coroutines.BuildersKt__Builders_commonKt.launch(Builders.common.kt:53)
	at kotlinx.coroutines.BuildersKt.launch(Unknown Source)
	at io.ktor.server.netty.NettyApplicationCallHandler.handleRequest(NettyApplicationCallHandler.kt:41)
	at io.ktor.server.netty.NettyApplicationCallHandler.channelRead(NettyApplicationCallHandler.kt:33)
	at io.netty.channel.AbstractChannelHandlerContext.fireChannelRead(AbstractChannelHandlerContext.java:356)
	at io.netty.channel.AbstractChannelHandlerContext.lambda$fireChannelRead$2(AbstractChannelHandlerContext.java:365)
	at io.netty.util.concurrent.AbstractEventExecutor.runTask(AbstractEventExecutor.java:148)
	at io.netty.util.concurrent.AbstractEventExecutor.safeExecute(AbstractEventExecutor.java:141)
	at io.netty.util.concurrent.SingleThreadEventExecutor.runAllTasks(SingleThreadEventExecutor.java:535)
	at io.netty.channel.SingleThreadIoEventLoop.run(SingleThreadIoEventLoop.java:201)
	at io.netty.util.concurrent.SingleThreadEventExecutor$5.run(SingleThreadEventExecutor.java:1193)
	at io.netty.util.internal.ThreadExecutorMap$2.run(ThreadExecutorMap.java:74)
	at io.netty.util.concurrent.FastThreadLocalRunnable.run(FastThreadLocalRunnable.java:30)
	at java.base/java.lang.Thread.run(Unknown Source)
2026-01-04 01:13:39.673 [DefaultDispatcher-worker-4] ERROR Application - 500 Internal Server Error: GET - /favicon.ico
java.lang.IllegalStateException: Serializing collections of different element types is not yet supported. Selected serializers: [kotlin.Boolean, kotlin.String]
	at io.ktor.serialization.kotlinx.SerializerLookupKt.elementSerializer(SerializerLookup.kt:64)
	at io.ktor.serialization.kotlinx.SerializerLookupKt.guessSerializer(SerializerLookup.kt:48)
	at io.ktor.serialization.kotlinx.KotlinxSerializationConverter.serialize(KotlinxSerializationConverter.kt:55)
	at io.ktor.server.plugins.contentnegotiation.ResponseConverterKt$convertResponseBody$1$2.invokeSuspend(ResponseConverter.kt:66)
	at io.ktor.server.plugins.contentnegotiation.ResponseConverterKt$convertResponseBody$1$2.invoke(ResponseConverter.kt)
	at io.ktor.server.plugins.contentnegotiation.ResponseConverterKt$convertResponseBody$1$2.invoke(ResponseConverter.kt)
	at io.ktor.server.application.OnCallRespondContext.transformBody(KtorCallContexts.kt:102)
	at io.ktor.server.plugins.contentnegotiation.ResponseConverterKt$convertResponseBody$1.invokeSuspend(ResponseConverter.kt:39)
	at io.ktor.server.plugins.contentnegotiation.ResponseConverterKt$convertResponseBody$1.invoke(ResponseConverter.kt)
	at io.ktor.server.plugins.contentnegotiation.ResponseConverterKt$convertResponseBody$1.invoke(ResponseConverter.kt)
	at io.ktor.server.application.PluginBuilder$onDefaultPhase$1.invokeSuspend(PluginBuilder.kt:245)
	at io.ktor.server.application.PluginBuilder$onDefaultPhase$1.invoke(PluginBuilder.kt)
	at io.ktor.server.application.PluginBuilder$onDefaultPhase$1.invoke(PluginBuilder.kt)
	at io.ktor.server.application.PluginBuilder$onDefaultPhaseWithMessage$1$1$1.invokeSuspend(PluginBuilder.kt:228)
	at io.ktor.server.application.PluginBuilder$onDefaultPhaseWithMessage$1$1$1.invoke(PluginBuilder.kt)
	at io.ktor.server.application.PluginBuilder$onDefaultPhaseWithMessage$1$1$1.invoke(PluginBuilder.kt)
	at io.ktor.util.debug.ContextUtilsKt.addToContextInDebugMode(ContextUtils.kt:34)
	at io.ktor.server.application.PluginBuilder$onDefaultPhaseWithMessage$1$1.invokeSuspend(PluginBuilder.kt:224)
	at io.ktor.server.application.PluginBuilder$onDefaultPhaseWithMessage$1$1.invoke(PluginBuilder.kt)
	at io.ktor.server.application.PluginBuilder$onDefaultPhaseWithMessage$1$1.invoke(PluginBuilder.kt)
	at io.ktor.util.pipeline.PipelineJvmKt.pipelineStartCoroutineUninterceptedOrReturn(PipelineJvm.kt:15)
	at io.ktor.util.pipeline.SuspendFunctionGun.loop(SuspendFunctionGun.kt:131)
	at io.ktor.util.pipeline.SuspendFunctionGun.proceed(SuspendFunctionGun.kt:89)
	at io.ktor.util.pipeline.SuspendFunctionGun.execute$ktor_utils(SuspendFunctionGun.kt:109)
	at io.ktor.util.pipeline.Pipeline.execute(Pipeline.kt:92)
	at io.ktor.server.application.PipelineCall.respond$suspendImpl(PipelineCall.kt:132)
	at io.ktor.server.application.PipelineCall.respond(PipelineCall.kt)
	at io.ktor.server.engine.BaseApplicationCall.respond(BaseApplicationCall.kt:16)
	at org.example.project.plugins.StatusPagesKt$configureStatusPages$1$3.invokeSuspend(StatusPages.kt:67)
	at org.example.project.plugins.StatusPagesKt$configureStatusPages$1$3.invoke(StatusPages.kt)
	at org.example.project.plugins.StatusPagesKt$configureStatusPages$1$3.invoke(StatusPages.kt)
	at io.ktor.server.plugins.statuspages.StatusPagesKt$StatusPages$2$2$1.invokeSuspend(StatusPages.kt:104)
	at io.ktor.server.plugins.statuspages.StatusPagesKt$StatusPages$2$2$1.invoke(StatusPages.kt)
	at io.ktor.server.plugins.statuspages.StatusPagesKt$StatusPages$2$2$1.invoke(StatusPages.kt)
	at io.ktor.server.plugins.calllogging.KtorMDCProvider$withMDCBlock$$inlined$withMDC$1.invokeSuspend(MDCEntryUtils.kt:22)
	at io.ktor.server.plugins.calllogging.KtorMDCProvider$withMDCBlock$$inlined$withMDC$1.invoke(MDCEntryUtils.kt)
	at io.ktor.server.plugins.calllogging.KtorMDCProvider$withMDCBlock$$inlined$withMDC$1.invoke(MDCEntryUtils.kt)
	at kotlinx.coroutines.intrinsics.UndispatchedKt.startUndspatched(Undispatched.kt:66)
	at kotlinx.coroutines.intrinsics.UndispatchedKt.startUndispatchedOrReturn(Undispatched.kt:43)
	at kotlinx.coroutines.BuildersKt__Builders_commonKt.withContext(Builders.common.kt:165)
	at kotlinx.coroutines.BuildersKt.withContext(Unknown Source)
	at io.ktor.server.plugins.calllogging.KtorMDCProvider.withMDCBlock(MDCProvider.kt:25)
	at io.ktor.server.plugins.statuspages.StatusPagesKt$StatusPages$2$2.invokeSuspend(StatusPages.kt:102)
	at io.ktor.server.plugins.statuspages.StatusPagesKt$StatusPages$2$2.invoke(StatusPages.kt)
	at io.ktor.server.plugins.statuspages.StatusPagesKt$StatusPages$2$2.invoke(StatusPages.kt)
	at io.ktor.server.application.hooks.CallFailed$install$1.invokeSuspend(CommonHooks.kt:52)
	at kotlin.coroutines.jvm.internal.BaseContinuationImpl.resumeWith(ContinuationImpl.kt:34)
	at kotlinx.coroutines.internal.ScopeCoroutine.afterResume(Scopes.kt:35)
	at kotlinx.coroutines.AbstractCoroutine.resumeWith(AbstractCoroutine.kt:101)
	at kotlin.coroutines.jvm.internal.BaseContinuationImpl.resumeWith(ContinuationImpl.kt:47)
	at kotlinx.coroutines.DispatchedTask.run(DispatchedTask.kt:98)
	at kotlinx.coroutines.scheduling.CoroutineScheduler.runSafely(CoroutineScheduler.kt:586)
	at kotlinx.coroutines.scheduling.CoroutineScheduler$Worker.executeTask(CoroutineScheduler.kt:829)
	at kotlinx.coroutines.scheduling.CoroutineScheduler$Worker.runWorker(CoroutineScheduler.kt:717)
	at kotlinx.coroutines.scheduling.CoroutineScheduler$Worker.run(CoroutineScheduler.kt:704)
2026-01-04 01:13:39.688 [DefaultDispatcher-worker-4] INFO  Application - HTTP GET /favicon.ico -> 500 Internal Server Error
2026-01-04 02:35:03.445 [main] INFO  Application - Autoreload is disabled because the development mode is off.
2026-01-04 02:35:06.708 [main] INFO  Application - MongoDB connected to database: guardianx
2026-01-04 02:35:12.573 [main] INFO  Application - Application started in 10.048 seconds.
2026-01-04 02:35:13.678 [DefaultDispatcher-worker-1] INFO  Application - Responding at http://127.0.0.1:8080
2026-01-04 02:35:24.274 [eventLoopGroupProxy-4-2] INFO  io.ktor.server.plugins.cors.CORS - GET /health: Start handler
2026-01-04 02:35:24.276 [eventLoopGroupProxy-4-2] INFO  io.ktor.server.plugins.cors.CORS - GET /health: Skip CORS handler because request lacks the Origin header
2026-01-04 02:35:24.482 [eventLoopGroupProxy-4-2] INFO  Application - HTTP GET /health -> 200 OK
2026-01-04 02:35:25.134 [eventLoopGroupProxy-4-2] INFO  io.ktor.server.plugins.cors.CORS - GET /favicon.ico: Start handler
2026-01-04 02:35:25.134 [eventLoopGroupProxy-4-2] INFO  io.ktor.server.plugins.cors.CORS - GET /favicon.ico: Skip CORS handler because request lacks the Origin header
2026-01-04 02:35:25.177 [DefaultDispatcher-worker-1] ERROR Application - Unhandled exception
java.lang.IllegalStateException: Serializing collections of different element types is not yet supported. Selected serializers: [kotlin.Boolean, kotlin.String]
	at io.ktor.serialization.kotlinx.SerializerLookupKt.elementSerializer(SerializerLookup.kt:64)
	at io.ktor.serialization.kotlinx.SerializerLookupKt.guessSerializer(SerializerLookup.kt:48)
	at io.ktor.serialization.kotlinx.KotlinxSerializationConverter.serialize(KotlinxSerializationConverter.kt:55)
	at io.ktor.server.plugins.contentnegotiation.ResponseConverterKt$convertResponseBody$1$2.invokeSuspend(ResponseConverter.kt:66)
	at io.ktor.server.plugins.contentnegotiation.ResponseConverterKt$convertResponseBody$1$2.invoke(ResponseConverter.kt)
	at io.ktor.server.plugins.contentnegotiation.ResponseConverterKt$convertResponseBody$1$2.invoke(ResponseConverter.kt)
	at io.ktor.server.application.OnCallRespondContext.transformBody(KtorCallContexts.kt:102)
	at io.ktor.server.plugins.contentnegotiation.ResponseConverterKt$convertResponseBody$1.invokeSuspend(ResponseConverter.kt:39)
	at io.ktor.server.plugins.contentnegotiation.ResponseConverterKt$convertResponseBody$1.invoke(ResponseConverter.kt)
	at io.ktor.server.plugins.contentnegotiation.ResponseConverterKt$convertResponseBody$1.invoke(ResponseConverter.kt)
	at io.ktor.server.application.PluginBuilder$onDefaultPhase$1.invokeSuspend(PluginBuilder.kt:245)
	at io.ktor.server.application.PluginBuilder$onDefaultPhase$1.invoke(PluginBuilder.kt)
	at io.ktor.server.application.PluginBuilder$onDefaultPhase$1.invoke(PluginBuilder.kt)
	at io.ktor.server.application.PluginBuilder$onDefaultPhaseWithMessage$1$1$1.invokeSuspend(PluginBuilder.kt:228)
	at io.ktor.server.application.PluginBuilder$onDefaultPhaseWithMessage$1$1$1.invoke(PluginBuilder.kt)
	at io.ktor.server.application.PluginBuilder$onDefaultPhaseWithMessage$1$1$1.invoke(PluginBuilder.kt)
	at io.ktor.util.debug.ContextUtilsKt.addToContextInDebugMode(ContextUtils.kt:34)
	at io.ktor.server.application.PluginBuilder$onDefaultPhaseWithMessage$1$1.invokeSuspend(PluginBuilder.kt:224)
	at io.ktor.server.application.PluginBuilder$onDefaultPhaseWithMessage$1$1.invoke(PluginBuilder.kt)
	at io.ktor.server.application.PluginBuilder$onDefaultPhaseWithMessage$1$1.invoke(PluginBuilder.kt)
	at io.ktor.util.pipeline.PipelineJvmKt.pipelineStartCoroutineUninterceptedOrReturn(PipelineJvm.kt:15)
	at io.ktor.util.pipeline.SuspendFunctionGun.loop(SuspendFunctionGun.kt:131)
	at io.ktor.util.pipeline.SuspendFunctionGun.proceed(SuspendFunctionGun.kt:89)
	at io.ktor.util.pipeline.SuspendFunctionGun.execute$ktor_utils(SuspendFunctionGun.kt:109)
	at io.ktor.util.pipeline.Pipeline.execute(Pipeline.kt:92)
	at io.ktor.server.application.PipelineCall.respond$suspendImpl(PipelineCall.kt:132)
	at io.ktor.server.application.PipelineCall.respond(PipelineCall.kt)
	at io.ktor.server.engine.BaseApplicationCall.respond(BaseApplicationCall.kt:16)
	at org.example.project.plugins.StatusPagesKt$configureStatusPages$1$4.invokeSuspend(StatusPages.kt:67)
	at org.example.project.plugins.StatusPagesKt$configureStatusPages$1$4.invoke(StatusPages.kt)
	at org.example.project.plugins.StatusPagesKt$configureStatusPages$1$4.invoke(StatusPages.kt)
	at io.ktor.server.plugins.statuspages.StatusPagesConfig$status$1$1.invokeSuspend(StatusPages.kt:175)
	at io.ktor.server.plugins.statuspages.StatusPagesConfig$status$1$1.invoke(StatusPages.kt)
	at io.ktor.server.plugins.statuspages.StatusPagesConfig$status$1$1.invoke(StatusPages.kt)
	at io.ktor.server.plugins.statuspages.StatusPagesKt$StatusPages$2$1.invokeSuspend(StatusPages.kt:80)
	at io.ktor.server.plugins.statuspages.StatusPagesKt$StatusPages$2$1.invoke(StatusPages.kt)
	at io.ktor.server.plugins.statuspages.StatusPagesKt$StatusPages$2$1.invoke(StatusPages.kt)
	at io.ktor.server.application.hooks.ResponseBodyReadyForSend$install$1.invokeSuspend(CommonHooks.kt:114)
	at io.ktor.server.application.hooks.ResponseBodyReadyForSend$install$1.invoke(CommonHooks.kt)
	at io.ktor.server.application.hooks.ResponseBodyReadyForSend$install$1.invoke(CommonHooks.kt)
	at io.ktor.util.pipeline.PipelineJvmKt.pipelineStartCoroutineUninterceptedOrReturn(PipelineJvm.kt:15)
	at io.ktor.util.pipeline.SuspendFunctionGun.loop(SuspendFunctionGun.kt:131)
	at io.ktor.util.pipeline.SuspendFunctionGun.proceed(SuspendFunctionGun.kt:89)
	at io.ktor.util.pipeline.SuspendFunctionGun.proceedWith(SuspendFunctionGun.kt:99)
	at io.ktor.server.engine.DefaultTransformKt$installDefaultTransformations$1.invokeSuspend(DefaultTransform.kt:31)
	at io.ktor.server.engine.DefaultTransformKt$installDefaultTransformations$1.invoke(DefaultTransform.kt)
	at io.ktor.server.engine.DefaultTransformKt$installDefaultTransformations$1.invoke(DefaultTransform.kt)
	at io.ktor.util.pipeline.PipelineJvmKt.pipelineStartCoroutineUninterceptedOrReturn(PipelineJvm.kt:15)
	at io.ktor.util.pipeline.SuspendFunctionGun.loop(SuspendFunctionGun.kt:131)
	at io.ktor.util.pipeline.SuspendFunctionGun.proceed(SuspendFunctionGun.kt:89)
	at io.ktor.util.pipeline.SuspendFunctionGun.execute$ktor_utils(SuspendFunctionGun.kt:109)
	at io.ktor.util.pipeline.Pipeline.execute(Pipeline.kt:92)
	at io.ktor.server.application.PipelineCall.respond$suspendImpl(PipelineCall.kt:132)
	at io.ktor.server.application.PipelineCall.respond(PipelineCall.kt)
	at io.ktor.server.engine.BaseApplicationCall.respond(BaseApplicationCall.kt:16)
	at io.ktor.server.engine.BaseApplicationEngineKt$installDefaultInterceptors$1.invokeSuspend(BaseApplicationEngine.kt:138)
	at io.ktor.server.engine.BaseApplicationEngineKt$installDefaultInterceptors$1.invoke(BaseApplicationEngine.kt)
	at io.ktor.server.engine.BaseApplicationEngineKt$installDefaultInterceptors$1.invoke(BaseApplicationEngine.kt)
	at io.ktor.util.pipeline.PipelineJvmKt.pipelineStartCoroutineUninterceptedOrReturn(PipelineJvm.kt:15)
	at io.ktor.util.pipeline.SuspendFunctionGun.loop(SuspendFunctionGun.kt:131)
	at io.ktor.util.pipeline.SuspendFunctionGun.proceed(SuspendFunctionGun.kt:89)
	at io.ktor.server.engine.BaseApplicationEngineKt$installDefaultTransformationChecker$1.invokeSuspend(BaseApplicationEngine.kt:119)
	at io.ktor.server.engine.BaseApplicationEngineKt$installDefaultTransformationChecker$1.invoke(BaseApplicationEngine.kt)
	at io.ktor.server.engine.BaseApplicationEngineKt$installDefaultTransformationChecker$1.invoke(BaseApplicationEngine.kt)
	at io.ktor.util.pipeline.PipelineJvmKt.pipelineStartCoroutineUninterceptedOrReturn(PipelineJvm.kt:15)
	at io.ktor.util.pipeline.SuspendFunctionGun.loop(SuspendFunctionGun.kt:131)
	at io.ktor.util.pipeline.SuspendFunctionGun.proceed(SuspendFunctionGun.kt:89)
	at io.ktor.server.application.hooks.CallFailed$install$1$1.invokeSuspend(CommonHooks.kt:49)
	at io.ktor.server.application.hooks.CallFailed$install$1$1.invoke(CommonHooks.kt)
	at io.ktor.server.application.hooks.CallFailed$install$1$1.invoke(CommonHooks.kt)
	at kotlinx.coroutines.intrinsics.UndispatchedKt.startUndspatched(Undispatched.kt:66)
	at kotlinx.coroutines.intrinsics.UndispatchedKt.startUndispatchedOrReturn(Undispatched.kt:43)
	at kotlinx.coroutines.CoroutineScopeKt.coroutineScope(CoroutineScope.kt:286)
	at io.ktor.server.application.hooks.CallFailed$install$1.invokeSuspend(CommonHooks.kt:48)
	at io.ktor.server.application.hooks.CallFailed$install$1.invoke(CommonHooks.kt)
	at io.ktor.server.application.hooks.CallFailed$install$1.invoke(CommonHooks.kt)
	at io.ktor.util.pipeline.PipelineJvmKt.pipelineStartCoroutineUninterceptedOrReturn(PipelineJvm.kt:15)
	at io.ktor.util.pipeline.SuspendFunctionGun.loop(SuspendFunctionGun.kt:131)
	at io.ktor.util.pipeline.SuspendFunctionGun.proceed(SuspendFunctionGun.kt:89)
	at io.ktor.util.pipeline.SuspendFunctionGun.execute$ktor_utils(SuspendFunctionGun.kt:109)
	at io.ktor.util.pipeline.Pipeline.execute(Pipeline.kt:92)
	at io.ktor.server.engine.DefaultEnginePipelineKt$defaultEnginePipeline$1$invokeSuspend$$inlined$execute$1.invokeSuspend(Pipeline.kt:510)
	at io.ktor.server.engine.DefaultEnginePipelineKt$defaultEnginePipeline$1$invokeSuspend$$inlined$execute$1.invoke(Pipeline.kt)
	at io.ktor.server.engine.DefaultEnginePipelineKt$defaultEnginePipeline$1$invokeSuspend$$inlined$execute$1.invoke(Pipeline.kt)
	at io.ktor.util.debug.ContextUtilsKt.initContextInDebugMode(ContextUtils.kt:19)
	at io.ktor.server.engine.DefaultEnginePipelineKt$defaultEnginePipeline$1.invokeSuspend(DefaultEnginePipeline.kt:136)
	at io.ktor.server.engine.DefaultEnginePipelineKt$defaultEnginePipeline$1.invoke(DefaultEnginePipeline.kt)
	at io.ktor.server.engine.DefaultEnginePipelineKt$defaultEnginePipeline$1.invoke(DefaultEnginePipeline.kt)
	at io.ktor.util.pipeline.PipelineJvmKt.pipelineStartCoroutineUninterceptedOrReturn(PipelineJvm.kt:15)
	at io.ktor.util.pipeline.SuspendFunctionGun.loop(SuspendFunctionGun.kt:131)
	at io.ktor.util.pipeline.SuspendFunctionGun.proceed(SuspendFunctionGun.kt:89)
	at io.ktor.server.engine.BaseApplicationResponse$Companion$setupFallbackResponse$1.invokeSuspend(BaseApplicationResponse.kt:349)
	at io.ktor.server.engine.BaseApplicationResponse$Companion$setupFallbackResponse$1.invoke(BaseApplicationResponse.kt)
	at io.ktor.server.engine.BaseApplicationResponse$Companion$setupFallbackResponse$1.invoke(BaseApplicationResponse.kt)
	at io.ktor.util.pipeline.PipelineJvmKt.pipelineStartCoroutineUninterceptedOrReturn(PipelineJvm.kt:15)
	at io.ktor.util.pipeline.SuspendFunctionGun.loop(SuspendFunctionGun.kt:131)
	at io.ktor.util.pipeline.SuspendFunctionGun.proceed(SuspendFunctionGun.kt:89)
	at io.ktor.util.pipeline.SuspendFunctionGun.execute$ktor_utils(SuspendFunctionGun.kt:109)
	at io.ktor.util.pipeline.Pipeline.execute(Pipeline.kt:92)
	at io.ktor.server.netty.NettyApplicationCallHandler$handleRequest$1$invokeSuspend$$inlined$execute$1.invokeSuspend(Pipeline.kt:510)
	at io.ktor.server.netty.NettyApplicationCallHandler$handleRequest$1$invokeSuspend$$inlined$execute$1.invoke(Pipeline.kt)
	at io.ktor.server.netty.NettyApplicationCallHandler$handleRequest$1$invokeSuspend$$inlined$execute$1.invoke(Pipeline.kt)
	at io.ktor.util.debug.ContextUtilsKt.initContextInDebugMode(ContextUtils.kt:19)
	at io.ktor.server.netty.NettyApplicationCallHandler$handleRequest$1.invokeSuspend(NettyApplicationCallHandler.kt:140)
	at io.ktor.server.netty.NettyApplicationCallHandler$handleRequest$1.invoke(NettyApplicationCallHandler.kt)
	at io.ktor.server.netty.NettyApplicationCallHandler$handleRequest$1.invoke(NettyApplicationCallHandler.kt)
	at kotlinx.coroutines.intrinsics.UndispatchedKt.startCoroutineUndispatched(Undispatched.kt:20)
	at kotlinx.coroutines.CoroutineStart.invoke(CoroutineStart.kt:360)
	at kotlinx.coroutines.AbstractCoroutine.start(AbstractCoroutine.kt:134)
	at kotlinx.coroutines.BuildersKt__Builders_commonKt.launch(Builders.common.kt:53)
	at kotlinx.coroutines.BuildersKt.launch(Unknown Source)
	at io.ktor.server.netty.NettyApplicationCallHandler.handleRequest(NettyApplicationCallHandler.kt:41)
	at io.ktor.server.netty.NettyApplicationCallHandler.channelRead(NettyApplicationCallHandler.kt:33)
	at io.netty.channel.AbstractChannelHandlerContext.fireChannelRead(AbstractChannelHandlerContext.java:356)
	at io.netty.channel.AbstractChannelHandlerContext.lambda$fireChannelRead$2(AbstractChannelHandlerContext.java:365)
	at io.netty.util.concurrent.AbstractEventExecutor.runTask(AbstractEventExecutor.java:148)
	at io.netty.util.concurrent.AbstractEventExecutor.safeExecute(AbstractEventExecutor.java:141)
	at io.netty.util.concurrent.SingleThreadEventExecutor.runAllTasks(SingleThreadEventExecutor.java:535)
	at io.netty.channel.SingleThreadIoEventLoop.run(SingleThreadIoEventLoop.java:201)
	at io.netty.util.concurrent.SingleThreadEventExecutor$5.run(SingleThreadEventExecutor.java:1193)
	at io.netty.util.internal.ThreadExecutorMap$2.run(ThreadExecutorMap.java:74)
	at io.netty.util.concurrent.FastThreadLocalRunnable.run(FastThreadLocalRunnable.java:30)
	at java.base/java.lang.Thread.run(Unknown Source)
2026-01-04 02:35:25.231 [DefaultDispatcher-worker-1] ERROR Application - 500 Internal Server Error: GET - /favicon.ico
java.lang.IllegalStateException: Serializing collections of different element types is not yet supported. Selected serializers: [kotlin.Boolean, kotlin.String]
	at io.ktor.serialization.kotlinx.SerializerLookupKt.elementSerializer(SerializerLookup.kt:64)
	at io.ktor.serialization.kotlinx.SerializerLookupKt.guessSerializer(SerializerLookup.kt:48)
	at io.ktor.serialization.kotlinx.KotlinxSerializationConverter.serialize(KotlinxSerializationConverter.kt:55)
	at io.ktor.server.plugins.contentnegotiation.ResponseConverterKt$convertResponseBody$1$2.invokeSuspend(ResponseConverter.kt:66)
	at io.ktor.server.plugins.contentnegotiation.ResponseConverterKt$convertResponseBody$1$2.invoke(ResponseConverter.kt)
	at io.ktor.server.plugins.contentnegotiation.ResponseConverterKt$convertResponseBody$1$2.invoke(ResponseConverter.kt)
	at io.ktor.server.application.OnCallRespondContext.transformBody(KtorCallContexts.kt:102)
	at io.ktor.server.plugins.contentnegotiation.ResponseConverterKt$convertResponseBody$1.invokeSuspend(ResponseConverter.kt:39)
	at io.ktor.server.plugins.contentnegotiation.ResponseConverterKt$convertResponseBody$1.invoke(ResponseConverter.kt)
	at io.ktor.server.plugins.contentnegotiation.ResponseConverterKt$convertResponseBody$1.invoke(ResponseConverter.kt)
	at io.ktor.server.application.PluginBuilder$onDefaultPhase$1.invokeSuspend(PluginBuilder.kt:245)
	at io.ktor.server.application.PluginBuilder$onDefaultPhase$1.invoke(PluginBuilder.kt)
	at io.ktor.server.application.PluginBuilder$onDefaultPhase$1.invoke(PluginBuilder.kt)
	at io.ktor.server.application.PluginBuilder$onDefaultPhaseWithMessage$1$1$1.invokeSuspend(PluginBuilder.kt:228)
	at io.ktor.server.application.PluginBuilder$onDefaultPhaseWithMessage$1$1$1.invoke(PluginBuilder.kt)
	at io.ktor.server.application.PluginBuilder$onDefaultPhaseWithMessage$1$1$1.invoke(PluginBuilder.kt)
	at io.ktor.util.debug.ContextUtilsKt.addToContextInDebugMode(ContextUtils.kt:34)
	at io.ktor.server.application.PluginBuilder$onDefaultPhaseWithMessage$1$1.invokeSuspend(PluginBuilder.kt:224)
	at io.ktor.server.application.PluginBuilder$onDefaultPhaseWithMessage$1$1.invoke(PluginBuilder.kt)
	at io.ktor.server.application.PluginBuilder$onDefaultPhaseWithMessage$1$1.invoke(PluginBuilder.kt)
	at io.ktor.util.pipeline.PipelineJvmKt.pipelineStartCoroutineUninterceptedOrReturn(PipelineJvm.kt:15)
	at io.ktor.util.pipeline.SuspendFunctionGun.loop(SuspendFunctionGun.kt:131)
	at io.ktor.util.pipeline.SuspendFunctionGun.proceed(SuspendFunctionGun.kt:89)
	at io.ktor.util.pipeline.SuspendFunctionGun.execute$ktor_utils(SuspendFunctionGun.kt:109)
	at io.ktor.util.pipeline.Pipeline.execute(Pipeline.kt:92)
	at io.ktor.server.application.PipelineCall.respond$suspendImpl(PipelineCall.kt:132)
	at io.ktor.server.application.PipelineCall.respond(PipelineCall.kt)
	at io.ktor.server.engine.BaseApplicationCall.respond(BaseApplicationCall.kt:16)
	at org.example.project.plugins.StatusPagesKt$configureStatusPages$1$3.invokeSuspend(StatusPages.kt:67)
	at org.example.project.plugins.StatusPagesKt$configureStatusPages$1$3.invoke(StatusPages.kt)
	at org.example.project.plugins.StatusPagesKt$configureStatusPages$1$3.invoke(StatusPages.kt)
	at io.ktor.server.plugins.statuspages.StatusPagesKt$StatusPages$2$2$1.invokeSuspend(StatusPages.kt:104)
	at io.ktor.server.plugins.statuspages.StatusPagesKt$StatusPages$2$2$1.invoke(StatusPages.kt)
	at io.ktor.server.plugins.statuspages.StatusPagesKt$StatusPages$2$2$1.invoke(StatusPages.kt)
	at io.ktor.server.plugins.calllogging.KtorMDCProvider$withMDCBlock$$inlined$withMDC$1.invokeSuspend(MDCEntryUtils.kt:22)
	at io.ktor.server.plugins.calllogging.KtorMDCProvider$withMDCBlock$$inlined$withMDC$1.invoke(MDCEntryUtils.kt)
	at io.ktor.server.plugins.calllogging.KtorMDCProvider$withMDCBlock$$inlined$withMDC$1.invoke(MDCEntryUtils.kt)
	at kotlinx.coroutines.intrinsics.UndispatchedKt.startUndspatched(Undispatched.kt:66)
	at kotlinx.coroutines.intrinsics.UndispatchedKt.startUndispatchedOrReturn(Undispatched.kt:43)
	at kotlinx.coroutines.BuildersKt__Builders_commonKt.withContext(Builders.common.kt:165)
	at kotlinx.coroutines.BuildersKt.withContext(Unknown Source)
	at io.ktor.server.plugins.calllogging.KtorMDCProvider.withMDCBlock(MDCProvider.kt:25)
	at io.ktor.server.plugins.statuspages.StatusPagesKt$StatusPages$2$2.invokeSuspend(StatusPages.kt:102)
	at io.ktor.server.plugins.statuspages.StatusPagesKt$StatusPages$2$2.invoke(StatusPages.kt)
	at io.ktor.server.plugins.statuspages.StatusPagesKt$StatusPages$2$2.invoke(StatusPages.kt)
	at io.ktor.server.application.hooks.CallFailed$install$1.invokeSuspend(CommonHooks.kt:52)
	at kotlin.coroutines.jvm.internal.BaseContinuationImpl.resumeWith(ContinuationImpl.kt:34)
	at kotlinx.coroutines.internal.ScopeCoroutine.afterResume(Scopes.kt:35)
	at kotlinx.coroutines.AbstractCoroutine.resumeWith(AbstractCoroutine.kt:101)
	at kotlin.coroutines.jvm.internal.BaseContinuationImpl.resumeWith(ContinuationImpl.kt:47)
	at kotlinx.coroutines.DispatchedTask.run(DispatchedTask.kt:98)
	at kotlinx.coroutines.scheduling.CoroutineScheduler.runSafely(CoroutineScheduler.kt:586)
	at kotlinx.coroutines.scheduling.CoroutineScheduler$Worker.executeTask(CoroutineScheduler.kt:829)
	at kotlinx.coroutines.scheduling.CoroutineScheduler$Worker.runWorker(CoroutineScheduler.kt:717)
	at kotlinx.coroutines.scheduling.CoroutineScheduler$Worker.run(CoroutineScheduler.kt:704)
2026-01-04 02:35:25.234 [DefaultDispatcher-worker-1] INFO  Application - HTTP GET /favicon.ico -> 500 Internal Server Error
2026-01-04 02:35:45.783 [eventLoopGroupProxy-4-2] INFO  io.ktor.server.plugins.cors.CORS - GET /health: Start handler
2026-01-04 02:35:45.784 [eventLoopGroupProxy-4-2] INFO  io.ktor.server.plugins.cors.CORS - GET /health: Skip CORS handler because request lacks the Origin header
2026-01-04 02:35:45.786 [eventLoopGroupProxy-4-2] INFO  Application - HTTP GET /health -> 200 OK
2026-01-04 02:35:45.893 [eventLoopGroupProxy-4-2] INFO  io.ktor.server.plugins.cors.CORS - GET /favicon.ico: Start handler
2026-01-04 02:35:45.893 [eventLoopGroupProxy-4-2] INFO  io.ktor.server.plugins.cors.CORS - GET /favicon.ico: Skip CORS handler because request lacks the Origin header
2026-01-04 02:35:45.916 [DefaultDispatcher-worker-3] ERROR Application - Unhandled exception
java.lang.IllegalStateException: Serializing collections of different element types is not yet supported. Selected serializers: [kotlin.Boolean, kotlin.String]
	at io.ktor.serialization.kotlinx.SerializerLookupKt.elementSerializer(SerializerLookup.kt:64)
	at io.ktor.serialization.kotlinx.SerializerLookupKt.guessSerializer(SerializerLookup.kt:48)
	at io.ktor.serialization.kotlinx.KotlinxSerializationConverter.serialize(KotlinxSerializationConverter.kt:55)
	at io.ktor.server.plugins.contentnegotiation.ResponseConverterKt$convertResponseBody$1$2.invokeSuspend(ResponseConverter.kt:66)
	at io.ktor.server.plugins.contentnegotiation.ResponseConverterKt$convertResponseBody$1$2.invoke(ResponseConverter.kt)
	at io.ktor.server.plugins.contentnegotiation.ResponseConverterKt$convertResponseBody$1$2.invoke(ResponseConverter.kt)
	at io.ktor.server.application.OnCallRespondContext.transformBody(KtorCallContexts.kt:102)
	at io.ktor.server.plugins.contentnegotiation.ResponseConverterKt$convertResponseBody$1.invokeSuspend(ResponseConverter.kt:39)
	at io.ktor.server.plugins.contentnegotiation.ResponseConverterKt$convertResponseBody$1.invoke(ResponseConverter.kt)
	at io.ktor.server.plugins.contentnegotiation.ResponseConverterKt$convertResponseBody$1.invoke(ResponseConverter.kt)
	at io.ktor.server.application.PluginBuilder$onDefaultPhase$1.invokeSuspend(PluginBuilder.kt:245)
	at io.ktor.server.application.PluginBuilder$onDefaultPhase$1.invoke(PluginBuilder.kt)
	at io.ktor.server.application.PluginBuilder$onDefaultPhase$1.invoke(PluginBuilder.kt)
	at io.ktor.server.application.PluginBuilder$onDefaultPhaseWithMessage$1$1$1.invokeSuspend(PluginBuilder.kt:228)
	at io.ktor.server.application.PluginBuilder$onDefaultPhaseWithMessage$1$1$1.invoke(PluginBuilder.kt)
	at io.ktor.server.application.PluginBuilder$onDefaultPhaseWithMessage$1$1$1.invoke(PluginBuilder.kt)
	at io.ktor.util.debug.ContextUtilsKt.addToContextInDebugMode(ContextUtils.kt:34)
	at io.ktor.server.application.PluginBuilder$onDefaultPhaseWithMessage$1$1.invokeSuspend(PluginBuilder.kt:224)
	at io.ktor.server.application.PluginBuilder$onDefaultPhaseWithMessage$1$1.invoke(PluginBuilder.kt)
	at io.ktor.server.application.PluginBuilder$onDefaultPhaseWithMessage$1$1.invoke(PluginBuilder.kt)
	at io.ktor.util.pipeline.PipelineJvmKt.pipelineStartCoroutineUninterceptedOrReturn(PipelineJvm.kt:15)
	at io.ktor.util.pipeline.SuspendFunctionGun.loop(SuspendFunctionGun.kt:131)
	at io.ktor.util.pipeline.SuspendFunctionGun.proceed(SuspendFunctionGun.kt:89)
	at io.ktor.util.pipeline.SuspendFunctionGun.execute$ktor_utils(SuspendFunctionGun.kt:109)
	at io.ktor.util.pipeline.Pipeline.execute(Pipeline.kt:92)
	at io.ktor.server.application.PipelineCall.respond$suspendImpl(PipelineCall.kt:132)
	at io.ktor.server.application.PipelineCall.respond(PipelineCall.kt)
	at io.ktor.server.engine.BaseApplicationCall.respond(BaseApplicationCall.kt:16)
	at org.example.project.plugins.StatusPagesKt$configureStatusPages$1$4.invokeSuspend(StatusPages.kt:67)
	at org.example.project.plugins.StatusPagesKt$configureStatusPages$1$4.invoke(StatusPages.kt)
	at org.example.project.plugins.StatusPagesKt$configureStatusPages$1$4.invoke(StatusPages.kt)
	at io.ktor.server.plugins.statuspages.StatusPagesConfig$status$1$1.invokeSuspend(StatusPages.kt:175)
	at io.ktor.server.plugins.statuspages.StatusPagesConfig$status$1$1.invoke(StatusPages.kt)
	at io.ktor.server.plugins.statuspages.StatusPagesConfig$status$1$1.invoke(StatusPages.kt)
	at io.ktor.server.plugins.statuspages.StatusPagesKt$StatusPages$2$1.invokeSuspend(StatusPages.kt:80)
	at io.ktor.server.plugins.statuspages.StatusPagesKt$StatusPages$2$1.invoke(StatusPages.kt)
	at io.ktor.server.plugins.statuspages.StatusPagesKt$StatusPages$2$1.invoke(StatusPages.kt)
	at io.ktor.server.application.hooks.ResponseBodyReadyForSend$install$1.invokeSuspend(CommonHooks.kt:114)
	at io.ktor.server.application.hooks.ResponseBodyReadyForSend$install$1.invoke(CommonHooks.kt)
	at io.ktor.server.application.hooks.ResponseBodyReadyForSend$install$1.invoke(CommonHooks.kt)
	at io.ktor.util.pipeline.PipelineJvmKt.pipelineStartCoroutineUninterceptedOrReturn(PipelineJvm.kt:15)
	at io.ktor.util.pipeline.SuspendFunctionGun.loop(SuspendFunctionGun.kt:131)
	at io.ktor.util.pipeline.SuspendFunctionGun.proceed(SuspendFunctionGun.kt:89)
	at io.ktor.util.pipeline.SuspendFunctionGun.proceedWith(SuspendFunctionGun.kt:99)
	at io.ktor.server.engine.DefaultTransformKt$installDefaultTransformations$1.invokeSuspend(DefaultTransform.kt:31)
	at io.ktor.server.engine.DefaultTransformKt$installDefaultTransformations$1.invoke(DefaultTransform.kt)
	at io.ktor.server.engine.DefaultTransformKt$installDefaultTransformations$1.invoke(DefaultTransform.kt)
	at io.ktor.util.pipeline.PipelineJvmKt.pipelineStartCoroutineUninterceptedOrReturn(PipelineJvm.kt:15)
	at io.ktor.util.pipeline.SuspendFunctionGun.loop(SuspendFunctionGun.kt:131)
	at io.ktor.util.pipeline.SuspendFunctionGun.proceed(SuspendFunctionGun.kt:89)
	at io.ktor.util.pipeline.SuspendFunctionGun.execute$ktor_utils(SuspendFunctionGun.kt:109)
	at io.ktor.util.pipeline.Pipeline.execute(Pipeline.kt:92)
	at io.ktor.server.application.PipelineCall.respond$suspendImpl(PipelineCall.kt:132)
	at io.ktor.server.application.PipelineCall.respond(PipelineCall.kt)
	at io.ktor.server.engine.BaseApplicationCall.respond(BaseApplicationCall.kt:16)
	at io.ktor.server.engine.BaseApplicationEngineKt$installDefaultInterceptors$1.invokeSuspend(BaseApplicationEngine.kt:138)
	at io.ktor.server.engine.BaseApplicationEngineKt$installDefaultInterceptors$1.invoke(BaseApplicationEngine.kt)
	at io.ktor.server.engine.BaseApplicationEngineKt$installDefaultInterceptors$1.invoke(BaseApplicationEngine.kt)
	at io.ktor.util.pipeline.PipelineJvmKt.pipelineStartCoroutineUninterceptedOrReturn(PipelineJvm.kt:15)
	at io.ktor.util.pipeline.SuspendFunctionGun.loop(SuspendFunctionGun.kt:131)
	at io.ktor.util.pipeline.SuspendFunctionGun.proceed(SuspendFunctionGun.kt:89)
	at io.ktor.server.engine.BaseApplicationEngineKt$installDefaultTransformationChecker$1.invokeSuspend(BaseApplicationEngine.kt:119)
	at io.ktor.server.engine.BaseApplicationEngineKt$installDefaultTransformationChecker$1.invoke(BaseApplicationEngine.kt)
	at io.ktor.server.engine.BaseApplicationEngineKt$installDefaultTransformationChecker$1.invoke(BaseApplicationEngine.kt)
	at io.ktor.util.pipeline.PipelineJvmKt.pipelineStartCoroutineUninterceptedOrReturn(PipelineJvm.kt:15)
	at io.ktor.util.pipeline.SuspendFunctionGun.loop(SuspendFunctionGun.kt:131)
	at io.ktor.util.pipeline.SuspendFunctionGun.proceed(SuspendFunctionGun.kt:89)
	at io.ktor.server.application.hooks.CallFailed$install$1$1.invokeSuspend(CommonHooks.kt:49)
	at io.ktor.server.application.hooks.CallFailed$install$1$1.invoke(CommonHooks.kt)
	at io.ktor.server.application.hooks.CallFailed$install$1$1.invoke(CommonHooks.kt)
	at kotlinx.coroutines.intrinsics.UndispatchedKt.startUndspatched(Undispatched.kt:66)
	at kotlinx.coroutines.intrinsics.UndispatchedKt.startUndispatchedOrReturn(Undispatched.kt:43)
	at kotlinx.coroutines.CoroutineScopeKt.coroutineScope(CoroutineScope.kt:286)
	at io.ktor.server.application.hooks.CallFailed$install$1.invokeSuspend(CommonHooks.kt:48)
	at io.ktor.server.application.hooks.CallFailed$install$1.invoke(CommonHooks.kt)
	at io.ktor.server.application.hooks.CallFailed$install$1.invoke(CommonHooks.kt)
	at io.ktor.util.pipeline.PipelineJvmKt.pipelineStartCoroutineUninterceptedOrReturn(PipelineJvm.kt:15)
	at io.ktor.util.pipeline.SuspendFunctionGun.loop(SuspendFunctionGun.kt:131)
	at io.ktor.util.pipeline.SuspendFunctionGun.proceed(SuspendFunctionGun.kt:89)
	at io.ktor.util.pipeline.SuspendFunctionGun.execute$ktor_utils(SuspendFunctionGun.kt:109)
	at io.ktor.util.pipeline.Pipeline.execute(Pipeline.kt:92)
	at io.ktor.server.engine.DefaultEnginePipelineKt$defaultEnginePipeline$1$invokeSuspend$$inlined$execute$1.invokeSuspend(Pipeline.kt:510)
	at io.ktor.server.engine.DefaultEnginePipelineKt$defaultEnginePipeline$1$invokeSuspend$$inlined$execute$1.invoke(Pipeline.kt)
	at io.ktor.server.engine.DefaultEnginePipelineKt$defaultEnginePipeline$1$invokeSuspend$$inlined$execute$1.invoke(Pipeline.kt)
	at io.ktor.util.debug.ContextUtilsKt.initContextInDebugMode(ContextUtils.kt:19)
	at io.ktor.server.engine.DefaultEnginePipelineKt$defaultEnginePipeline$1.invokeSuspend(DefaultEnginePipeline.kt:136)
	at io.ktor.server.engine.DefaultEnginePipelineKt$defaultEnginePipeline$1.invoke(DefaultEnginePipeline.kt)
	at io.ktor.server.engine.DefaultEnginePipelineKt$defaultEnginePipeline$1.invoke(DefaultEnginePipeline.kt)
	at io.ktor.util.pipeline.PipelineJvmKt.pipelineStartCoroutineUninterceptedOrReturn(PipelineJvm.kt:15)
	at io.ktor.util.pipeline.SuspendFunctionGun.loop(SuspendFunctionGun.kt:131)
	at io.ktor.util.pipeline.SuspendFunctionGun.proceed(SuspendFunctionGun.kt:89)
	at io.ktor.server.engine.BaseApplicationResponse$Companion$setupFallbackResponse$1.invokeSuspend(BaseApplicationResponse.kt:349)
	at io.ktor.server.engine.BaseApplicationResponse$Companion$setupFallbackResponse$1.invoke(BaseApplicationResponse.kt)
	at io.ktor.server.engine.BaseApplicationResponse$Companion$setupFallbackResponse$1.invoke(BaseApplicationResponse.kt)
	at io.ktor.util.pipeline.PipelineJvmKt.pipelineStartCoroutineUninterceptedOrReturn(PipelineJvm.kt:15)
	at io.ktor.util.pipeline.SuspendFunctionGun.loop(SuspendFunctionGun.kt:131)
	at io.ktor.util.pipeline.SuspendFunctionGun.proceed(SuspendFunctionGun.kt:89)
	at io.ktor.util.pipeline.SuspendFunctionGun.execute$ktor_utils(SuspendFunctionGun.kt:109)
	at io.ktor.util.pipeline.Pipeline.execute(Pipeline.kt:92)
	at io.ktor.server.netty.NettyApplicationCallHandler$handleRequest$1$invokeSuspend$$inlined$execute$1.invokeSuspend(Pipeline.kt:510)
	at io.ktor.server.netty.NettyApplicationCallHandler$handleRequest$1$invokeSuspend$$inlined$execute$1.invoke(Pipeline.kt)
	at io.ktor.server.netty.NettyApplicationCallHandler$handleRequest$1$invokeSuspend$$inlined$execute$1.invoke(Pipeline.kt)
	at io.ktor.util.debug.ContextUtilsKt.initContextInDebugMode(ContextUtils.kt:19)
	at io.ktor.server.netty.NettyApplicationCallHandler$handleRequest$1.invokeSuspend(NettyApplicationCallHandler.kt:140)
	at io.ktor.server.netty.NettyApplicationCallHandler$handleRequest$1.invoke(NettyApplicationCallHandler.kt)
	at io.ktor.server.netty.NettyApplicationCallHandler$handleRequest$1.invoke(NettyApplicationCallHandler.kt)
	at kotlinx.coroutines.intrinsics.UndispatchedKt.startCoroutineUndispatched(Undispatched.kt:20)
	at kotlinx.coroutines.CoroutineStart.invoke(CoroutineStart.kt:360)
	at kotlinx.coroutines.AbstractCoroutine.start(AbstractCoroutine.kt:134)
	at kotlinx.coroutines.BuildersKt__Builders_commonKt.launch(Builders.common.kt:53)
	at kotlinx.coroutines.BuildersKt.launch(Unknown Source)
	at io.ktor.server.netty.NettyApplicationCallHandler.handleRequest(NettyApplicationCallHandler.kt:41)
	at io.ktor.server.netty.NettyApplicationCallHandler.channelRead(NettyApplicationCallHandler.kt:33)
	at io.netty.channel.AbstractChannelHandlerContext.fireChannelRead(AbstractChannelHandlerContext.java:356)
	at io.netty.channel.AbstractChannelHandlerContext.lambda$fireChannelRead$2(AbstractChannelHandlerContext.java:365)
	at io.netty.util.concurrent.AbstractEventExecutor.runTask(AbstractEventExecutor.java:148)
	at io.netty.util.concurrent.AbstractEventExecutor.safeExecute(AbstractEventExecutor.java:141)
	at io.netty.util.concurrent.SingleThreadEventExecutor.runAllTasks(SingleThreadEventExecutor.java:535)
	at io.netty.channel.SingleThreadIoEventLoop.run(SingleThreadIoEventLoop.java:201)
	at io.netty.util.concurrent.SingleThreadEventExecutor$5.run(SingleThreadEventExecutor.java:1193)
	at io.netty.util.internal.ThreadExecutorMap$2.run(ThreadExecutorMap.java:74)
	at io.netty.util.concurrent.FastThreadLocalRunnable.run(FastThreadLocalRunnable.java:30)
	at java.base/java.lang.Thread.run(Unknown Source)
2026-01-04 02:35:45.925 [DefaultDispatcher-worker-3] ERROR Application - 500 Internal Server Error: GET - /favicon.ico
java.lang.IllegalStateException: Serializing collections of different element types is not yet supported. Selected serializers: [kotlin.Boolean, kotlin.String]
	at io.ktor.serialization.kotlinx.SerializerLookupKt.elementSerializer(SerializerLookup.kt:64)
	at io.ktor.serialization.kotlinx.SerializerLookupKt.guessSerializer(SerializerLookup.kt:48)
	at io.ktor.serialization.kotlinx.KotlinxSerializationConverter.serialize(KotlinxSerializationConverter.kt:55)
	at io.ktor.server.plugins.contentnegotiation.ResponseConverterKt$convertResponseBody$1$2.invokeSuspend(ResponseConverter.kt:66)
	at io.ktor.server.plugins.contentnegotiation.ResponseConverterKt$convertResponseBody$1$2.invoke(ResponseConverter.kt)
	at io.ktor.server.plugins.contentnegotiation.ResponseConverterKt$convertResponseBody$1$2.invoke(ResponseConverter.kt)
	at io.ktor.server.application.OnCallRespondContext.transformBody(KtorCallContexts.kt:102)
	at io.ktor.server.plugins.contentnegotiation.ResponseConverterKt$convertResponseBody$1.invokeSuspend(ResponseConverter.kt:39)
	at io.ktor.server.plugins.contentnegotiation.ResponseConverterKt$convertResponseBody$1.invoke(ResponseConverter.kt)
	at io.ktor.server.plugins.contentnegotiation.ResponseConverterKt$convertResponseBody$1.invoke(ResponseConverter.kt)
	at io.ktor.server.application.PluginBuilder$onDefaultPhase$1.invokeSuspend(PluginBuilder.kt:245)
	at io.ktor.server.application.PluginBuilder$onDefaultPhase$1.invoke(PluginBuilder.kt)
	at io.ktor.server.application.PluginBuilder$onDefaultPhase$1.invoke(PluginBuilder.kt)
	at io.ktor.server.application.PluginBuilder$onDefaultPhaseWithMessage$1$1$1.invokeSuspend(PluginBuilder.kt:228)
	at io.ktor.server.application.PluginBuilder$onDefaultPhaseWithMessage$1$1$1.invoke(PluginBuilder.kt)
	at io.ktor.server.application.PluginBuilder$onDefaultPhaseWithMessage$1$1$1.invoke(PluginBuilder.kt)
	at io.ktor.util.debug.ContextUtilsKt.addToContextInDebugMode(ContextUtils.kt:34)
	at io.ktor.server.application.PluginBuilder$onDefaultPhaseWithMessage$1$1.invokeSuspend(PluginBuilder.kt:224)
	at io.ktor.server.application.PluginBuilder$onDefaultPhaseWithMessage$1$1.invoke(PluginBuilder.kt)
	at io.ktor.server.application.PluginBuilder$onDefaultPhaseWithMessage$1$1.invoke(PluginBuilder.kt)
	at io.ktor.util.pipeline.PipelineJvmKt.pipelineStartCoroutineUninterceptedOrReturn(PipelineJvm.kt:15)
	at io.ktor.util.pipeline.SuspendFunctionGun.loop(SuspendFunctionGun.kt:131)
	at io.ktor.util.pipeline.SuspendFunctionGun.proceed(SuspendFunctionGun.kt:89)
	at io.ktor.util.pipeline.SuspendFunctionGun.execute$ktor_utils(SuspendFunctionGun.kt:109)
	at io.ktor.util.pipeline.Pipeline.execute(Pipeline.kt:92)
	at io.ktor.server.application.PipelineCall.respond$suspendImpl(PipelineCall.kt:132)
	at io.ktor.server.application.PipelineCall.respond(PipelineCall.kt)
	at io.ktor.server.engine.BaseApplicationCall.respond(BaseApplicationCall.kt:16)
	at org.example.project.plugins.StatusPagesKt$configureStatusPages$1$3.invokeSuspend(StatusPages.kt:67)
	at org.example.project.plugins.StatusPagesKt$configureStatusPages$1$3.invoke(StatusPages.kt)
	at org.example.project.plugins.StatusPagesKt$configureStatusPages$1$3.invoke(StatusPages.kt)
	at io.ktor.server.plugins.statuspages.StatusPagesKt$StatusPages$2$2$1.invokeSuspend(StatusPages.kt:104)
	at io.ktor.server.plugins.statuspages.StatusPagesKt$StatusPages$2$2$1.invoke(StatusPages.kt)
	at io.ktor.server.plugins.statuspages.StatusPagesKt$StatusPages$2$2$1.invoke(StatusPages.kt)
	at io.ktor.server.plugins.calllogging.KtorMDCProvider$withMDCBlock$$inlined$withMDC$1.invokeSuspend(MDCEntryUtils.kt:22)
	at io.ktor.server.plugins.calllogging.KtorMDCProvider$withMDCBlock$$inlined$withMDC$1.invoke(MDCEntryUtils.kt)
	at io.ktor.server.plugins.calllogging.KtorMDCProvider$withMDCBlock$$inlined$withMDC$1.invoke(MDCEntryUtils.kt)
	at kotlinx.coroutines.intrinsics.UndispatchedKt.startUndspatched(Undispatched.kt:66)
	at kotlinx.coroutines.intrinsics.UndispatchedKt.startUndispatchedOrReturn(Undispatched.kt:43)
	at kotlinx.coroutines.BuildersKt__Builders_commonKt.withContext(Builders.common.kt:165)
	at kotlinx.coroutines.BuildersKt.withContext(Unknown Source)
	at io.ktor.server.plugins.calllogging.KtorMDCProvider.withMDCBlock(MDCProvider.kt:25)
	at io.ktor.server.plugins.statuspages.StatusPagesKt$StatusPages$2$2.invokeSuspend(StatusPages.kt:102)
	at io.ktor.server.plugins.statuspages.StatusPagesKt$StatusPages$2$2.invoke(StatusPages.kt)
	at io.ktor.server.plugins.statuspages.StatusPagesKt$StatusPages$2$2.invoke(StatusPages.kt)
	at io.ktor.server.application.hooks.CallFailed$install$1.invokeSuspend(CommonHooks.kt:52)
	at kotlin.coroutines.jvm.internal.BaseContinuationImpl.resumeWith(ContinuationImpl.kt:34)
	at kotlinx.coroutines.internal.ScopeCoroutine.afterResume(Scopes.kt:35)
	at kotlinx.coroutines.AbstractCoroutine.resumeWith(AbstractCoroutine.kt:101)
	at kotlin.coroutines.jvm.internal.BaseContinuationImpl.resumeWith(ContinuationImpl.kt:47)
	at kotlinx.coroutines.DispatchedTask.run(DispatchedTask.kt:98)
	at kotlinx.coroutines.scheduling.CoroutineScheduler.runSafely(CoroutineScheduler.kt:586)
	at kotlinx.coroutines.scheduling.CoroutineScheduler$Worker.executeTask(CoroutineScheduler.kt:829)
	at kotlinx.coroutines.scheduling.CoroutineScheduler$Worker.runWorker(CoroutineScheduler.kt:717)
	at kotlinx.coroutines.scheduling.CoroutineScheduler$Worker.run(CoroutineScheduler.kt:704)
2026-01-04 02:35:45.928 [DefaultDispatcher-worker-3] INFO  Application - HTTP GET /favicon.ico -> 500 Internal Server Error
2026-01-04 02:35:49.242 [eventLoopGroupProxy-4-2] INFO  io.ktor.server.plugins.cors.CORS - GET /health: Start handler
2026-01-04 02:35:49.243 [eventLoopGroupProxy-4-2] INFO  io.ktor.server.plugins.cors.CORS - GET /health: Skip CORS handler because request lacks the Origin header
2026-01-04 02:35:49.245 [eventLoopGroupProxy-4-2] INFO  Application - HTTP GET /health -> 200 OK
2026-01-04 02:35:49.336 [eventLoopGroupProxy-4-2] INFO  io.ktor.server.plugins.cors.CORS - GET /favicon.ico: Start handler
2026-01-04 02:35:49.337 [eventLoopGroupProxy-4-2] INFO  io.ktor.server.plugins.cors.CORS - GET /favicon.ico: Skip CORS handler because request lacks the Origin header
2026-01-04 02:35:49.352 [DefaultDispatcher-worker-2] ERROR Application - Unhandled exception
java.lang.IllegalStateException: Serializing collections of different element types is not yet supported. Selected serializers: [kotlin.Boolean, kotlin.String]
	at io.ktor.serialization.kotlinx.SerializerLookupKt.elementSerializer(SerializerLookup.kt:64)
	at io.ktor.serialization.kotlinx.SerializerLookupKt.guessSerializer(SerializerLookup.kt:48)
	at io.ktor.serialization.kotlinx.KotlinxSerializationConverter.serialize(KotlinxSerializationConverter.kt:55)
	at io.ktor.server.plugins.contentnegotiation.ResponseConverterKt$convertResponseBody$1$2.invokeSuspend(ResponseConverter.kt:66)
	at io.ktor.server.plugins.contentnegotiation.ResponseConverterKt$convertResponseBody$1$2.invoke(ResponseConverter.kt)
	at io.ktor.server.plugins.contentnegotiation.ResponseConverterKt$convertResponseBody$1$2.invoke(ResponseConverter.kt)
	at io.ktor.server.application.OnCallRespondContext.transformBody(KtorCallContexts.kt:102)
	at io.ktor.server.plugins.contentnegotiation.ResponseConverterKt$convertResponseBody$1.invokeSuspend(ResponseConverter.kt:39)
	at io.ktor.server.plugins.contentnegotiation.ResponseConverterKt$convertResponseBody$1.invoke(ResponseConverter.kt)
	at io.ktor.server.plugins.contentnegotiation.ResponseConverterKt$convertResponseBody$1.invoke(ResponseConverter.kt)
	at io.ktor.server.application.PluginBuilder$onDefaultPhase$1.invokeSuspend(PluginBuilder.kt:245)
	at io.ktor.server.application.PluginBuilder$onDefaultPhase$1.invoke(PluginBuilder.kt)
	at io.ktor.server.application.PluginBuilder$onDefaultPhase$1.invoke(PluginBuilder.kt)
	at io.ktor.server.application.PluginBuilder$onDefaultPhaseWithMessage$1$1$1.invokeSuspend(PluginBuilder.kt:228)
	at io.ktor.server.application.PluginBuilder$onDefaultPhaseWithMessage$1$1$1.invoke(PluginBuilder.kt)
	at io.ktor.server.application.PluginBuilder$onDefaultPhaseWithMessage$1$1$1.invoke(PluginBuilder.kt)
	at io.ktor.util.debug.ContextUtilsKt.addToContextInDebugMode(ContextUtils.kt:34)
	at io.ktor.server.application.PluginBuilder$onDefaultPhaseWithMessage$1$1.invokeSuspend(PluginBuilder.kt:224)
	at io.ktor.server.application.PluginBuilder$onDefaultPhaseWithMessage$1$1.invoke(PluginBuilder.kt)
	at io.ktor.server.application.PluginBuilder$onDefaultPhaseWithMessage$1$1.invoke(PluginBuilder.kt)
	at io.ktor.util.pipeline.PipelineJvmKt.pipelineStartCoroutineUninterceptedOrReturn(PipelineJvm.kt:15)
	at io.ktor.util.pipeline.SuspendFunctionGun.loop(SuspendFunctionGun.kt:131)
	at io.ktor.util.pipeline.SuspendFunctionGun.proceed(SuspendFunctionGun.kt:89)
	at io.ktor.util.pipeline.SuspendFunctionGun.execute$ktor_utils(SuspendFunctionGun.kt:109)
	at io.ktor.util.pipeline.Pipeline.execute(Pipeline.kt:92)
	at io.ktor.server.application.PipelineCall.respond$suspendImpl(PipelineCall.kt:132)
	at io.ktor.server.application.PipelineCall.respond(PipelineCall.kt)
	at io.ktor.server.engine.BaseApplicationCall.respond(BaseApplicationCall.kt:16)
	at org.example.project.plugins.StatusPagesKt$configureStatusPages$1$4.invokeSuspend(StatusPages.kt:67)
	at org.example.project.plugins.StatusPagesKt$configureStatusPages$1$4.invoke(StatusPages.kt)
	at org.example.project.plugins.StatusPagesKt$configureStatusPages$1$4.invoke(StatusPages.kt)
	at io.ktor.server.plugins.statuspages.StatusPagesConfig$status$1$1.invokeSuspend(StatusPages.kt:175)
	at io.ktor.server.plugins.statuspages.StatusPagesConfig$status$1$1.invoke(StatusPages.kt)
	at io.ktor.server.plugins.statuspages.StatusPagesConfig$status$1$1.invoke(StatusPages.kt)
	at io.ktor.server.plugins.statuspages.StatusPagesKt$StatusPages$2$1.invokeSuspend(StatusPages.kt:80)
	at io.ktor.server.plugins.statuspages.StatusPagesKt$StatusPages$2$1.invoke(StatusPages.kt)
	at io.ktor.server.plugins.statuspages.StatusPagesKt$StatusPages$2$1.invoke(StatusPages.kt)
	at io.ktor.server.application.hooks.ResponseBodyReadyForSend$install$1.invokeSuspend(CommonHooks.kt:114)
	at io.ktor.server.application.hooks.ResponseBodyReadyForSend$install$1.invoke(CommonHooks.kt)
	at io.ktor.server.application.hooks.ResponseBodyReadyForSend$install$1.invoke(CommonHooks.kt)
	at io.ktor.util.pipeline.PipelineJvmKt.pipelineStartCoroutineUninterceptedOrReturn(PipelineJvm.kt:15)
	at io.ktor.util.pipeline.SuspendFunctionGun.loop(SuspendFunctionGun.kt:131)
	at io.ktor.util.pipeline.SuspendFunctionGun.proceed(SuspendFunctionGun.kt:89)
	at io.ktor.util.pipeline.SuspendFunctionGun.proceedWith(SuspendFunctionGun.kt:99)
	at io.ktor.server.engine.DefaultTransformKt$installDefaultTransformations$1.invokeSuspend(DefaultTransform.kt:31)
	at io.ktor.server.engine.DefaultTransformKt$installDefaultTransformations$1.invoke(DefaultTransform.kt)
	at io.ktor.server.engine.DefaultTransformKt$installDefaultTransformations$1.invoke(DefaultTransform.kt)
	at io.ktor.util.pipeline.PipelineJvmKt.pipelineStartCoroutineUninterceptedOrReturn(PipelineJvm.kt:15)
	at io.ktor.util.pipeline.SuspendFunctionGun.loop(SuspendFunctionGun.kt:131)
	at io.ktor.util.pipeline.SuspendFunctionGun.proceed(SuspendFunctionGun.kt:89)
	at io.ktor.util.pipeline.SuspendFunctionGun.execute$ktor_utils(SuspendFunctionGun.kt:109)
	at io.ktor.util.pipeline.Pipeline.execute(Pipeline.kt:92)
	at io.ktor.server.application.PipelineCall.respond$suspendImpl(PipelineCall.kt:132)
	at io.ktor.server.application.PipelineCall.respond(PipelineCall.kt)
	at io.ktor.server.engine.BaseApplicationCall.respond(BaseApplicationCall.kt:16)
	at io.ktor.server.engine.BaseApplicationEngineKt$installDefaultInterceptors$1.invokeSuspend(BaseApplicationEngine.kt:138)
	at io.ktor.server.engine.BaseApplicationEngineKt$installDefaultInterceptors$1.invoke(BaseApplicationEngine.kt)
	at io.ktor.server.engine.BaseApplicationEngineKt$installDefaultInterceptors$1.invoke(BaseApplicationEngine.kt)
	at io.ktor.util.pipeline.PipelineJvmKt.pipelineStartCoroutineUninterceptedOrReturn(PipelineJvm.kt:15)
	at io.ktor.util.pipeline.SuspendFunctionGun.loop(SuspendFunctionGun.kt:131)
	at io.ktor.util.pipeline.SuspendFunctionGun.proceed(SuspendFunctionGun.kt:89)
	at io.ktor.server.engine.BaseApplicationEngineKt$installDefaultTransformationChecker$1.invokeSuspend(BaseApplicationEngine.kt:119)
	at io.ktor.server.engine.BaseApplicationEngineKt$installDefaultTransformationChecker$1.invoke(BaseApplicationEngine.kt)
	at io.ktor.server.engine.BaseApplicationEngineKt$installDefaultTransformationChecker$1.invoke(BaseApplicationEngine.kt)
	at io.ktor.util.pipeline.PipelineJvmKt.pipelineStartCoroutineUninterceptedOrReturn(PipelineJvm.kt:15)
	at io.ktor.util.pipeline.SuspendFunctionGun.loop(SuspendFunctionGun.kt:131)
	at io.ktor.util.pipeline.SuspendFunctionGun.proceed(SuspendFunctionGun.kt:89)
	at io.ktor.server.application.hooks.CallFailed$install$1$1.invokeSuspend(CommonHooks.kt:49)
	at io.ktor.server.application.hooks.CallFailed$install$1$1.invoke(CommonHooks.kt)
	at io.ktor.server.application.hooks.CallFailed$install$1$1.invoke(CommonHooks.kt)
	at kotlinx.coroutines.intrinsics.UndispatchedKt.startUndspatched(Undispatched.kt:66)
	at kotlinx.coroutines.intrinsics.UndispatchedKt.startUndispatchedOrReturn(Undispatched.kt:43)
	at kotlinx.coroutines.CoroutineScopeKt.coroutineScope(CoroutineScope.kt:286)
	at io.ktor.server.application.hooks.CallFailed$install$1.invokeSuspend(CommonHooks.kt:48)
	at io.ktor.server.application.hooks.CallFailed$install$1.invoke(CommonHooks.kt)
	at io.ktor.server.application.hooks.CallFailed$install$1.invoke(CommonHooks.kt)
	at io.ktor.util.pipeline.PipelineJvmKt.pipelineStartCoroutineUninterceptedOrReturn(PipelineJvm.kt:15)
	at io.ktor.util.pipeline.SuspendFunctionGun.loop(SuspendFunctionGun.kt:131)
	at io.ktor.util.pipeline.SuspendFunctionGun.proceed(SuspendFunctionGun.kt:89)
	at io.ktor.util.pipeline.SuspendFunctionGun.execute$ktor_utils(SuspendFunctionGun.kt:109)
	at io.ktor.util.pipeline.Pipeline.execute(Pipeline.kt:92)
	at io.ktor.server.engine.DefaultEnginePipelineKt$defaultEnginePipeline$1$invokeSuspend$$inlined$execute$1.invokeSuspend(Pipeline.kt:510)
	at io.ktor.server.engine.DefaultEnginePipelineKt$defaultEnginePipeline$1$invokeSuspend$$inlined$execute$1.invoke(Pipeline.kt)
	at io.ktor.server.engine.DefaultEnginePipelineKt$defaultEnginePipeline$1$invokeSuspend$$inlined$execute$1.invoke(Pipeline.kt)
	at io.ktor.util.debug.ContextUtilsKt.initContextInDebugMode(ContextUtils.kt:19)
	at io.ktor.server.engine.DefaultEnginePipelineKt$defaultEnginePipeline$1.invokeSuspend(DefaultEnginePipeline.kt:136)
	at io.ktor.server.engine.DefaultEnginePipelineKt$defaultEnginePipeline$1.invoke(DefaultEnginePipeline.kt)
	at io.ktor.server.engine.DefaultEnginePipelineKt$defaultEnginePipeline$1.invoke(DefaultEnginePipeline.kt)
	at io.ktor.util.pipeline.PipelineJvmKt.pipelineStartCoroutineUninterceptedOrReturn(PipelineJvm.kt:15)
	at io.ktor.util.pipeline.SuspendFunctionGun.loop(SuspendFunctionGun.kt:131)
	at io.ktor.util.pipeline.SuspendFunctionGun.proceed(SuspendFunctionGun.kt:89)
	at io.ktor.server.engine.BaseApplicationResponse$Companion$setupFallbackResponse$1.invokeSuspend(BaseApplicationResponse.kt:349)
	at io.ktor.server.engine.BaseApplicationResponse$Companion$setupFallbackResponse$1.invoke(BaseApplicationResponse.kt)
	at io.ktor.server.engine.BaseApplicationResponse$Companion$setupFallbackResponse$1.invoke(BaseApplicationResponse.kt)
	at io.ktor.util.pipeline.PipelineJvmKt.pipelineStartCoroutineUninterceptedOrReturn(PipelineJvm.kt:15)
	at io.ktor.util.pipeline.SuspendFunctionGun.loop(SuspendFunctionGun.kt:131)
	at io.ktor.util.pipeline.SuspendFunctionGun.proceed(SuspendFunctionGun.kt:89)
	at io.ktor.util.pipeline.SuspendFunctionGun.execute$ktor_utils(SuspendFunctionGun.kt:109)
	at io.ktor.util.pipeline.Pipeline.execute(Pipeline.kt:92)
	at io.ktor.server.netty.NettyApplicationCallHandler$handleRequest$1$invokeSuspend$$inlined$execute$1.invokeSuspend(Pipeline.kt:510)
	at io.ktor.server.netty.NettyApplicationCallHandler$handleRequest$1$invokeSuspend$$inlined$execute$1.invoke(Pipeline.kt)
	at io.ktor.server.netty.NettyApplicationCallHandler$handleRequest$1$invokeSuspend$$inlined$execute$1.invoke(Pipeline.kt)
	at io.ktor.util.debug.ContextUtilsKt.initContextInDebugMode(ContextUtils.kt:19)
	at io.ktor.server.netty.NettyApplicationCallHandler$handleRequest$1.invokeSuspend(NettyApplicationCallHandler.kt:140)
	at io.ktor.server.netty.NettyApplicationCallHandler$handleRequest$1.invoke(NettyApplicationCallHandler.kt)
	at io.ktor.server.netty.NettyApplicationCallHandler$handleRequest$1.invoke(NettyApplicationCallHandler.kt)
	at kotlinx.coroutines.intrinsics.UndispatchedKt.startCoroutineUndispatched(Undispatched.kt:20)
	at kotlinx.coroutines.CoroutineStart.invoke(CoroutineStart.kt:360)
	at kotlinx.coroutines.AbstractCoroutine.start(AbstractCoroutine.kt:134)
	at kotlinx.coroutines.BuildersKt__Builders_commonKt.launch(Builders.common.kt:53)
	at kotlinx.coroutines.BuildersKt.launch(Unknown Source)
	at io.ktor.server.netty.NettyApplicationCallHandler.handleRequest(NettyApplicationCallHandler.kt:41)
	at io.ktor.server.netty.NettyApplicationCallHandler.channelRead(NettyApplicationCallHandler.kt:33)
	at io.netty.channel.AbstractChannelHandlerContext.fireChannelRead(AbstractChannelHandlerContext.java:356)
	at io.netty.channel.AbstractChannelHandlerContext.lambda$fireChannelRead$2(AbstractChannelHandlerContext.java:365)
	at io.netty.util.concurrent.AbstractEventExecutor.runTask(AbstractEventExecutor.java:148)
	at io.netty.util.concurrent.AbstractEventExecutor.safeExecute(AbstractEventExecutor.java:141)
	at io.netty.util.concurrent.SingleThreadEventExecutor.runAllTasks(SingleThreadEventExecutor.java:535)
	at io.netty.channel.SingleThreadIoEventLoop.run(SingleThreadIoEventLoop.java:201)
	at io.netty.util.concurrent.SingleThreadEventExecutor$5.run(SingleThreadEventExecutor.java:1193)
	at io.netty.util.internal.ThreadExecutorMap$2.run(ThreadExecutorMap.java:74)
	at io.netty.util.concurrent.FastThreadLocalRunnable.run(FastThreadLocalRunnable.java:30)
	at java.base/java.lang.Thread.run(Unknown Source)
2026-01-04 02:35:49.372 [DefaultDispatcher-worker-2] ERROR Application - 500 Internal Server Error: GET - /favicon.ico
java.lang.IllegalStateException: Serializing collections of different element types is not yet supported. Selected serializers: [kotlin.Boolean, kotlin.String]
	at io.ktor.serialization.kotlinx.SerializerLookupKt.elementSerializer(SerializerLookup.kt:64)
	at io.ktor.serialization.kotlinx.SerializerLookupKt.guessSerializer(SerializerLookup.kt:48)
	at io.ktor.serialization.kotlinx.KotlinxSerializationConverter.serialize(KotlinxSerializationConverter.kt:55)
	at io.ktor.server.plugins.contentnegotiation.ResponseConverterKt$convertResponseBody$1$2.invokeSuspend(ResponseConverter.kt:66)
	at io.ktor.server.plugins.contentnegotiation.ResponseConverterKt$convertResponseBody$1$2.invoke(ResponseConverter.kt)
	at io.ktor.server.plugins.contentnegotiation.ResponseConverterKt$convertResponseBody$1$2.invoke(ResponseConverter.kt)
	at io.ktor.server.application.OnCallRespondContext.transformBody(KtorCallContexts.kt:102)
	at io.ktor.server.plugins.contentnegotiation.ResponseConverterKt$convertResponseBody$1.invokeSuspend(ResponseConverter.kt:39)
	at io.ktor.server.plugins.contentnegotiation.ResponseConverterKt$convertResponseBody$1.invoke(ResponseConverter.kt)
	at io.ktor.server.plugins.contentnegotiation.ResponseConverterKt$convertResponseBody$1.invoke(ResponseConverter.kt)
	at io.ktor.server.application.PluginBuilder$onDefaultPhase$1.invokeSuspend(PluginBuilder.kt:245)
	at io.ktor.server.application.PluginBuilder$onDefaultPhase$1.invoke(PluginBuilder.kt)
	at io.ktor.server.application.PluginBuilder$onDefaultPhase$1.invoke(PluginBuilder.kt)
	at io.ktor.server.application.PluginBuilder$onDefaultPhaseWithMessage$1$1$1.invokeSuspend(PluginBuilder.kt:228)
	at io.ktor.server.application.PluginBuilder$onDefaultPhaseWithMessage$1$1$1.invoke(PluginBuilder.kt)
	at io.ktor.server.application.PluginBuilder$onDefaultPhaseWithMessage$1$1$1.invoke(PluginBuilder.kt)
	at io.ktor.util.debug.ContextUtilsKt.addToContextInDebugMode(ContextUtils.kt:34)
	at io.ktor.server.application.PluginBuilder$onDefaultPhaseWithMessage$1$1.invokeSuspend(PluginBuilder.kt:224)
	at io.ktor.server.application.PluginBuilder$onDefaultPhaseWithMessage$1$1.invoke(PluginBuilder.kt)
	at io.ktor.server.application.PluginBuilder$onDefaultPhaseWithMessage$1$1.invoke(PluginBuilder.kt)
	at io.ktor.util.pipeline.PipelineJvmKt.pipelineStartCoroutineUninterceptedOrReturn(PipelineJvm.kt:15)
	at io.ktor.util.pipeline.SuspendFunctionGun.loop(SuspendFunctionGun.kt:131)
	at io.ktor.util.pipeline.SuspendFunctionGun.proceed(SuspendFunctionGun.kt:89)
	at io.ktor.util.pipeline.SuspendFunctionGun.execute$ktor_utils(SuspendFunctionGun.kt:109)
	at io.ktor.util.pipeline.Pipeline.execute(Pipeline.kt:92)
	at io.ktor.server.application.PipelineCall.respond$suspendImpl(PipelineCall.kt:132)
	at io.ktor.server.application.PipelineCall.respond(PipelineCall.kt)
	at io.ktor.server.engine.BaseApplicationCall.respond(BaseApplicationCall.kt:16)
	at org.example.project.plugins.StatusPagesKt$configureStatusPages$1$3.invokeSuspend(StatusPages.kt:67)
	at org.example.project.plugins.StatusPagesKt$configureStatusPages$1$3.invoke(StatusPages.kt)
	at org.example.project.plugins.StatusPagesKt$configureStatusPages$1$3.invoke(StatusPages.kt)
	at io.ktor.server.plugins.statuspages.StatusPagesKt$StatusPages$2$2$1.invokeSuspend(StatusPages.kt:104)
	at io.ktor.server.plugins.statuspages.StatusPagesKt$StatusPages$2$2$1.invoke(StatusPages.kt)
	at io.ktor.server.plugins.statuspages.StatusPagesKt$StatusPages$2$2$1.invoke(StatusPages.kt)
	at io.ktor.server.plugins.calllogging.KtorMDCProvider$withMDCBlock$$inlined$withMDC$1.invokeSuspend(MDCEntryUtils.kt:22)
	at io.ktor.server.plugins.calllogging.KtorMDCProvider$withMDCBlock$$inlined$withMDC$1.invoke(MDCEntryUtils.kt)
	at io.ktor.server.plugins.calllogging.KtorMDCProvider$withMDCBlock$$inlined$withMDC$1.invoke(MDCEntryUtils.kt)
	at kotlinx.coroutines.intrinsics.UndispatchedKt.startUndspatched(Undispatched.kt:66)
	at kotlinx.coroutines.intrinsics.UndispatchedKt.startUndispatchedOrReturn(Undispatched.kt:43)
	at kotlinx.coroutines.BuildersKt__Builders_commonKt.withContext(Builders.common.kt:165)
	at kotlinx.coroutines.BuildersKt.withContext(Unknown Source)
	at io.ktor.server.plugins.calllogging.KtorMDCProvider.withMDCBlock(MDCProvider.kt:25)
	at io.ktor.server.plugins.statuspages.StatusPagesKt$StatusPages$2$2.invokeSuspend(StatusPages.kt:102)
	at io.ktor.server.plugins.statuspages.StatusPagesKt$StatusPages$2$2.invoke(StatusPages.kt)
	at io.ktor.server.plugins.statuspages.StatusPagesKt$StatusPages$2$2.invoke(StatusPages.kt)
	at io.ktor.server.application.hooks.CallFailed$install$1.invokeSuspend(CommonHooks.kt:52)
	at kotlin.coroutines.jvm.internal.BaseContinuationImpl.resumeWith(ContinuationImpl.kt:34)
	at kotlinx.coroutines.internal.ScopeCoroutine.afterResume(Scopes.kt:35)
	at kotlinx.coroutines.AbstractCoroutine.resumeWith(AbstractCoroutine.kt:101)
	at kotlin.coroutines.jvm.internal.BaseContinuationImpl.resumeWith(ContinuationImpl.kt:47)
	at kotlinx.coroutines.DispatchedTask.run(DispatchedTask.kt:98)
	at kotlinx.coroutines.scheduling.CoroutineScheduler.runSafely(CoroutineScheduler.kt:586)
	at kotlinx.coroutines.scheduling.CoroutineScheduler$Worker.executeTask(CoroutineScheduler.kt:829)
	at kotlinx.coroutines.scheduling.CoroutineScheduler$Worker.runWorker(CoroutineScheduler.kt:717)
	at kotlinx.coroutines.scheduling.CoroutineScheduler$Worker.run(CoroutineScheduler.kt:704)
2026-01-04 02:35:49.376 [DefaultDispatcher-worker-2] INFO  Application - HTTP GET /favicon.ico -> 500 Internal Server Error
2026-01-04 02:43:19.856 [eventLoopGroupProxy-4-3] INFO  io.ktor.server.plugins.cors.CORS - GET /health: Start handler
2026-01-04 02:43:19.857 [eventLoopGroupProxy-4-3] INFO  io.ktor.server.plugins.cors.CORS - GET /health: Skip CORS handler because request lacks the Origin header
2026-01-04 02:43:19.859 [eventLoopGroupProxy-4-3] INFO  Application - HTTP GET /health -> 200 OK
2026-01-04 02:43:20.088 [eventLoopGroupProxy-4-3] INFO  io.ktor.server.plugins.cors.CORS - GET /favicon.ico: Start handler
2026-01-04 02:43:20.089 [eventLoopGroupProxy-4-3] INFO  io.ktor.server.plugins.cors.CORS - GET /favicon.ico: Skip CORS handler because request lacks the Origin header
2026-01-04 02:43:20.103 [DefaultDispatcher-worker-4] ERROR Application - Unhandled exception
java.lang.IllegalStateException: Serializing collections of different element types is not yet supported. Selected serializers: [kotlin.Boolean, kotlin.String]
	at io.ktor.serialization.kotlinx.SerializerLookupKt.elementSerializer(SerializerLookup.kt:64)
	at io.ktor.serialization.kotlinx.SerializerLookupKt.guessSerializer(SerializerLookup.kt:48)
	at io.ktor.serialization.kotlinx.KotlinxSerializationConverter.serialize(KotlinxSerializationConverter.kt:55)
	at io.ktor.server.plugins.contentnegotiation.ResponseConverterKt$convertResponseBody$1$2.invokeSuspend(ResponseConverter.kt:66)
	at io.ktor.server.plugins.contentnegotiation.ResponseConverterKt$convertResponseBody$1$2.invoke(ResponseConverter.kt)
	at io.ktor.server.plugins.contentnegotiation.ResponseConverterKt$convertResponseBody$1$2.invoke(ResponseConverter.kt)
	at io.ktor.server.application.OnCallRespondContext.transformBody(KtorCallContexts.kt:102)
	at io.ktor.server.plugins.contentnegotiation.ResponseConverterKt$convertResponseBody$1.invokeSuspend(ResponseConverter.kt:39)
	at io.ktor.server.plugins.contentnegotiation.ResponseConverterKt$convertResponseBody$1.invoke(ResponseConverter.kt)
	at io.ktor.server.plugins.contentnegotiation.ResponseConverterKt$convertResponseBody$1.invoke(ResponseConverter.kt)
	at io.ktor.server.application.PluginBuilder$onDefaultPhase$1.invokeSuspend(PluginBuilder.kt:245)
	at io.ktor.server.application.PluginBuilder$onDefaultPhase$1.invoke(PluginBuilder.kt)
	at io.ktor.server.application.PluginBuilder$onDefaultPhase$1.invoke(PluginBuilder.kt)
	at io.ktor.server.application.PluginBuilder$onDefaultPhaseWithMessage$1$1$1.invokeSuspend(PluginBuilder.kt:228)
	at io.ktor.server.application.PluginBuilder$onDefaultPhaseWithMessage$1$1$1.invoke(PluginBuilder.kt)
	at io.ktor.server.application.PluginBuilder$onDefaultPhaseWithMessage$1$1$1.invoke(PluginBuilder.kt)
	at io.ktor.util.debug.ContextUtilsKt.addToContextInDebugMode(ContextUtils.kt:34)
	at io.ktor.server.application.PluginBuilder$onDefaultPhaseWithMessage$1$1.invokeSuspend(PluginBuilder.kt:224)
	at io.ktor.server.application.PluginBuilder$onDefaultPhaseWithMessage$1$1.invoke(PluginBuilder.kt)
	at io.ktor.server.application.PluginBuilder$onDefaultPhaseWithMessage$1$1.invoke(PluginBuilder.kt)
	at io.ktor.util.pipeline.PipelineJvmKt.pipelineStartCoroutineUninterceptedOrReturn(PipelineJvm.kt:15)
	at io.ktor.util.pipeline.SuspendFunctionGun.loop(SuspendFunctionGun.kt:131)
	at io.ktor.util.pipeline.SuspendFunctionGun.proceed(SuspendFunctionGun.kt:89)
	at io.ktor.util.pipeline.SuspendFunctionGun.execute$ktor_utils(SuspendFunctionGun.kt:109)
	at io.ktor.util.pipeline.Pipeline.execute(Pipeline.kt:92)
	at io.ktor.server.application.PipelineCall.respond$suspendImpl(PipelineCall.kt:132)
	at io.ktor.server.application.PipelineCall.respond(PipelineCall.kt)
	at io.ktor.server.engine.BaseApplicationCall.respond(BaseApplicationCall.kt:16)
	at org.example.project.plugins.StatusPagesKt$configureStatusPages$1$4.invokeSuspend(StatusPages.kt:67)
	at org.example.project.plugins.StatusPagesKt$configureStatusPages$1$4.invoke(StatusPages.kt)
	at org.example.project.plugins.StatusPagesKt$configureStatusPages$1$4.invoke(StatusPages.kt)
	at io.ktor.server.plugins.statuspages.StatusPagesConfig$status$1$1.invokeSuspend(StatusPages.kt:175)
	at io.ktor.server.plugins.statuspages.StatusPagesConfig$status$1$1.invoke(StatusPages.kt)
	at io.ktor.server.plugins.statuspages.StatusPagesConfig$status$1$1.invoke(StatusPages.kt)
	at io.ktor.server.plugins.statuspages.StatusPagesKt$StatusPages$2$1.invokeSuspend(StatusPages.kt:80)
	at io.ktor.server.plugins.statuspages.StatusPagesKt$StatusPages$2$1.invoke(StatusPages.kt)
	at io.ktor.server.plugins.statuspages.StatusPagesKt$StatusPages$2$1.invoke(StatusPages.kt)
	at io.ktor.server.application.hooks.ResponseBodyReadyForSend$install$1.invokeSuspend(CommonHooks.kt:114)
	at io.ktor.server.application.hooks.ResponseBodyReadyForSend$install$1.invoke(CommonHooks.kt)
	at io.ktor.server.application.hooks.ResponseBodyReadyForSend$install$1.invoke(CommonHooks.kt)
	at io.ktor.util.pipeline.PipelineJvmKt.pipelineStartCoroutineUninterceptedOrReturn(PipelineJvm.kt:15)
	at io.ktor.util.pipeline.SuspendFunctionGun.loop(SuspendFunctionGun.kt:131)
	at io.ktor.util.pipeline.SuspendFunctionGun.proceed(SuspendFunctionGun.kt:89)
	at io.ktor.util.pipeline.SuspendFunctionGun.proceedWith(SuspendFunctionGun.kt:99)
	at io.ktor.server.engine.DefaultTransformKt$installDefaultTransformations$1.invokeSuspend(DefaultTransform.kt:31)
	at io.ktor.server.engine.DefaultTransformKt$installDefaultTransformations$1.invoke(DefaultTransform.kt)
	at io.ktor.server.engine.DefaultTransformKt$installDefaultTransformations$1.invoke(DefaultTransform.kt)
	at io.ktor.util.pipeline.PipelineJvmKt.pipelineStartCoroutineUninterceptedOrReturn(PipelineJvm.kt:15)
	at io.ktor.util.pipeline.SuspendFunctionGun.loop(SuspendFunctionGun.kt:131)
	at io.ktor.util.pipeline.SuspendFunctionGun.proceed(SuspendFunctionGun.kt:89)
	at io.ktor.util.pipeline.SuspendFunctionGun.execute$ktor_utils(SuspendFunctionGun.kt:109)
	at io.ktor.util.pipeline.Pipeline.execute(Pipeline.kt:92)
	at io.ktor.server.application.PipelineCall.respond$suspendImpl(PipelineCall.kt:132)
	at io.ktor.server.application.PipelineCall.respond(PipelineCall.kt)
	at io.ktor.server.engine.BaseApplicationCall.respond(BaseApplicationCall.kt:16)
	at io.ktor.server.engine.BaseApplicationEngineKt$installDefaultInterceptors$1.invokeSuspend(BaseApplicationEngine.kt:138)
	at io.ktor.server.engine.BaseApplicationEngineKt$installDefaultInterceptors$1.invoke(BaseApplicationEngine.kt)
	at io.ktor.server.engine.BaseApplicationEngineKt$installDefaultInterceptors$1.invoke(BaseApplicationEngine.kt)
	at io.ktor.util.pipeline.PipelineJvmKt.pipelineStartCoroutineUninterceptedOrReturn(PipelineJvm.kt:15)
	at io.ktor.util.pipeline.SuspendFunctionGun.loop(SuspendFunctionGun.kt:131)
	at io.ktor.util.pipeline.SuspendFunctionGun.proceed(SuspendFunctionGun.kt:89)
	at io.ktor.server.engine.BaseApplicationEngineKt$installDefaultTransformationChecker$1.invokeSuspend(BaseApplicationEngine.kt:119)
	at io.ktor.server.engine.BaseApplicationEngineKt$installDefaultTransformationChecker$1.invoke(BaseApplicationEngine.kt)
	at io.ktor.server.engine.BaseApplicationEngineKt$installDefaultTransformationChecker$1.invoke(BaseApplicationEngine.kt)
	at io.ktor.util.pipeline.PipelineJvmKt.pipelineStartCoroutineUninterceptedOrReturn(PipelineJvm.kt:15)
	at io.ktor.util.pipeline.SuspendFunctionGun.loop(SuspendFunctionGun.kt:131)
	at io.ktor.util.pipeline.SuspendFunctionGun.proceed(SuspendFunctionGun.kt:89)
	at io.ktor.server.application.hooks.CallFailed$install$1$1.invokeSuspend(CommonHooks.kt:49)
	at io.ktor.server.application.hooks.CallFailed$install$1$1.invoke(CommonHooks.kt)
	at io.ktor.server.application.hooks.CallFailed$install$1$1.invoke(CommonHooks.kt)
	at kotlinx.coroutines.intrinsics.UndispatchedKt.startUndspatched(Undispatched.kt:66)
	at kotlinx.coroutines.intrinsics.UndispatchedKt.startUndispatchedOrReturn(Undispatched.kt:43)
	at kotlinx.coroutines.CoroutineScopeKt.coroutineScope(CoroutineScope.kt:286)
	at io.ktor.server.application.hooks.CallFailed$install$1.invokeSuspend(CommonHooks.kt:48)
	at io.ktor.server.application.hooks.CallFailed$install$1.invoke(CommonHooks.kt)
	at io.ktor.server.application.hooks.CallFailed$install$1.invoke(CommonHooks.kt)
	at io.ktor.util.pipeline.PipelineJvmKt.pipelineStartCoroutineUninterceptedOrReturn(PipelineJvm.kt:15)
	at io.ktor.util.pipeline.SuspendFunctionGun.loop(SuspendFunctionGun.kt:131)
	at io.ktor.util.pipeline.SuspendFunctionGun.proceed(SuspendFunctionGun.kt:89)
	at io.ktor.util.pipeline.SuspendFunctionGun.execute$ktor_utils(SuspendFunctionGun.kt:109)
	at io.ktor.util.pipeline.Pipeline.execute(Pipeline.kt:92)
	at io.ktor.server.engine.DefaultEnginePipelineKt$defaultEnginePipeline$1$invokeSuspend$$inlined$execute$1.invokeSuspend(Pipeline.kt:510)
	at io.ktor.server.engine.DefaultEnginePipelineKt$defaultEnginePipeline$1$invokeSuspend$$inlined$execute$1.invoke(Pipeline.kt)
	at io.ktor.server.engine.DefaultEnginePipelineKt$defaultEnginePipeline$1$invokeSuspend$$inlined$execute$1.invoke(Pipeline.kt)
	at io.ktor.util.debug.ContextUtilsKt.initContextInDebugMode(ContextUtils.kt:19)
	at io.ktor.server.engine.DefaultEnginePipelineKt$defaultEnginePipeline$1.invokeSuspend(DefaultEnginePipeline.kt:136)
	at io.ktor.server.engine.DefaultEnginePipelineKt$defaultEnginePipeline$1.invoke(DefaultEnginePipeline.kt)
	at io.ktor.server.engine.DefaultEnginePipelineKt$defaultEnginePipeline$1.invoke(DefaultEnginePipeline.kt)
	at io.ktor.util.pipeline.PipelineJvmKt.pipelineStartCoroutineUninterceptedOrReturn(PipelineJvm.kt:15)
	at io.ktor.util.pipeline.SuspendFunctionGun.loop(SuspendFunctionGun.kt:131)
	at io.ktor.util.pipeline.SuspendFunctionGun.proceed(SuspendFunctionGun.kt:89)
	at io.ktor.server.engine.BaseApplicationResponse$Companion$setupFallbackResponse$1.invokeSuspend(BaseApplicationResponse.kt:349)
	at io.ktor.server.engine.BaseApplicationResponse$Companion$setupFallbackResponse$1.invoke(BaseApplicationResponse.kt)
	at io.ktor.server.engine.BaseApplicationResponse$Companion$setupFallbackResponse$1.invoke(BaseApplicationResponse.kt)
	at io.ktor.util.pipeline.PipelineJvmKt.pipelineStartCoroutineUninterceptedOrReturn(PipelineJvm.kt:15)
	at io.ktor.util.pipeline.SuspendFunctionGun.loop(SuspendFunctionGun.kt:131)
	at io.ktor.util.pipeline.SuspendFunctionGun.proceed(SuspendFunctionGun.kt:89)
	at io.ktor.util.pipeline.SuspendFunctionGun.execute$ktor_utils(SuspendFunctionGun.kt:109)
	at io.ktor.util.pipeline.Pipeline.execute(Pipeline.kt:92)
	at io.ktor.server.netty.NettyApplicationCallHandler$handleRequest$1$invokeSuspend$$inlined$execute$1.invokeSuspend(Pipeline.kt:510)
	at io.ktor.server.netty.NettyApplicationCallHandler$handleRequest$1$invokeSuspend$$inlined$execute$1.invoke(Pipeline.kt)
	at io.ktor.server.netty.NettyApplicationCallHandler$handleRequest$1$invokeSuspend$$inlined$execute$1.invoke(Pipeline.kt)
	at io.ktor.util.debug.ContextUtilsKt.initContextInDebugMode(ContextUtils.kt:19)
	at io.ktor.server.netty.NettyApplicationCallHandler$handleRequest$1.invokeSuspend(NettyApplicationCallHandler.kt:140)
	at io.ktor.server.netty.NettyApplicationCallHandler$handleRequest$1.invoke(NettyApplicationCallHandler.kt)
	at io.ktor.server.netty.NettyApplicationCallHandler$handleRequest$1.invoke(NettyApplicationCallHandler.kt)
	at kotlinx.coroutines.intrinsics.UndispatchedKt.startCoroutineUndispatched(Undispatched.kt:20)
	at kotlinx.coroutines.CoroutineStart.invoke(CoroutineStart.kt:360)
	at kotlinx.coroutines.AbstractCoroutine.start(AbstractCoroutine.kt:134)
	at kotlinx.coroutines.BuildersKt__Builders_commonKt.launch(Builders.common.kt:53)
	at kotlinx.coroutines.BuildersKt.launch(Unknown Source)
	at io.ktor.server.netty.NettyApplicationCallHandler.handleRequest(NettyApplicationCallHandler.kt:41)
	at io.ktor.server.netty.NettyApplicationCallHandler.channelRead(NettyApplicationCallHandler.kt:33)
	at io.netty.channel.AbstractChannelHandlerContext.fireChannelRead(AbstractChannelHandlerContext.java:356)
	at io.netty.channel.AbstractChannelHandlerContext.lambda$fireChannelRead$2(AbstractChannelHandlerContext.java:365)
	at io.netty.util.concurrent.AbstractEventExecutor.runTask(AbstractEventExecutor.java:148)
	at io.netty.util.concurrent.AbstractEventExecutor.safeExecute(AbstractEventExecutor.java:141)
	at io.netty.util.concurrent.SingleThreadEventExecutor.runAllTasks(SingleThreadEventExecutor.java:535)
	at io.netty.channel.SingleThreadIoEventLoop.run(SingleThreadIoEventLoop.java:201)
	at io.netty.util.concurrent.SingleThreadEventExecutor$5.run(SingleThreadEventExecutor.java:1193)
	at io.netty.util.internal.ThreadExecutorMap$2.run(ThreadExecutorMap.java:74)
	at io.netty.util.concurrent.FastThreadLocalRunnable.run(FastThreadLocalRunnable.java:30)
	at java.base/java.lang.Thread.run(Unknown Source)
2026-01-04 02:43:20.109 [DefaultDispatcher-worker-4] ERROR Application - 500 Internal Server Error: GET - /favicon.ico
java.lang.IllegalStateException: Serializing collections of different element types is not yet supported. Selected serializers: [kotlin.Boolean, kotlin.String]
	at io.ktor.serialization.kotlinx.SerializerLookupKt.elementSerializer(SerializerLookup.kt:64)
	at io.ktor.serialization.kotlinx.SerializerLookupKt.guessSerializer(SerializerLookup.kt:48)
	at io.ktor.serialization.kotlinx.KotlinxSerializationConverter.serialize(KotlinxSerializationConverter.kt:55)
	at io.ktor.server.plugins.contentnegotiation.ResponseConverterKt$convertResponseBody$1$2.invokeSuspend(ResponseConverter.kt:66)
	at io.ktor.server.plugins.contentnegotiation.ResponseConverterKt$convertResponseBody$1$2.invoke(ResponseConverter.kt)
	at io.ktor.server.plugins.contentnegotiation.ResponseConverterKt$convertResponseBody$1$2.invoke(ResponseConverter.kt)
	at io.ktor.server.application.OnCallRespondContext.transformBody(KtorCallContexts.kt:102)
	at io.ktor.server.plugins.contentnegotiation.ResponseConverterKt$convertResponseBody$1.invokeSuspend(ResponseConverter.kt:39)
	at io.ktor.server.plugins.contentnegotiation.ResponseConverterKt$convertResponseBody$1.invoke(ResponseConverter.kt)
	at io.ktor.server.plugins.contentnegotiation.ResponseConverterKt$convertResponseBody$1.invoke(ResponseConverter.kt)
	at io.ktor.server.application.PluginBuilder$onDefaultPhase$1.invokeSuspend(PluginBuilder.kt:245)
	at io.ktor.server.application.PluginBuilder$onDefaultPhase$1.invoke(PluginBuilder.kt)
	at io.ktor.server.application.PluginBuilder$onDefaultPhase$1.invoke(PluginBuilder.kt)
	at io.ktor.server.application.PluginBuilder$onDefaultPhaseWithMessage$1$1$1.invokeSuspend(PluginBuilder.kt:228)
	at io.ktor.server.application.PluginBuilder$onDefaultPhaseWithMessage$1$1$1.invoke(PluginBuilder.kt)
	at io.ktor.server.application.PluginBuilder$onDefaultPhaseWithMessage$1$1$1.invoke(PluginBuilder.kt)
	at io.ktor.util.debug.ContextUtilsKt.addToContextInDebugMode(ContextUtils.kt:34)
	at io.ktor.server.application.PluginBuilder$onDefaultPhaseWithMessage$1$1.invokeSuspend(PluginBuilder.kt:224)
	at io.ktor.server.application.PluginBuilder$onDefaultPhaseWithMessage$1$1.invoke(PluginBuilder.kt)
	at io.ktor.server.application.PluginBuilder$onDefaultPhaseWithMessage$1$1.invoke(PluginBuilder.kt)
	at io.ktor.util.pipeline.PipelineJvmKt.pipelineStartCoroutineUninterceptedOrReturn(PipelineJvm.kt:15)
	at io.ktor.util.pipeline.SuspendFunctionGun.loop(SuspendFunctionGun.kt:131)
	at io.ktor.util.pipeline.SuspendFunctionGun.proceed(SuspendFunctionGun.kt:89)
	at io.ktor.util.pipeline.SuspendFunctionGun.execute$ktor_utils(SuspendFunctionGun.kt:109)
	at io.ktor.util.pipeline.Pipeline.execute(Pipeline.kt:92)
	at io.ktor.server.application.PipelineCall.respond$suspendImpl(PipelineCall.kt:132)
	at io.ktor.server.application.PipelineCall.respond(PipelineCall.kt)
	at io.ktor.server.engine.BaseApplicationCall.respond(BaseApplicationCall.kt:16)
	at org.example.project.plugins.StatusPagesKt$configureStatusPages$1$3.invokeSuspend(StatusPages.kt:67)
	at org.example.project.plugins.StatusPagesKt$configureStatusPages$1$3.invoke(StatusPages.kt)
	at org.example.project.plugins.StatusPagesKt$configureStatusPages$1$3.invoke(StatusPages.kt)
	at io.ktor.server.plugins.statuspages.StatusPagesKt$StatusPages$2$2$1.invokeSuspend(StatusPages.kt:104)
	at io.ktor.server.plugins.statuspages.StatusPagesKt$StatusPages$2$2$1.invoke(StatusPages.kt)
	at io.ktor.server.plugins.statuspages.StatusPagesKt$StatusPages$2$2$1.invoke(StatusPages.kt)
	at io.ktor.server.plugins.calllogging.KtorMDCProvider$withMDCBlock$$inlined$withMDC$1.invokeSuspend(MDCEntryUtils.kt:22)
	at io.ktor.server.plugins.calllogging.KtorMDCProvider$withMDCBlock$$inlined$withMDC$1.invoke(MDCEntryUtils.kt)
	at io.ktor.server.plugins.calllogging.KtorMDCProvider$withMDCBlock$$inlined$withMDC$1.invoke(MDCEntryUtils.kt)
	at kotlinx.coroutines.intrinsics.UndispatchedKt.startUndspatched(Undispatched.kt:66)
	at kotlinx.coroutines.intrinsics.UndispatchedKt.startUndispatchedOrReturn(Undispatched.kt:43)
	at kotlinx.coroutines.BuildersKt__Builders_commonKt.withContext(Builders.common.kt:165)
	at kotlinx.coroutines.BuildersKt.withContext(Unknown Source)
	at io.ktor.server.plugins.calllogging.KtorMDCProvider.withMDCBlock(MDCProvider.kt:25)
	at io.ktor.server.plugins.statuspages.StatusPagesKt$StatusPages$2$2.invokeSuspend(StatusPages.kt:102)
	at io.ktor.server.plugins.statuspages.StatusPagesKt$StatusPages$2$2.invoke(StatusPages.kt)
	at io.ktor.server.plugins.statuspages.StatusPagesKt$StatusPages$2$2.invoke(StatusPages.kt)
	at io.ktor.server.application.hooks.CallFailed$install$1.invokeSuspend(CommonHooks.kt:52)
	at kotlin.coroutines.jvm.internal.BaseContinuationImpl.resumeWith(ContinuationImpl.kt:34)
	at kotlinx.coroutines.internal.ScopeCoroutine.afterResume(Scopes.kt:35)
	at kotlinx.coroutines.AbstractCoroutine.resumeWith(AbstractCoroutine.kt:101)
	at kotlin.coroutines.jvm.internal.BaseContinuationImpl.resumeWith(ContinuationImpl.kt:47)
	at kotlinx.coroutines.DispatchedTask.run(DispatchedTask.kt:98)
	at kotlinx.coroutines.scheduling.CoroutineScheduler.runSafely(CoroutineScheduler.kt:586)
	at kotlinx.coroutines.scheduling.CoroutineScheduler$Worker.executeTask(CoroutineScheduler.kt:829)
	at kotlinx.coroutines.scheduling.CoroutineScheduler$Worker.runWorker(CoroutineScheduler.kt:717)
	at kotlinx.coroutines.scheduling.CoroutineScheduler$Worker.run(CoroutineScheduler.kt:704)
2026-01-04 02:43:20.126 [DefaultDispatcher-worker-4] INFO  Application - HTTP GET /favicon.ico -> 500 Internal Server Error
